sura	n_verses	n_tokens	n_letters	mean_vlen	sd_vlen	cv_vlen	mean_wordlen	vlen_ac1	dom_final_frac	final_entropy	dom_final2_frac	longest_rhyme_run	rhyme_change_rate	letter_entropy	vocab	ttr	hapax_frac	top1_content_frac	repeat_rate	lex_entropy	bigram_repeat
1	7	29	143	4.1429	2.0996	0.5068	4.931	-0.2302	0.5714	0.9852	0.5714	2	0.8333	3.8083	26	0.8966	0.8846	0.0769	0.1034	4.6511	0.037
2	286	6140	26249	21.4685	14.1801	0.6605	4.2751	0.1754	0.6748	1.4587	0.451	49	0.3965	4.1214	2261	0.3682	0.667	0.0075	0.6318	9.7318	0.131
3	200	3501	14985	17.505	9.3654	0.535	4.2802	0.0128	0.6	1.8872	0.31	24	0.4623	4.088	1463	0.4179	0.6979	0.011	0.5821	9.271	0.1127
4	176	3765	16342	21.392	12.7422	0.5957	4.3405	0.2159	0.9602	0.2869	0.2898	131	0.0457	4.0965	1510	0.4011	0.6815	0.0116	0.5989	9.2777	0.1239
5	120	2837	12206	23.6417	12.7833	0.5407	4.3024	0.1071	0.6667	1.4886	0.35	13	0.3782	4.0922	1242	0.4378	0.7005	0.0091	0.5622	9.1724	0.1101
6	165	3056	12726	18.5212	9.1999	0.4967	4.1643	0.0528	0.8727	0.7401	0.5455	20	0.2195	4.1686	1352	0.4424	0.6916	0.0123	0.5576	9.3532	0.0962
7	206	3341	14435	16.2184	9.2839	0.5724	4.3206	0.2279	0.9369	0.4022	0.4806	42	0.122	4.1448	1547	0.463	0.7175	0.0081	0.537	9.5814	0.0921
8	75	1242	5387	16.56	7.3779	0.4455	4.3374	0.0038	0.52	1.8547	0.32	7	0.4459	4.0943	635	0.5113	0.7339	0.0137	0.4887	8.4851	0.0829
9	129	2505	11115	19.4186	7.5346	0.388	4.4371	0.0098	0.6667	1.1709	0.4186	19	0.3203	4.0925	1118	0.4463	0.7102	0.0107	0.5537	9.0502	0.1063
10	109	1839	7589	16.8716	8.0664	0.4781	4.1267	0.0484	0.8991	0.5162	0.5413	38	0.1667	4.1025	881	0.4791	0.7128	0.0104	0.5209	8.8346	0.0835
11	123	1946	7817	15.8211	6.7101	0.4241	4.017	0.0509	0.4553	2.5053	0.2276	13	0.4426	4.1357	927	0.4764	0.7217	0.0166	0.5236	8.9477	0.0908
12	111	1795	7307	16.1712	7.7015	0.4762	4.0708	0.1506	0.8378	0.7697	0.4234	18	0.3	4.1276	915	0.5097	0.7202	0.015	0.4903	9.0042	0.087
13	43	853	3545	19.8372	10.2547	0.5169	4.1559	0.1069	0.3488	2.4816	0.3256	5	0.6429	4.1408	508	0.5955	0.7933	0.0116	0.4045	8.3703	0.0635
14	52	830	3539	15.9615	8.3918	0.5257	4.2639	0.4022	0.2115	2.9547	0.1923	4	0.6078	4.1441	503	0.606	0.7773	0.0101	0.394	8.3548	0.0474
15	99	657	2882	6.6364	2.5244	0.3804	4.3866	0.1046	0.8182	0.7755	0.4949	20	0.2959	4.0758	426	0.6484	0.8052	0.0169	0.3516	8.2371	0.0333
16	128	1844	7832	14.4062	5.9285	0.4115	4.2473	0.2612	0.8594	0.6566	0.6641	28	0.2756	4.14	915	0.4962	0.7213	0.0077	0.5038	8.9215	0.1001
17	111	1558	6643	14.036	4.8601	0.3463	4.2638	-0.1155	0.991	0.0741	0.4505	110	0.0091	4.1659	882	0.5661	0.7506	0.0085	0.4339	9.1261	0.0593
18	110	1583	6552	14.3909	7.3868	0.5133	4.139	0.1703	0.9909	0.0747	0.2545	97	0.0183	4.2226	909	0.5742	0.7569	0.0091	0.4258	9.1938	0.0477
19	98	971	3935	9.9082	4.1406	0.4179	4.0525	0.1214	0.9184	0.5139	0.6735	58	0.0515	4.1274	585	0.6025	0.7521	0.0146	0.3975	8.667	0.0485
20	135	1353	5399	10.0222	5.8176	0.5805	3.9904	0.2401	0.637	1.3945	0.1037	29	0.1791	4.2167	804	0.5942	0.7923	0.0158	0.4058	8.9768	0.0358
21	112	1174	5094	10.4821	3.8219	0.3646	4.339	0.0652	0.9464	0.3014	0.5446	55	0.1081	4.112	670	0.5707	0.7522	0.0135	0.4293	8.7884	0.0499
22	78	1279	5314	16.3974	9.7209	0.5928	4.1548	-0.0511	0.3205	2.6925	0.2179	4	0.7273	4.1427	691	0.5403	0.7742	0.0153	0.4597	8.5105	0.0813
23	118	1052	4483	8.9153	4.8496	0.544	4.2614	0.075	0.9661	0.2136	0.6864	50	0.0684	4.1451	618	0.5875	0.7557	0.014	0.4125	8.7333	0.0616
24	64	1319	5754	20.6094	14.4402	0.7007	4.3624	0.0145	0.4844	1.6364	0.3594	10	0.4603	4.14	672	0.5095	0.7292	0.0109	0.4905	8.5602	0.0971
25	77	896	3878	11.6364	4.1464	0.3563	4.3281	0.1468	0.987	0.1	0.5584	60	0.0263	4.1218	572	0.6384	0.7587	0.0099	0.3616	8.7648	0.0278
26	227	1320	5630	5.815	2.6864	0.462	4.2652	0.054	0.8502	0.6876	0.511	19	0.2566	4.0802	642	0.4864	0.7336	0.0171	0.5136	8.4872	0.0831
27	93	1159	4790	12.4624	5.3972	0.4331	4.1329	0.2559	0.9032	0.4587	0.5376	37	0.1739	4.1398	675	0.5824	0.7689	0.0092	0.4176	8.7959	0.0551
28	88	1438	5930	16.3409	6.7536	0.4133	4.1238	0.1193	0.9205	0.5244	0.4773	50	0.1149	4.1298	787	0.5473	0.7459	0.0172	0.4527	8.8345	0.0659
29	69	978	4317	14.1739	6.0192	0.4247	4.4141	-0.1082	0.8551	0.7247	0.4928	17	0.2353	4.0449	573	0.5859	0.7574	0.0088	0.4141	8.5035	0.0657
30	60	817	3472	13.6167	6.2984	0.4626	4.2497	0.2783	0.9	0.5608	0.75	22	0.1525	4.1621	450	0.5508	0.7467	0.0141	0.4492	8.112	0.0847
31	34	550	2171	16.1765	7.7743	0.4806	3.9473	0.4044	0.4706	1.8624	0.2647	8	0.3939	4.1313	339	0.6164	0.8024	0.0137	0.3836	7.8063	0.0533
32	30	372	1563	12.4	4.8346	0.3899	4.2016	0.1984	0.9	0.5608	0.7333	16	0.1724	4.1024	278	0.7473	0.8417	0.0147	0.2527	7.8305	0.0109
33	73	1303	5788	17.8493	11.3568	0.6363	4.4421	0.2776	0.9863	0.1044	0.2877	69	0.0278	4.0502	687	0.5272	0.754	0.0186	0.4728	8.5276	0.0854
34	54	884	3594	16.3704	7.1707	0.438	4.0656	0.0294	0.4074	2.25	0.2037	16	0.4717	4.1374	513	0.5803	0.768	0.0114	0.4197	8.373	0.0612
35	45	778	3238	17.2889	8.3337	0.482	4.162	0.3152	0.6444	1.7131	0.3556	9	0.3409	4.1687	481	0.6183	0.8025	0.0092	0.3817	8.274	0.0466
36	83	730	3068	8.7952	3.5424	0.4028	4.2027	0.1755	0.8434	0.6875	0.6627	19	0.2195	4.1144	454	0.6219	0.7709	0.0113	0.3781	8.3287	0.0373
37	182	865	3899	4.7527	2.3439	0.4932	4.5075	0.0138	0.7967	1.0151	0.456	23	0.2762	4.0992	531	0.6139	0.7759	0.0089	0.3861	8.5622	0.0601
38	88	735	3065	8.3523	4.9498	0.5926	4.1701	0.3519	0.3977	2.4712	0.3977	9	0.4483	4.1725	474	0.6449	0.789	0.0248	0.3551	8.4332	0.043
39	75	1177	4869	15.6933	7.9649	0.5075	4.1368	0.2333	0.7067	1.5795	0.44	13	0.3649	4.1719	635	0.5395	0.7354	0.0097	0.4605	8.547	0.0782
40	85	1226	5108	14.4235	6.8931	0.4779	4.1664	0.1014	0.3765	2.4132	0.2824	29	0.5119	4.1309	661	0.5392	0.7247	0.0093	0.4608	8.6395	0.0869
41	54	794	3365	14.7037	6.5761	0.4472	4.238	0.1309	0.5556	2.1464	0.3889	18	0.3962	4.1429	507	0.6385	0.785	0.0104	0.3615	8.4884	0.0411
42	53	860	3522	16.2264	7.6815	0.4734	4.0953	0.4222	0.3774	2.5654	0.2453	5	0.6538	4.1445	459	0.5337	0.7603	0.0188	0.4663	8.0877	0.0877
43	89	836	3609	9.3933	3.9792	0.4236	4.317	0.2	0.8764	0.5939	0.5843	18	0.2159	4.1495	539	0.6447	0.7662	0.0109	0.3553	8.6734	0.0323
44	59	346	1474	5.8644	2.1975	0.3747	4.2601	0.2671	0.7458	0.8179	0.4237	15	0.2931	4.0683	241	0.6965	0.7967	0.0154	0.3035	7.6056	0.0299
45	37	488	2085	13.1892	5.2083	0.3949	4.2725	0.1653	0.8108	0.6998	0.5405	25	0.1667	4.0871	312	0.6393	0.7788	0.0174	0.3607	7.8423	0.0432
46	35	645	2667	18.4286	8.2368	0.447	4.1349	-0.043	0.7429	0.9518	0.3714	9	0.3824	4.1079	414	0.6419	0.7899	0.0131	0.3581	8.2053	0.039
47	38	542	2423	14.2632	8.753	0.6137	4.4705	0.0393	0.9474	0.2975	0.6842	14	0.1081	4.1033	338	0.6236	0.787	0.0182	0.3764	7.8638	0.0695
48	29	560	2510	19.3103	11.4051	0.5906	4.4821	0.2649	1.0	-0.0	0.4483	29	0.0	4.1868	361	0.6446	0.7673	0.0187	0.3554	8.0341	0.0579
49	18	353	1533	19.6111	8.7187	0.4446	4.3428	-0.1269	0.5556	1.2327	0.3889	3	0.7647	4.0171	216	0.6119	0.787	0.0254	0.3881	7.1941	0.0568
50	45	373	1507	8.2889	2.903	0.3502	4.0402	0.1661	0.6	1.8553	0.5333	11	0.5227	4.2435	278	0.7453	0.8489	0.024	0.2547	7.8012	0.0137
51	60	360	1546	6.0	2.3594	0.3932	4.2944	0.5997	0.7	1.4901	0.4	11	0.2712	4.1188	262	0.7278	0.8015	0.0255	0.2722	7.7758	0.0199
52	49	312	1324	6.3673	2.9945	0.4703	4.2436	0.3327	0.6122	1.6897	0.4694	15	0.3333	4.1177	236	0.7564	0.8559	0.0664	0.2436	7.5777	0.0265
53	62	360	1433	5.8065	5.3214	0.9165	3.9806	0.2893	0.8548	0.8198	0.1613	27	0.1148	4.1759	244	0.6778	0.8074	0.0236	0.3222	7.5374	0.0231
54	55	342	1469	6.2182	1.7959	0.2888	4.2953	-0.1551	1.0	-0.0	0.2	55	0.0	4.2996	230	0.6725	0.8043	0.0379	0.3275	7.4756	0.0576
55	78	352	1647	4.5128	2.1348	0.4731	4.679	-0.0093	0.8846	0.6041	0.8462	30	0.1688	4.0259	176	0.5	0.7898	0.0994	0.5	6.3195	0.0879
56	96	379	1756	3.9479	1.4816	0.3753	4.6332	0.3461	0.5729	1.8906	0.3438	18	0.3684	4.1002	269	0.7098	0.8327	0.0294	0.2902	7.7179	0.0451
57	29	575	2545	19.8276	9.0936	0.4586	4.4261	-0.1159	0.3793	2.0	0.3448	4	0.6429	4.1125	362	0.6296	0.7707	0.0144	0.3704	8.0403	0.056
58	22	475	2046	21.5909	11.1137	0.5147	4.3074	0.178	0.5455	1.7602	0.4091	8	0.5238	4.0527	272	0.5726	0.7206	0.016	0.4274	7.5323	0.095
59	24	447	1970	18.625	8.3756	0.4497	4.4072	-0.0008	0.5833	1.5988	0.4583	6	0.5652	4.0787	297	0.6644	0.8047	0.0097	0.3356	7.7157	0.0754
60	13	352	1560	27.0769	15.3094	0.5654	4.4318	-0.3586	0.3077	2.1039	0.3077	2	0.8333	4.0455	238	0.6761	0.7941	0.0163	0.3239	7.5258	0.0549
61	14	226	966	16.1429	8.2968	0.514	4.2743	0.1277	0.7143	1.0949	0.3571	5	0.5385	4.0632	154	0.6814	0.7662	0.0192	0.3186	6.9595	0.0887
62	11	177	768	16.0909	5.2993	0.3293	4.339	-0.2269	0.7273	0.8454	0.4545	7	0.3	4.0085	133	0.7514	0.812	0.025	0.2486	6.8502	0.0353
63	11	181	801	16.4545	3.7505	0.2279	4.4254	-0.255	1.0	-0.0	0.8182	11	0.0	4.0642	138	0.7624	0.8261	0.0244	0.2376	6.8863	0.0227
64	18	242	1091	13.4444	4.9466	0.3679	4.5083	-0.3692	0.3889	1.7223	0.3889	4	0.5882	4.0755	182	0.7521	0.8297	0.0173	0.2479	7.279	0.0388
65	12	289	1203	24.0833	9.5259	0.3955	4.1626	0.2064	0.9167	0.4138	0.6667	6	0.1818	4.1556	203	0.7024	0.8227	0.0197	0.2976	7.229	0.0362
66	12	254	1105	21.1667	9.4325	0.4456	4.3504	-0.5286	0.4167	1.7842	0.3333	3	0.4545	4.0871	196	0.7717	0.8673	0.0255	0.2283	7.3527	0.0332
67	30	333	1347	11.1	3.166	0.2852	4.045	0.179	0.7	1.1106	0.4333	21	0.1379	4.1858	222	0.6667	0.8063	0.0167	0.3333	7.4192	0.0379
68	52	301	1289	5.7885	2.8034	0.4843	4.2824	0.0375	0.8077	0.7063	0.4808	13	0.2745	4.1802	227	0.7542	0.8326	0.0219	0.2458	7.5803	0.0135
69	52	260	1133	5.0	2.3534	0.4707	4.3577	0.254	0.4423	1.8702	0.3077	18	0.2745	4.2313	202	0.7769	0.8218	0.0144	0.2231	7.4817	0.0157
70	44	217	971	4.9318	2.3002	0.4664	4.4747	0.2533	0.4773	2.3993	0.3182	12	0.3256	4.1478	176	0.8111	0.8864	0.0417	0.1889	7.2619	0.024
71	28	227	965	8.1071	4.0119	0.4949	4.2511	-0.1849	0.8571	0.7076	0.6071	24	0.0741	4.0345	171	0.7533	0.8538	0.0241	0.2467	7.1745	0.0273
72	28	286	1109	10.2143	2.4692	0.2417	3.8776	0.1885	1.0	-0.0	0.6786	28	0.0	4.0666	200	0.6993	0.8	0.037	0.3007	7.3395	0.0441
73	20	200	854	10.0	15.7162	1.5716	4.27	0.3357	0.9	0.569	0.75	18	0.1053	4.1374	157	0.785	0.8471	0.0263	0.215	7.0843	0.0153
74	56	256	1035	4.5714	7.2626	1.5887	4.043	-0.0519	0.5536	1.8438	0.1607	20	0.2	4.2173	192	0.75	0.8281	0.0211	0.25	7.3548	0.0366
75	40	164	676	4.1	1.1576	0.2823	4.122	0.3238	0.25	2.3697	0.15	10	0.2308	4.156	123	0.75	0.8293	0.0455	0.25	6.714	0.0516
76	31	243	1087	7.8387	2.0335	0.2594	4.4733	0.0343	1.0	-0.0	0.6452	31	0.0	4.1684	195	0.8025	0.8872	0.016	0.1975	7.3976	0.0084
77	50	181	841	3.62	1.2632	0.3489	4.6464	0.1073	0.56	2.029	0.34	17	0.2245	4.0301	129	0.7127	0.845	0.0649	0.2873	6.6342	0.0449
78	40	174	796	4.35	3.0294	0.6964	4.5747	0.6626	0.875	0.6338	0.425	35	0.0769	4.037	146	0.8391	0.8836	0.029	0.1609	7.06	0.0058
79	46	179	785	3.8913	1.6316	0.4193	4.3855	0.3969	0.413	1.6382	0.2391	12	0.1778	4.2063	153	0.8547	0.8693	0.0199	0.1453	7.1625	0.0114
80	42	133	552	3.1667	0.998	0.3152	4.1504	0.1184	0.3095	2.0821	0.2143	10	0.2195	4.3726	116	0.8722	0.9052	0.0278	0.1278	6.7518	0.0
81	29	104	435	3.5862	1.2462	0.3475	4.1827	0.3515	0.4828	1.7525	0.2759	14	0.25	4.1421	83	0.7981	0.9157	0.1294	0.2019	6.082	0.0098
82	19	81	333	4.2632	1.6809	0.3943	4.1111	0.5317	0.4211	2.0182	0.3684	5	0.3333	4.0313	63	0.7778	0.8571	0.0645	0.2222	5.7576	0.0395
83	36	169	750	4.6944	1.713	0.3649	4.4379	0.1709	0.75	0.8113	0.4722	9	0.4571	4.0208	116	0.6864	0.7414	0.0331	0.3136	6.6347	0.0701
84	25	108	445	4.32	1.7371	0.4021	4.1204	-0.0502	0.24	2.5845	0.24	5	0.4167	4.0754	90	0.8333	0.8	0.0253	0.1667	6.4216	0.049
85	22	109	469	4.9545	3.4704	0.7004	4.3028	0.7126	0.7273	1.5503	0.4091	8	0.381	4.0753	96	0.8807	0.8958	0.025	0.1193	6.5044	0.0093
86	17	61	254	3.5882	1.1911	0.3319	4.1639	-0.1849	0.2353	2.7045	0.1765	3	0.5	4.0911	53	0.8689	0.8679	0.0408	0.1311	5.6561	0.0
87	19	72	296	3.7895	1.5417	0.4068	4.1111	-0.2604	0.9474	0.2975	0.1579	15	0.1111	4.2734	67	0.9306	0.9254	0.0351	0.0694	6.031	0.0
88	26	92	382	3.5385	1.1513	0.3254	4.1522	0.3283	0.5385	1.8811	0.2692	9	0.2	4.2767	76	0.8261	0.8684	0.0556	0.1739	6.1158	0.0225
89	30	139	584	4.6333	2.2284	0.4809	4.2014	0.3543	0.3333	2.7623	0.2667	7	0.4138	4.1521	114	0.8201	0.8421	0.0183	0.1799	6.7045	0.0299
90	20	82	342	4.1	1.6703	0.4074	4.1707	-0.1508	0.5	1.6477	0.3	10	0.2105	4.0521	70	0.8537	0.8286	0.0308	0.1463	6.0649	0.0253
91	15	54	253	3.6	1.4048	0.3902	4.6852	0.3774	1.0	-0.0	1.0	15	0.0	3.9343	48	0.8889	0.9167	0.0238	0.1111	5.5047	0.0
92	21	71	314	3.381	1.2141	0.3591	4.4225	-0.0536	1.0	-0.0	0.1905	21	0.0	4.2041	59	0.831	0.8475	0.037	0.169	5.7798	0.0145
93	11	40	165	3.6364	1.0679	0.2937	4.125	0.4618	0.7273	1.0958	0.1818	8	0.2	4.1443	35	0.875	0.8857	0.0606	0.125	5.0531	0.0
94	8	27	102	3.375	0.4841	0.1434	3.7778	0.0913	0.5	1.5	0.5	4	0.2857	4.0834	23	0.8519	0.8261	0.0833	0.1481	4.4586	0.0833
95	8	34	162	4.25	2.1651	0.5094	4.7647	0.0829	0.875	0.5436	0.625	4	0.2857	3.9419	34	1.0	1.0	0.0357	0.0	5.0875	0.0
96	19	72	288	3.7895	1.104	0.2913	4.0	0.0746	0.4737	2.1406	0.1579	9	0.3333	3.9968	54	0.75	0.7963	0.0566	0.25	5.5779	0.0143
97	5	30	115	6.0	1.5492	0.2582	3.8333	-0.2093	1.0	-0.0	0.4	5	0.0	3.9722	25	0.8333	0.88	0.1364	0.1667	4.5232	0.037
98	8	94	404	11.75	5.4715	0.4657	4.2979	0.1784	0.875	0.5436	0.25	7	0.1429	4.0735	70	0.7447	0.7714	0.0455	0.2553	5.9602	0.0941
99	8	36	158	4.5	1.2247	0.2722	4.3889	0.6525	0.625	1.2988	0.625	5	0.2857	4.0251	29	0.8056	0.7586	0.0667	0.1944	4.781	0.0938
100	11	40	169	3.6364	1.4316	0.3937	4.225	0.4989	0.4545	1.5395	0.2727	5	0.2	4.1781	35	0.875	0.8571	0.069	0.125	5.0719	0.0263
101	11	36	160	3.2727	1.2129	0.3706	4.4444	0.244	0.5455	1.6172	0.2727	3	0.8	3.9544	28	0.7778	0.7857	0.1071	0.2222	4.6835	0.0938
102	8	28	123	3.5	1.118	0.3194	4.3929	-0.0577	0.5	1.5	0.25	3	0.5714	3.8739	20	0.7143	0.75	0.125	0.2857	4.155	0.08
103	3	14	73	4.6667	3.2998	0.7071	5.2143	0.0	1.0	-0.0	0.3333	3	0.0	3.4452	13	0.9286	0.9231	0.2	0.0714	3.6645	0.0
104	9	33	134	3.6667	0.4714	0.1286	4.0606	0.1491	0.7778	0.7642	0.4444	6	0.25	4.0032	31	0.9394	0.9355	0.08	0.0606	4.9232	0.0
105	5	23	97	4.6	1.3565	0.2949	4.2174	0.866	1.0	-0.0	0.8	5	0.0	3.9562	22	0.9565	0.9545	0.1	0.0435	4.4366	0.0
106	4	17	77	4.25	1.7854	0.4201	4.5294	0.5	0.5	1.5	0.25	1	1.0	4.0307	16	0.9412	0.9375	0.0714	0.0588	3.9698	0.0
107	7	25	114	3.5714	1.178	0.3298	4.56	-0.4344	0.8571	0.5917	0.4286	5	0.3333	3.8613	22	0.88	0.8636	0.0625	0.12	4.4039	0.0435
108	3	10	43	3.3333	0.4714	0.1414	4.3	0.0	1.0	-0.0	0.3333	3	0.0	3.622	10	1.0	1.0	0.1429	0.0	3.3219	0.0
109	6	27	99	4.5	0.5	0.1111	3.6667	0.1667	0.5	1.4591	0.3333	2	0.8	3.4507	18	0.6667	0.7222	0.2	0.3333	3.9582	0.1818
110	3	19	80	6.3333	0.9428	0.1489	4.2105	0.0	0.6667	0.9183	0.3333	2	0.5	3.9465	18	0.9474	0.9444	0.0769	0.0526	4.1427	0.0
111	5	23	81	4.6	1.0198	0.2217	3.5217	0.0	0.8	0.7219	0.2	4	0.25	4.0392	22	0.9565	0.9545	0.1053	0.0435	4.4366	0.0
112	4	15	47	3.75	1.0897	0.2906	3.1333	-0.189	1.0	-0.0	0.5	4	0.0	3.2886	12	0.8	0.75	0.2	0.2	3.5069	0.0
113	5	23	73	4.6	0.4899	0.1065	3.1739	0.5774	0.4	1.5219	0.4	2	0.5	3.9797	17	0.7391	0.8235	0.2857	0.2609	3.882	0.05
114	6	20	80	3.3333	1.1055	0.3317	4.0	0.0857	1.0	-0.0	1.0	6	0.0	3.6001	16	0.8	0.875	0.2667	0.2	3.8219	0.0556
