sura	n_verses	n_tokens	n_letters	vl_mean	vl_sd	vl_skew	vl_kurt	vl_med	vl_min	vl_max	vl_cv	vl_ac1	vl_ac2	vl_ac3	wl_mean	wl_sd	wl_skew	wl_kurt	wl_frac1	wl_frac2	wl_frac3	wl_frac4	wl_frac5	let_ء	let_ا	let_ب	let_ة	let_ت	let_ث	let_ج	let_ح	let_خ	let_د	let_ذ	let_ر	let_ز	let_س	let_ش	let_ص	let_ض	let_ط	let_ظ	let_ع	let_غ	let_ف	let_ق	let_ك	let_ل	let_م	let_ن	let_ه	let_و	let_ى	let_ي	letter_entropy	fin_ء	fin_ا	fin_ب	fin_ة	fin_ت	fin_ث	fin_ج	fin_ح	fin_خ	fin_د	fin_ذ	fin_ر	fin_ز	fin_س	fin_ش	fin_ص	fin_ض	fin_ط	fin_ظ	fin_ع	fin_غ	fin_ف	fin_ق	fin_ك	fin_ل	fin_م	fin_ن	fin_ه	fin_و	fin_ى	fin_ي	dom_final_frac	final_entropy	dom_final2_frac	longest_rhyme_run	rhyme_change_rate	vocab	ttr	hapax_frac	lex_entropy	repeat_rate	top1_frac	top5_frac	top10_frac	bigram_repeat	trigram_repeat	burst	rel_pos
1	7	29	143	4.14286	2.09956	1.57062	1.27186	4.0	2	9	0.50679	-0.23016	0.16116	-0.09091	4.93103	1.50702	0.17768	-0.53319	0.0	0.03448	0.17241	0.17241	0.62069	0.0	0.18182	0.02797	0.0	0.02098	0.0	0.0	0.03497	0.0	0.02797	0.00699	0.05594	0.0	0.02098	0.0	0.01399	0.01399	0.01399	0.0	0.04196	0.01399	0.0	0.00699	0.02098	0.15385	0.1049	0.07692	0.03497	0.02797	0.0	0.0979	3.80831	0.0	0.0	0.0	0.0	0.0	0.0	0.0	0.0	0.0	0.0	0.0	0.0	0.0	0.0	0.0	0.0	0.0	0.0	0.0	0.0	0.0	0.0	0.0	0.0	0.0	0.42857	0.57143	0.0	0.0	0.0	0.0	0.57143	0.98523	0.57143	2	0.83333	26	0.89655	0.88462	4.65108	0.10345	0.07692	0.30769	0.5	0.03704	0.0	-0.55904	0.00877
2	286	6140	26249	21.46853	14.18006	2.61255	12.23899	17.0	1	129	0.6605	0.17541	0.15364	0.09154	4.27508	1.60822	0.45953	-0.38332	0.0	0.14511	0.21384	0.22736	0.41368	0.00476	0.17966	0.03497	0.00823	0.03695	0.00488	0.00762	0.0125	0.00728	0.01745	0.01257	0.0333	0.00408	0.01718	0.0064	0.0059	0.00507	0.00377	0.00236	0.03036	0.00286	0.02861	0.02107	0.0317	0.12195	0.08351	0.07692	0.0456	0.08019	0.00792	0.06438	4.12141	0.0	0.0	0.03147	0.0	0.0	0.0	0.0	0.0	0.0	0.02448	0.0	0.07343	0.0	0.0	0.0	0.0	0.0	0.0	0.0	0.0	0.0	0.0	0.0035	0.0	0.0035	0.18881	0.67483	0.0	0.0	0.0	0.0	0.67483	1.45873	0.45105	49	0.39649	2261	0.36824	0.66696	9.73175	0.63176	0.00751	0.0314	0.05484	0.131	0.06496	0.14058	0.01754
3	200	3501	14985	17.505	9.36536	1.75625	6.42938	15.0	1	75	0.53501	0.01278	0.14283	-0.03616	4.28021	1.64503	0.4363	-0.43714	0.0	0.16281	0.19252	0.22365	0.42102	0.00454	0.17744	0.0383	0.00667	0.03717	0.00347	0.00621	0.01141	0.00694	0.01682	0.01455	0.0339	0.00447	0.01515	0.00574	0.00587	0.0044	0.00334	0.0024	0.02556	0.00414	0.02643	0.02042	0.03237	0.12626	0.08315	0.08222	0.04431	0.07915	0.00634	0.07087	4.088	0.015	0.0	0.05	0.0	0.0	0.0	0.0	0.0	0.0	0.045	0.0	0.115	0.0	0.0	0.0	0.0	0.0	0.005	0.0	0.0	0.0	0.0	0.005	0.0	0.015	0.15	0.6	0.0	0.0	0.0	0.0	0.6	1.88719	0.31	24	0.46231	1463	0.41788	0.69788	9.27095	0.58212	0.011	0.03667	0.06153	0.11269	0.04953	0.10349	0.02632
4	176	3765	16342	21.39205	12.74219	1.96137	5.33067	18.0	3	88	0.59565	0.21587	0.00034	-0.09795	4.3405	1.63246	0.50869	-0.12104	0.0	0.13811	0.20505	0.21142	0.44542	0.00434	0.18407	0.02925	0.0071	0.03445	0.00459	0.00838	0.01212	0.00783	0.01842	0.01108	0.02998	0.00312	0.01872	0.00502	0.00753	0.00618	0.00398	0.00275	0.02472	0.00379	0.03078	0.0156	0.03561	0.12006	0.07979	0.08163	0.047	0.08273	0.00728	0.07208	4.09654	0.0	0.96023	0.0	0.0	0.0	0.0	0.0	0.0	0.0	0.0	0.0	0.0	0.0	0.0	0.0	0.0	0.0	0.0	0.0	0.0	0.0	0.0	0.0	0.0	0.00568	0.02841	0.00568	0.0	0.0	0.0	0.0	0.96023	0.28694	0.28977	131	0.04571	1510	0.40106	0.68146	9.2777	0.59894	0.0116	0.0419	0.06846	0.12393	0.05455	0.15495	0.03509
5	120	2837	12206	23.64167	12.78332	1.42104	1.81423	21.0	7	68	0.54071	0.10713	0.01984	0.03717	4.30243	1.61095	0.44344	-0.32186	0.0	0.14663	0.19774	0.22912	0.42651	0.00508	0.18843	0.03228	0.00713	0.03212	0.00483	0.00762	0.01401	0.00696	0.01893	0.01491	0.03105	0.00467	0.01753	0.00516	0.00606	0.00434	0.00426	0.00147	0.02769	0.00385	0.02384	0.02171	0.03146	0.11961	0.08512	0.0798	0.04342	0.07709	0.00664	0.07291	4.09225	0.0	0.0	0.03333	0.0	0.0	0.0	0.0	0.0	0.0	0.01667	0.0	0.05833	0.0	0.0	0.0	0.0	0.0	0.0	0.0	0.0	0.0	0.0	0.0	0.0	0.025	0.2	0.66667	0.0	0.0	0.0	0.0	0.66667	1.48856	0.35	13	0.37815	1242	0.43779	0.70048	9.17242	0.56221	0.00907	0.0398	0.06549	0.11012	0.0532	0.10326	0.04386
6	165	3056	12726	18.52121	9.19986	1.05488	0.65746	16.0	5	49	0.49672	0.05279	0.09293	0.0421	4.16427	1.60063	0.52489	-0.36224	0.0	0.15903	0.24018	0.21368	0.38711	0.00629	0.16981	0.0356	0.0055	0.03175	0.00456	0.00919	0.01257	0.00589	0.01564	0.01627	0.0396	0.00519	0.01666	0.01037	0.00542	0.00519	0.00409	0.00377	0.029	0.00393	0.0231	0.02129	0.03678	0.11378	0.08314	0.07937	0.04785	0.07992	0.0088	0.0697	4.16858	0.0	0.0	0.0	0.0	0.0	0.0	0.0	0.0	0.0	0.0	0.0	0.02424	0.0	0.0	0.0	0.0	0.0	0.0	0.00606	0.0	0.0	0.0	0.0	0.0	0.01818	0.07879	0.87273	0.0	0.0	0.0	0.0	0.87273	0.74008	0.54545	20	0.21951	1352	0.44241	0.69157	9.35324	0.55759	0.01233	0.03837	0.06167	0.09617	0.03509	0.07016	0.05263
7	206	3341	14435	16.21845	9.28386	1.06236	0.58387	14.0	1	43	0.57243	0.22794	0.14992	0.17633	4.32056	1.65975	0.42301	-0.48618	0.0	0.15415	0.20443	0.20323	0.43819	0.00526	0.18365	0.03519	0.00727	0.03228	0.00423	0.01143	0.01136	0.00894	0.01704	0.01586	0.03685	0.00284	0.02071	0.00575	0.00672	0.0043	0.00388	0.00298	0.02771	0.00464	0.02473	0.02466	0.03228	0.10578	0.08043	0.09027	0.04351	0.0778	0.00741	0.06422	4.14476	0.0	0.0	0.0	0.0	0.0	0.0	0.0	0.0	0.0	0.0	0.0	0.0	0.0	0.0	0.0	0.00485	0.0	0.0	0.0	0.0	0.0	0.0	0.0	0.0	0.00971	0.04854	0.93689	0.0	0.0	0.0	0.0	0.93689	0.40221	0.48058	42	0.12195	1547	0.46304	0.71752	9.58145	0.53696	0.00805	0.03383	0.06081	0.09209	0.03997	0.11562	0.0614
8	75	1242	5387	16.56	7.37788	1.31647	2.30241	16.0	6	45	0.44552	0.00382	-0.00742	-0.10847	4.33736	1.61206	0.43525	-0.32317	0.0	0.13849	0.19726	0.2351	0.42915	0.00408	0.16614	0.03211	0.00557	0.03007	0.00334	0.00705	0.00965	0.00631	0.01615	0.01764	0.03434	0.00427	0.01299	0.00501	0.00538	0.00501	0.00408	0.00149	0.03007	0.00464	0.0284	0.02023	0.03713	0.12122	0.08446	0.08112	0.04789	0.09059	0.00687	0.07667	4.09434	0.0	0.0	0.05333	0.0	0.0	0.0	0.0	0.0	0.0	0.01333	0.0	0.13333	0.0	0.0	0.0	0.0	0.0	0.01333	0.0	0.0	0.0	0.0	0.01333	0.0	0.0	0.25333	0.52	0.0	0.0	0.0	0.0	0.52	1.85468	0.32	7	0.44595	635	0.51127	0.73386	8.4851	0.48873	0.01373	0.05721	0.09497	0.08287	0.03451	0.08005	0.07018
9	129	2505	11115	19.4186	7.53462	1.38059	2.91035	18.0	8	52	0.38801	0.00978	0.14758	-0.00421	4.43713	1.71948	0.46213	-0.37928	0.0	0.14172	0.19042	0.21956	0.4483	0.00234	0.17094	0.03149	0.00783	0.02762	0.00279	0.00918	0.01242	0.00774	0.01862	0.01305	0.03707	0.00495	0.01745	0.00441	0.00567	0.00549	0.00306	0.00261	0.02816	0.00333	0.02771	0.01943	0.02708	0.12119	0.08673	0.07899	0.05866	0.09087	0.00612	0.06703	4.0925	0.0	0.0	0.00775	0.0	0.0	0.0	0.0	0.0	0.0	0.0	0.0	0.03101	0.0	0.0	0.0	0.0	0.0	0.0	0.0	0.0	0.0	0.0	0.0	0.0	0.00775	0.28682	0.66667	0.0	0.0	0.0	0.0	0.66667	1.17085	0.4186	19	0.32031	1118	0.44631	0.7102	9.05023	0.55369	0.01072	0.0412	0.07111	0.10633	0.04	0.05778	0.07895
10	109	1839	7589	16.87156	8.06635	1.06088	1.16847	15.0	4	43	0.4781	0.04838	0.01002	0.06889	4.1267	1.60807	0.51937	-0.29909	0.0	0.1838	0.20935	0.21968	0.38717	0.00527	0.17868	0.03136	0.00567	0.03334	0.00395	0.01094	0.01291	0.00527	0.0166	0.01515	0.0336	0.00343	0.017	0.00553	0.00422	0.00567	0.00224	0.00422	0.0278	0.00264	0.02846	0.02385	0.03426	0.12017	0.08578	0.09079	0.04072	0.07142	0.00804	0.07102	4.10251	0.0	0.0	0.0	0.0	0.0	0.0	0.0	0.0	0.0	0.0	0.0	0.0	0.0	0.0	0.0	0.0	0.0	0.0	0.0	0.0	0.0	0.0	0.0	0.0	0.00917	0.09174	0.89908	0.0	0.0	0.0	0.0	0.89908	0.51625	0.54128	38	0.16667	881	0.47906	0.71283	8.83462	0.52094	0.01037	0.03907	0.06619	0.08354	0.02703	0.01182	0.08772
11	123	1946	7817	15.82114	6.71006	0.81436	0.60492	15.0	3	39	0.42412	0.05092	-0.01749	0.08165	4.01696	1.49037	0.65649	0.01435	0.0	0.15108	0.27338	0.23947	0.33607	0.00627	0.18178	0.0362	0.00704	0.03019	0.00409	0.01011	0.011	0.00729	0.01868	0.01228	0.04132	0.00448	0.01561	0.0055	0.00768	0.00409	0.00358	0.00307	0.03121	0.00435	0.02379	0.02303	0.03275	0.10145	0.08942	0.08098	0.04196	0.07791	0.00729	0.0756	4.13574	0.0	0.0	0.10569	0.0	0.0	0.0	0.0	0.0	0.0	0.18699	0.01626	0.08943	0.01626	0.0	0.0	0.00813	0.0	0.03252	0.02439	0.0	0.0	0.0	0.00813	0.0	0.01626	0.04065	0.45528	0.0	0.0	0.0	0.0	0.45528	2.5053	0.22764	13	0.44262	927	0.47636	0.72168	8.94766	0.52364	0.01663	0.04989	0.08098	0.0908	0.04372	0.03722	0.09649
12	111	1795	7307	16.17117	7.7015	1.03713	1.41355	15.0	4	47	0.47625	0.15064	0.03691	-0.03533	4.07075	1.50357	0.53938	-0.20848	0.0	0.15655	0.2468	0.22786	0.3688	0.00424	0.18954	0.03681	0.00452	0.03189	0.00397	0.01095	0.01382	0.00972	0.0193	0.01109	0.0349	0.00465	0.02272	0.00575	0.00835	0.00438	0.0026	0.00192	0.02983	0.00383	0.0271	0.02641	0.02997	0.11072	0.06679	0.08649	0.04749	0.06706	0.0063	0.07691	4.12756	0.0	0.0	0.0	0.0	0.0	0.0	0.0	0.0	0.0	0.0	0.0	0.01802	0.0	0.0	0.0	0.0	0.0	0.0	0.0	0.0	0.0	0.0	0.0	0.0	0.00901	0.13514	0.83784	0.0	0.0	0.0	0.0	0.83784	0.76968	0.42342	18	0.3	915	0.50975	0.72022	9.00416	0.49025	0.01505	0.05192	0.08277	0.08704	0.03904	0.06968	0.10526
13	43	853	3545	19.83721	10.25473	1.1697	1.14116	18.0	5	51	0.51694	0.10692	0.0411	-0.00982	4.15592	1.53973	0.43544	-0.23883	0.0	0.17116	0.18288	0.2544	0.39156	0.0079	0.17659	0.0426	0.00733	0.02652	0.00451	0.00987	0.01185	0.00649	0.02172	0.01326	0.03808	0.00592	0.01975	0.00621	0.00564	0.00677	0.00339	0.00169	0.02793	0.00423	0.02285	0.02454	0.02934	0.13484	0.0725	0.0646	0.04908	0.07701	0.00649	0.07052	4.14083	0.0	0.0	0.34884	0.0	0.0	0.0	0.0	0.0	0.0	0.09302	0.0	0.18605	0.0	0.0	0.0	0.0	0.0	0.0	0.0	0.02326	0.0	0.0	0.06977	0.0	0.16279	0.0	0.11628	0.0	0.0	0.0	0.0	0.34884	2.48163	0.32558	5	0.64286	508	0.59555	0.79331	8.37029	0.40445	0.01157	0.04793	0.08099	0.06345	0.02657	-0.03906	0.11404
14	52	830	3539	15.96154	8.39176	1.26308	1.52125	14.0	4	44	0.52575	0.4022	-0.06681	-0.05971	4.26386	1.60317	0.49919	-0.26007	0.0	0.14819	0.2012	0.24217	0.40843	0.0065	0.1735	0.03786	0.00509	0.03221	0.0048	0.00961	0.00932	0.00876	0.02063	0.01498	0.04465	0.00593	0.02147	0.00706	0.00678	0.00622	0.00311	0.00311	0.02684	0.00367	0.02345	0.01611	0.03193	0.12687	0.08562	0.07827	0.03956	0.07064	0.00735	0.0681	4.14413	0.11538	0.0	0.07692	0.0	0.0	0.0	0.0	0.0	0.0	0.21154	0.0	0.21154	0.01923	0.0	0.0	0.01923	0.0	0.0	0.01923	0.0	0.0	0.0	0.0	0.0	0.07692	0.13462	0.11538	0.0	0.0	0.0	0.0	0.21154	2.9547	0.19231	4	0.60784	503	0.60602	0.77734	8.35483	0.39398	0.01008	0.03866	0.07227	0.04744	0.0073	-0.01187	0.12281
15	99	657	2882	6.63636	2.52444	0.99267	1.06335	6.0	3	15	0.3804	0.10464	-0.01575	0.2448	4.38661	1.76461	0.59093	-0.10914	0.0	0.1446	0.2344	0.17199	0.44901	0.00416	0.18286	0.0347	0.00625	0.02533	0.00139	0.01492	0.01457	0.00833	0.01423	0.00763	0.03262	0.00659	0.0229	0.00555	0.00798	0.00486	0.00382	0.00312	0.02776	0.00278	0.02221	0.0288	0.02949	0.11103	0.08813	0.11069	0.03331	0.0694	0.00382	0.07078	4.07584	0.0	0.0	0.0	0.0	0.0	0.0	0.0	0.0	0.0	0.0	0.0	0.0	0.0	0.0	0.0	0.0	0.0	0.0	0.0	0.0	0.0	0.0	0.0	0.0	0.0202	0.16162	0.81818	0.0	0.0	0.0	0.0	0.81818	0.77554	0.49495	20	0.29592	426	0.6484	0.80516	8.23713	0.3516	0.01688	0.05063	0.08228	0.03333	0.00773	0.05074	0.13158
16	128	1844	7832	14.40625	5.92853	0.65112	0.06917	14.0	4	32	0.41152	0.26123	0.13296	0.1835	4.24729	1.62399	0.43306	-0.47437	0.0	0.16052	0.20879	0.21638	0.41432	0.00523	0.16522	0.03435	0.00855	0.03052	0.00575	0.00907	0.01136	0.00919	0.0157	0.01558	0.03664	0.00575	0.01762	0.00817	0.00421	0.00409	0.00319	0.00281	0.02937	0.00294	0.02464	0.01673	0.03358	0.12589	0.08746	0.0821	0.04814	0.08018	0.00817	0.0678	4.14002	0.0	0.0	0.0	0.0	0.0	0.0	0.0	0.0	0.0	0.0	0.0	0.01562	0.0	0.0	0.0	0.0	0.0	0.0	0.0	0.0	0.0	0.0	0.0	0.0	0.0	0.125	0.85938	0.0	0.0	0.0	0.0	0.85938	0.65664	0.66406	28	0.27559	915	0.4962	0.72131	8.92147	0.5038	0.00774	0.03483	0.06115	0.10012	0.03632	-0.00832	0.14035
17	111	1558	6643	14.03604	4.86007	0.66789	-0.1319	13.0	5	27	0.34626	-0.11546	0.03069	0.03705	4.2638	1.57454	0.38994	-0.48329	0.0	0.14121	0.2285	0.19641	0.43389	0.00421	0.18802	0.03884	0.00768	0.03041	0.00406	0.0128	0.01325	0.00918	0.02153	0.0131	0.04501	0.00572	0.02213	0.00632	0.00467	0.00662	0.00437	0.00241	0.02815	0.00316	0.02529	0.02333	0.03884	0.1126	0.06639	0.07978	0.03417	0.07482	0.00873	0.06443	4.16587	0.0	0.99099	0.0	0.0	0.0	0.0	0.0	0.0	0.0	0.0	0.0	0.00901	0.0	0.0	0.0	0.0	0.0	0.0	0.0	0.0	0.0	0.0	0.0	0.0	0.0	0.0	0.0	0.0	0.0	0.0	0.0	0.99099	0.07415	0.45045	110	0.00909	882	0.56611	0.75057	9.12611	0.43389	0.00845	0.03381	0.05917	0.05931	0.017	0.02335	0.14912
18	110	1583	6552	14.39091	7.38684	1.08747	0.93158	13.0	2	38	0.5133	0.17027	0.20882	0.18154	4.13898	1.50749	0.57751	-0.05191	0.0	0.13898	0.23247	0.26974	0.35881	0.00443	0.1833	0.04136	0.00763	0.03434	0.00626	0.01358	0.01603	0.00748	0.02595	0.01618	0.04197	0.00504	0.01877	0.00717	0.00687	0.00473	0.00595	0.00259	0.03144	0.00549	0.02656	0.02305	0.0264	0.10058	0.07479	0.07753	0.04792	0.06319	0.00824	0.06517	4.22255	0.0	0.99091	0.0	0.0	0.0	0.0	0.0	0.0	0.0	0.0	0.0	0.0	0.0	0.0	0.0	0.0	0.0	0.0	0.0	0.0	0.0	0.0	0.0	0.0	0.0	0.0	0.0	0.0	0.0	0.00909	0.0	0.99091	0.0747	0.25455	97	0.01835	909	0.57423	0.75688	9.19381	0.42577	0.00911	0.0356	0.05877	0.04772	0.01156	0.07509	0.15789
19	98	971	3935	9.90816	4.14061	1.42016	4.62861	9.0	1	29	0.4179	0.12137	0.17158	0.09364	4.05252	1.50123	0.61186	-0.12791	0.0	0.15345	0.24511	0.2688	0.33265	0.00127	0.19034	0.03914	0.00661	0.03634	0.00483	0.01067	0.01601	0.00788	0.0249	0.01372	0.04244	0.00483	0.01652	0.00889	0.00661	0.00432	0.0033	0.00127	0.02973	0.00407	0.01906	0.02186	0.03482	0.09784	0.07294	0.0864	0.03761	0.06709	0.00559	0.0831	4.12743	0.0	0.91837	0.0	0.0	0.0	0.0	0.0	0.0	0.0	0.0	0.0	0.0	0.0	0.0	0.0	0.0102	0.0	0.0	0.0	0.0	0.0	0.0	0.0	0.0	0.0	0.02041	0.05102	0.0	0.0	0.0	0.0	0.91837	0.51393	0.67347	58	0.05155	585	0.60247	0.75214	8.66704	0.39753	0.01463	0.05186	0.09176	0.04846	0.02225	0.06647	0.16667
20	135	1353	5399	10.02222	5.81756	1.24554	2.22838	9.0	1	35	0.58047	0.24006	0.12515	0.14511	3.99039	1.44494	0.55476	-0.07314	0.0	0.16556	0.23282	0.27199	0.32964	0.00241	0.18003	0.03315	0.00667	0.03408	0.00426	0.01167	0.01389	0.01093	0.01908	0.01204	0.0389	0.00556	0.02204	0.00593	0.00648	0.00648	0.00519	0.00093	0.03186	0.00315	0.03408	0.03001	0.03334	0.10817	0.06964	0.07372	0.03964	0.06409	0.02334	0.06927	4.21673	0.0	0.19259	0.0	0.0	0.0	0.0	0.0	0.0	0.0	0.0	0.0	0.0	0.0	0.0	0.0	0.0	0.0	0.0	0.0	0.0	0.0	0.0	0.0	0.0	0.0	0.00741	0.0	0.00741	0.0	0.63704	0.15556	0.63704	1.39453	0.1037	29	0.1791	804	0.59424	0.79229	8.97682	0.40576	0.01583	0.03858	0.0633	0.0358	0.00973	0.02313	0.17544
21	112	1174	5094	10.48214	3.82189	0.98699	0.68898	10.0	5	23	0.36461	0.06521	-0.05688	0.14436	4.33901	1.71204	0.35079	-0.70323	0.0	0.17376	0.18995	0.1908	0.44549	0.00393	0.18355	0.03161	0.00687	0.03082	0.00255	0.0106	0.01472	0.00667	0.01904	0.01492	0.03691	0.00334	0.01943	0.00569	0.00628	0.0051	0.00334	0.00334	0.02945	0.00275	0.02846	0.02061	0.03062	0.1062	0.07793	0.10031	0.05163	0.07754	0.00589	0.05987	4.11204	0.0	0.0	0.0	0.0	0.0	0.0	0.0	0.0	0.0	0.0	0.0	0.0	0.0	0.0	0.0	0.0	0.0	0.0	0.0	0.0	0.0	0.0	0.0	0.0	0.0	0.05357	0.94643	0.0	0.0	0.0	0.0	0.94643	0.30138	0.54464	55	0.10811	670	0.5707	0.75224	8.78837	0.4293	0.01348	0.05056	0.07978	0.04991	0.01123	0.00593	0.18421
22	78	1279	5314	16.39744	9.7209	2.5941	10.46679	14.0	4	70	0.59283	-0.05111	-0.16633	-0.08491	4.15481	1.57565	0.44902	-0.32532	0.0	0.18061	0.17826	0.25958	0.38155	0.0032	0.1703	0.0335	0.00809	0.02522	0.00508	0.01035	0.01073	0.00753	0.01807	0.01675	0.03801	0.00489	0.01769	0.0064	0.00809	0.00508	0.00565	0.00245	0.03086	0.00263	0.02672	0.01844	0.02898	0.12966	0.07922	0.07301	0.05231	0.07207	0.00922	0.07979	4.14269	0.01282	0.0	0.02564	0.0	0.0	0.0	0.01282	0.0	0.0	0.19231	0.0	0.32051	0.02564	0.0	0.0	0.0	0.0	0.01282	0.01282	0.0	0.0	0.0	0.07692	0.0	0.0	0.15385	0.15385	0.0	0.0	0.0	0.0	0.32051	2.69247	0.21795	4	0.72727	691	0.54027	0.77424	8.51046	0.45973	0.01531	0.0424	0.06832	0.08132	0.03679	0.0107	0.19298
23	118	1052	4483	8.91525	4.84956	2.10113	5.48319	8.0	3	32	0.54396	0.07502	-0.11714	0.17607	4.26141	1.66806	0.38355	-0.60969	0.0	0.1749	0.20722	0.18251	0.43536	0.00357	0.17622	0.03703	0.00736	0.03301	0.00692	0.0087	0.01361	0.01093	0.01338	0.01606	0.04037	0.00379	0.01472	0.00647	0.00446	0.00446	0.00379	0.0029	0.02878	0.00402	0.03011	0.02431	0.029	0.10439	0.08543	0.09525	0.04729	0.0783	0.00692	0.05844	4.14506	0.0	0.0	0.0	0.0	0.0	0.0	0.0	0.0	0.0	0.0	0.0	0.0	0.0	0.0	0.0	0.0	0.0	0.0	0.0	0.0	0.0	0.0	0.0	0.0	0.0	0.0339	0.9661	0.0	0.0	0.0	0.0	0.9661	0.21358	0.68644	50	0.06838	618	0.58745	0.75566	8.73327	0.41255	0.01405	0.04853	0.08046	0.0616	0.02542	0.03569	0.20175
24	64	1319	5754	20.60938	14.4402	2.16517	5.21934	16.5	7	78	0.70066	0.01451	0.23659	0.1269	4.3624	1.69752	0.47104	-0.33469	0.0	0.15921	0.17286	0.24033	0.4276	0.00591	0.16701	0.03615	0.00921	0.03458	0.00348	0.01008	0.01442	0.00817	0.01529	0.01477	0.03024	0.00574	0.01547	0.00765	0.00574	0.0066	0.00417	0.00295	0.03111	0.00469	0.02294	0.0106	0.03128	0.12496	0.08342	0.07543	0.05196	0.08081	0.0066	0.07855	4.14003	0.0	0.0	0.03125	0.0	0.0	0.0	0.0	0.0	0.0	0.0	0.0	0.10938	0.0	0.0	0.0	0.0	0.0	0.0	0.0	0.0	0.0	0.0	0.0	0.0	0.01562	0.35938	0.48438	0.0	0.0	0.0	0.0	0.48438	1.63635	0.35938	10	0.46032	672	0.50948	0.72917	8.56019	0.49052	0.01086	0.04886	0.08252	0.09711	0.03745	0.07358	0.21053
25	77	896	3878	11.63636	4.14638	0.54834	-0.22596	11.0	4	22	0.35633	0.14679	0.10863	0.05352	4.32812	1.4796	0.27477	-0.45475	0.0	0.11942	0.1942	0.23661	0.44978	0.00516	0.19366	0.03507	0.00619	0.02785	0.00516	0.01392	0.01135	0.00851	0.0165	0.02243	0.04951	0.00542	0.02089	0.00696	0.00464	0.00593	0.00284	0.00232	0.02811	0.00232	0.01882	0.02295	0.03223	0.11501	0.06266	0.07272	0.03584	0.0869	0.00696	0.07117	4.12184	0.0	0.98701	0.0	0.0	0.0	0.0	0.0	0.0	0.0	0.0	0.0	0.0	0.0	0.0	0.0	0.0	0.0	0.0	0.0	0.0	0.0	0.0	0.0	0.0	0.01299	0.0	0.0	0.0	0.0	0.0	0.0	0.98701	0.1	0.55844	60	0.02632	572	0.63839	0.75874	8.76484	0.36161	0.0099	0.04385	0.07638	0.02778	0.00449	0.00496	0.2193
26	227	1320	5630	5.81498	2.68642	1.74342	5.70682	5.0	1	21	0.46198	0.05398	0.05965	0.10582	4.26515	1.74582	0.56538	-0.56222	0.0	0.15606	0.26667	0.17348	0.40379	0.00302	0.17531	0.03357	0.00515	0.02948	0.00515	0.01066	0.01048	0.00675	0.00906	0.0151	0.03837	0.0071	0.01652	0.00426	0.00444	0.00355	0.00586	0.00302	0.03623	0.0032	0.02522	0.02362	0.03304	0.10817	0.08544	0.10693	0.0302	0.07798	0.00568	0.07744	4.08025	0.0	0.0	0.0	0.0	0.0	0.0	0.0	0.0	0.0	0.0	0.0	0.0	0.0	0.0	0.0	0.0	0.0	0.0	0.0	0.0	0.0	0.0	0.0	0.0	0.01762	0.13216	0.85022	0.0	0.0	0.0	0.0	0.85022	0.68756	0.51101	19	0.25664	642	0.48636	0.73364	8.48721	0.51364	0.01706	0.0597	0.10448	0.0831	0.04787	0.06069	0.22807
27	93	1159	4790	12.46237	5.39725	1.60336	4.6531	12.0	3	38	0.43308	0.2559	0.12357	0.12733	4.13287	1.56745	0.48667	-0.36603	0.0	0.16393	0.23469	0.21743	0.38395	0.00543	0.17871	0.03173	0.00814	0.03674	0.00251	0.01148	0.01086	0.00731	0.02046	0.01169	0.04008	0.00397	0.01942	0.00772	0.00543	0.00501	0.00564	0.00334	0.02797	0.0023	0.02422	0.02505	0.02923	0.11044	0.08267	0.0881	0.04739	0.0714	0.00605	0.06952	4.13978	0.0	0.0	0.0	0.0	0.0	0.0	0.0	0.0	0.0	0.0	0.0	0.0	0.0	0.0	0.0	0.0	0.0	0.0	0.0	0.0	0.0	0.0	0.0	0.0	0.0	0.09677	0.90323	0.0	0.0	0.0	0.0	0.90323	0.45869	0.53763	37	0.17391	675	0.5824	0.76889	8.79591	0.4176	0.00924	0.04042	0.0739	0.05509	0.01767	0.06825	0.23684
28	88	1438	5930	16.34091	6.7536	0.58086	0.41496	16.0	1	38	0.41329	0.11931	0.10983	-0.02545	4.12378	1.57959	0.53055	-0.27458	0.0	0.17385	0.2114	0.23713	0.37761	0.00573	0.17757	0.0285	0.00708	0.03609	0.0027	0.01214	0.01197	0.00641	0.02091	0.00877	0.03642	0.0032	0.01703	0.00556	0.00658	0.00489	0.0032	0.0027	0.02985	0.00422	0.0253	0.02479	0.03002	0.11197	0.07707	0.09511	0.04621	0.07099	0.01214	0.07487	4.12981	0.0	0.0	0.0	0.0	0.0	0.0	0.0	0.0	0.0	0.0	0.0	0.02273	0.0	0.0	0.0	0.0	0.0	0.0	0.0	0.0	0.0	0.0	0.0	0.0	0.02273	0.03409	0.92045	0.0	0.0	0.0	0.0	0.92045	0.5244	0.47727	50	0.11494	787	0.54729	0.74587	8.83453	0.45271	0.01724	0.04502	0.0728	0.06591	0.02284	0.09361	0.24561
29	69	978	4317	14.17391	6.01919	0.51938	0.14551	13.0	1	31	0.42467	-0.10815	0.11997	-0.13265	4.41411	1.6894	0.3715	-0.501	0.0	0.15031	0.182	0.2137	0.45399	0.00533	0.18809	0.03428	0.00741	0.02803	0.00417	0.01089	0.01158	0.00695	0.01483	0.01552	0.02687	0.00486	0.01621	0.00486	0.00579	0.00371	0.00394	0.00185	0.02641	0.00208	0.0234	0.02131	0.02942	0.1274	0.07899	0.09428	0.04517	0.0827	0.00486	0.0688	4.0449	0.0	0.0	0.0	0.0	0.0	0.0	0.0	0.0	0.0	0.0	0.0	0.04348	0.0	0.0	0.0	0.0	0.0	0.0	0.0	0.0	0.0	0.0	0.0	0.0	0.0	0.10145	0.85507	0.0	0.0	0.0	0.0	0.85507	0.72472	0.49275	17	0.23529	573	0.58589	0.75742	8.5035	0.41411	0.0088	0.03519	0.06158	0.0657	0.02105	0.00559	0.25439
30	60	817	3472	13.61667	6.29839	0.59712	0.18576	12.5	1	32	0.46255	0.27834	0.1483	-0.02512	4.24969	1.61278	0.35989	-0.54859	0.0	0.17136	0.18482	0.21542	0.4284	0.00605	0.16071	0.03168	0.00691	0.03226	0.00778	0.0072	0.01238	0.0072	0.01469	0.01699	0.04032	0.00432	0.02016	0.00749	0.00461	0.00864	0.00259	0.00317	0.02679	0.0023	0.03168	0.02218	0.03456	0.11262	0.09044	0.07921	0.04234	0.07892	0.00403	0.07978	4.16211	0.0	0.0	0.0	0.0	0.0	0.0	0.0	0.0	0.0	0.0	0.0	0.03333	0.0	0.0	0.0	0.0	0.0	0.0	0.0	0.0	0.0	0.0	0.0	0.0	0.0	0.06667	0.9	0.0	0.0	0.0	0.0	0.9	0.56083	0.75	22	0.15254	450	0.5508	0.74667	8.112	0.4492	0.01408	0.05986	0.10211	0.08472	0.03089	0.04303	0.26316
31	34	550	2171	16.17647	7.77428	0.09263	-0.70537	16.0	1	31	0.48059	0.40436	0.33886	0.11733	3.94727	1.49391	0.53511	-0.2843	0.0	0.19818	0.21636	0.26727	0.31818	0.00138	0.1778	0.03455	0.00829	0.02948	0.00415	0.00875	0.01382	0.00967	0.02119	0.00921	0.04099	0.00645	0.01704	0.00829	0.00921	0.00599	0.00276	0.00322	0.02902	0.00645	0.02441	0.01428	0.03178	0.13588	0.0783	0.07047	0.04883	0.06817	0.00829	0.07186	4.13131	0.0	0.0	0.0	0.0	0.0	0.0	0.0	0.0	0.0	0.05882	0.0	0.47059	0.0	0.0	0.0	0.0	0.0	0.0	0.02941	0.0	0.0	0.0	0.0	0.0	0.0	0.23529	0.20588	0.0	0.0	0.0	0.0	0.47059	1.86242	0.26471	8	0.39394	339	0.61636	0.80236	7.80631	0.38364	0.01366	0.05464	0.09563	0.05325	0.01481	-0.08016	0.27193
32	30	372	1563	12.4	4.8346	0.06804	0.08755	12.5	1	24	0.38989	0.19843	-0.33931	-0.43084	4.20161	1.5912	0.42454	-0.54042	0.0	0.16129	0.21237	0.23387	0.39247	0.00512	0.17722	0.03199	0.0064	0.02943	0.00384	0.01472	0.00704	0.00768	0.01599	0.01855	0.04095	0.00512	0.01983	0.00448	0.00512	0.00512	0.00128	0.00256	0.02879	0.00064	0.02943	0.02431	0.02943	0.09661	0.09917	0.10109	0.04159	0.07806	0.00768	0.06078	4.10242	0.0	0.0	0.0	0.0	0.0	0.0	0.0	0.0	0.0	0.0	0.0	0.0	0.0	0.0	0.0	0.0	0.0	0.0	0.0	0.0	0.0	0.0	0.0	0.0	0.03333	0.06667	0.9	0.0	0.0	0.0	0.0	0.9	0.56083	0.73333	16	0.17241	278	0.74731	0.84173	7.83048	0.25269	0.01465	0.05861	0.0989	0.0109	0.00271	-0.01245	0.2807
33	73	1303	5788	17.84932	11.35682	2.36276	7.31551	15.0	3	70	0.63626	0.27757	0.28062	0.25154	4.44206	1.72636	0.64519	0.18088	0.0	0.13738	0.17268	0.24405	0.44589	0.00432	0.19316	0.02799	0.00605	0.0311	0.00242	0.01071	0.0114	0.00674	0.01814	0.01399	0.03334	0.00553	0.01572	0.00484	0.00518	0.00415	0.00415	0.00294	0.02609	0.00311	0.02108	0.01918	0.03404	0.12284	0.07222	0.08742	0.04751	0.08449	0.00639	0.07377	4.05017	0.0	0.9863	0.0	0.0	0.0	0.0	0.0	0.0	0.0	0.0	0.0	0.0	0.0	0.0	0.0	0.0	0.0	0.0	0.0	0.0	0.0	0.0	0.0	0.0	0.0137	0.0	0.0	0.0	0.0	0.0	0.0	0.9863	0.10442	0.28767	69	0.02778	687	0.52724	0.754	8.52756	0.47276	0.01858	0.06776	0.09836	0.08539	0.03395	0.01026	0.28947
34	54	884	3594	16.37037	7.17066	0.90608	0.02793	15.5	7	34	0.43803	0.02935	-0.05842	-0.01296	4.06561	1.56611	0.48856	-0.45455	0.0	0.18552	0.22511	0.21606	0.3733	0.00445	0.1778	0.03923	0.00612	0.02393	0.0039	0.01085	0.01002	0.0039	0.02115	0.01864	0.04201	0.00835	0.01642	0.00779	0.00334	0.00696	0.00278	0.00223	0.03172	0.0039	0.02727	0.02615	0.032	0.11575	0.07986	0.08013	0.03478	0.0754	0.00779	0.0754	4.13736	0.0	0.0	0.09259	0.0	0.0	0.0	0.0	0.0	0.0	0.16667	0.0	0.22222	0.0	0.0	0.0	0.0	0.0	0.0	0.01852	0.0	0.0	0.0	0.0	0.0	0.01852	0.07407	0.40741	0.0	0.0	0.0	0.0	0.40741	2.24996	0.2037	16	0.4717	513	0.58032	0.76803	8.37301	0.41968	0.0114	0.0456	0.0798	0.0612	0.02927	-0.0522	0.29825
35	45	778	3238	17.28889	8.33366	0.1812	-0.76441	17.0	4	34	0.48202	0.31523	0.18324	0.1905	4.16195	1.51241	0.4912	-0.27243	0.0	0.14524	0.21465	0.26607	0.37404	0.00649	0.17912	0.03181	0.00649	0.02718	0.00401	0.01174	0.01266	0.00896	0.01946	0.01791	0.04849	0.00926	0.02038	0.00741	0.00618	0.00618	0.00247	0.00247	0.02409	0.00556	0.02872	0.01297	0.03335	0.12261	0.07721	0.07227	0.04787	0.06794	0.00803	0.07072	4.16872	0.0	0.15556	0.02222	0.0	0.0	0.0	0.0	0.0	0.0	0.06667	0.0	0.64444	0.02222	0.0	0.0	0.0	0.0	0.0	0.0	0.0	0.0	0.0	0.0	0.0	0.0	0.02222	0.06667	0.0	0.0	0.0	0.0	0.64444	1.71313	0.35556	9	0.34091	481	0.61825	0.80249	8.27396	0.38175	0.00923	0.04059	0.0738	0.04664	0.01043	-0.00154	0.30702
36	83	730	3068	8.79518	3.54237	0.82768	2.66029	8.0	1	24	0.40276	0.17549	0.13471	0.07678	4.20274	1.5781	0.43785	-0.56254	0.0	0.14521	0.24795	0.21233	0.39452	0.00326	0.17568	0.02314	0.00782	0.02673	0.00456	0.01173	0.01304	0.00913	0.0163	0.01467	0.03944	0.00587	0.01532	0.0088	0.00717	0.00489	0.00456	0.00163	0.02705	0.00391	0.02282	0.02347	0.0251	0.10691	0.10072	0.09811	0.04563	0.07301	0.00684	0.07269	4.11439	0.0	0.0	0.0	0.0	0.0	0.0	0.0	0.0	0.0	0.0	0.0	0.0	0.0	0.01205	0.0	0.0	0.0	0.0	0.0	0.0	0.0	0.0	0.0	0.0	0.0	0.14458	0.84337	0.0	0.0	0.0	0.0	0.84337	0.68746	0.66265	19	0.21951	454	0.62192	0.77093	8.32865	0.37808	0.0113	0.04896	0.08098	0.0373	0.01113	-0.04656	0.31579
37	182	865	3899	4.75275	2.34389	5.74905	51.47197	4.0	2	28	0.49316	0.01385	0.01	0.09775	4.50751	1.80692	0.48519	-0.63466	0.0	0.1341	0.20347	0.22775	0.43468	0.00333	0.18107	0.03975	0.00487	0.02667	0.00308	0.01154	0.01436	0.00616	0.01513	0.01462	0.03257	0.0059	0.01847	0.00487	0.00872	0.00359	0.00539	0.0041	0.02847	0.00308	0.02873	0.02052	0.02513	0.11388	0.08105	0.11105	0.04206	0.07002	0.00769	0.06412	4.09919	0.0	0.01648	0.02747	0.0	0.0	0.0	0.0	0.0	0.0	0.01099	0.0	0.0	0.0	0.0	0.0	0.0	0.0	0.0	0.0	0.0	0.0	0.0	0.00549	0.0	0.0	0.14286	0.7967	0.0	0.0	0.0	0.0	0.7967	1.01514	0.45604	23	0.27624	531	0.61387	0.77589	8.56219	0.38613	0.00893	0.04464	0.08631	0.0601	0.03064	0.0662	0.32456
38	88	735	3065	8.35227	4.94984	2.6428	9.16739	7.0	3	32	0.59263	0.35187	0.47678	0.15345	4.17007	1.61023	0.50284	-0.38086	0.00136	0.1619	0.23401	0.20272	0.4	0.00294	0.2	0.04796	0.00685	0.02219	0.00294	0.01175	0.01697	0.01207	0.02251	0.02023	0.04078	0.00653	0.01729	0.00653	0.00946	0.00555	0.00653	0.00228	0.03197	0.00489	0.0248	0.02414	0.02871	0.10734	0.06721	0.08385	0.03915	0.06558	0.00718	0.05383	4.17247	0.0	0.0	0.39773	0.0	0.0	0.0	0.01136	0.0	0.0	0.06818	0.0	0.17045	0.0	0.0	0.0	0.02273	0.0	0.01136	0.0	0.0	0.0	0.0	0.06818	0.0	0.01136	0.03409	0.20455	0.0	0.0	0.0	0.0	0.39773	2.47123	0.39773	9	0.44828	474	0.6449	0.78903	8.43322	0.3551	0.02482	0.06383	0.09929	0.04304	0.01667	0.04373	0.33333
39	75	1177	4869	15.69333	7.96488	1.03072	0.36941	14.0	4	36	0.50753	0.23333	0.23013	0.18558	4.13679	1.61107	0.48444	-0.34393	0.0	0.19286	0.18012	0.24469	0.38233	0.00555	0.16821	0.03635	0.00678	0.03307	0.00596	0.01006	0.01253	0.01027	0.01807	0.01807	0.03491	0.00698	0.01931	0.00698	0.00452	0.00657	0.00226	0.00205	0.02567	0.00267	0.02506	0.02362	0.02937	0.12857	0.07763	0.07579	0.05237	0.06962	0.00986	0.07127	4.17193	0.0	0.0	0.05333	0.0	0.0	0.0	0.0	0.0	0.0	0.05333	0.0	0.08	0.0	0.0	0.0	0.0	0.0	0.0	0.0	0.0	0.0	0.0	0.0	0.0	0.02667	0.06667	0.70667	0.0	0.0	0.0	0.01333	0.70667	1.5795	0.44	13	0.36486	635	0.53951	0.73543	8.54703	0.46049	0.00967	0.0399	0.07255	0.07823	0.02539	0.00787	0.34211
40	85	1226	5108	14.42353	6.89309	1.07904	1.31858	13.0	1	39	0.47791	0.10138	-0.15454	0.01803	4.16639	1.56325	0.44683	-0.36474	0.0	0.16966	0.1925	0.24715	0.3907	0.0047	0.17874	0.04131	0.00489	0.0278	0.0045	0.00803	0.01214	0.00646	0.02251	0.01782	0.04092	0.0045	0.01938	0.00529	0.00646	0.00509	0.00235	0.00215	0.0278	0.00372	0.02917	0.02095	0.03661	0.12216	0.07381	0.0789	0.03974	0.07204	0.00783	0.07224	4.13091	0.0	0.0	0.2	0.0	0.0	0.0	0.0	0.0	0.0	0.11765	0.0	0.17647	0.0	0.0	0.0	0.0	0.0	0.0	0.0	0.01176	0.0	0.0	0.02353	0.0	0.03529	0.05882	0.37647	0.0	0.0	0.0	0.0	0.37647	2.41323	0.28235	29	0.5119	661	0.53915	0.72466	8.63953	0.46085	0.00929	0.0453	0.07433	0.08692	0.03319	0.04161	0.35088
41	54	794	3365	14.7037	6.57613	0.49874	0.0918	14.0	1	32	0.44724	0.13094	-0.13101	0.23585	4.23804	1.55504	0.38222	-0.37509	0.0	0.14987	0.21033	0.21411	0.42569	0.00713	0.18544	0.02823	0.00862	0.02912	0.00357	0.00862	0.01367	0.00743	0.02021	0.01664	0.03447	0.00684	0.01902	0.00892	0.00565	0.00475	0.00238	0.00297	0.03031	0.00297	0.02734	0.02407	0.02556	0.10609	0.08113	0.08767	0.0425	0.074	0.00773	0.07697	4.14286	0.0	0.0	0.01852	0.0	0.0	0.0	0.0	0.0	0.0	0.12963	0.0	0.03704	0.01852	0.0	0.0	0.01852	0.01852	0.03704	0.01852	0.0	0.0	0.0	0.0	0.0	0.0	0.14815	0.55556	0.0	0.0	0.0	0.0	0.55556	2.1464	0.38889	18	0.39623	507	0.63854	0.78501	8.48844	0.36146	0.0104	0.04159	0.06759	0.04106	0.00892	-0.01737	0.35965
42	53	860	3522	16.22642	7.68149	0.53497	0.239	15.0	1	38	0.47339	0.42223	0.33123	0.16658	4.09535	1.54475	0.56346	-0.12423	0.0	0.16628	0.22326	0.25	0.36047	0.00767	0.16979	0.03663	0.00681	0.02328	0.00369	0.00909	0.01448	0.00426	0.01817	0.01618	0.03947	0.00625	0.01505	0.01079	0.00795	0.00653	0.00284	0.00398	0.02783	0.00398	0.02385	0.01618	0.02641	0.12039	0.08433	0.07269	0.04798	0.07723	0.00767	0.08859	4.14453	0.0	0.0	0.09434	0.0	0.0	0.0	0.0	0.0	0.0	0.07547	0.0	0.37736	0.01887	0.0	0.0	0.01887	0.0	0.0	0.0	0.0	0.0	0.0	0.01887	0.0	0.07547	0.20755	0.11321	0.0	0.0	0.0	0.0	0.37736	2.56544	0.24528	5	0.65385	459	0.53372	0.76035	8.08766	0.46628	0.01877	0.06997	0.11092	0.0877	0.03133	0.04357	0.36842
43	89	836	3609	9.39326	3.97921	1.18321	2.35933	9.0	1	25	0.42362	0.19996	0.03634	0.09655	4.31699	1.62185	0.35195	-0.70456	0.0	0.14354	0.21411	0.22249	0.41986	0.00554	0.16902	0.03879	0.00859	0.03103	0.00388	0.01219	0.01164	0.00887	0.01746	0.01524	0.0363	0.00305	0.01967	0.00582	0.00471	0.00665	0.00277	0.00305	0.03353	0.00083	0.02605	0.02328	0.03103	0.10252	0.08894	0.09116	0.04904	0.07842	0.00526	0.06567	4.14953	0.0	0.0	0.0	0.0	0.0	0.0	0.0	0.0	0.0	0.0	0.0	0.0	0.0	0.0	0.0	0.0	0.0	0.0	0.0	0.0	0.0	0.0	0.0	0.0	0.01124	0.11236	0.8764	0.0	0.0	0.0	0.0	0.8764	0.59393	0.58427	18	0.21591	539	0.64474	0.76623	8.67343	0.35526	0.01087	0.04037	0.07143	0.03226	0.01091	0.04131	0.37719
44	59	346	1474	5.86441	2.19751	0.23006	0.10251	6.0	1	12	0.37472	0.2671	0.1234	-0.1403	4.26012	1.63646	0.36592	-0.67594	0.0	0.16474	0.2052	0.22543	0.40462	0.00543	0.17436	0.04138	0.00475	0.03121	0.00339	0.01018	0.0095	0.00475	0.01018	0.01289	0.04138	0.00678	0.01493	0.00611	0.00271	0.00271	0.00339	0.00136	0.03189	0.00339	0.02171	0.02374	0.03392	0.09227	0.09973	0.10448	0.04003	0.0787	0.00814	0.07463	4.06828	0.0	0.0	0.0	0.0	0.0	0.0	0.0	0.0	0.0	0.0	0.0	0.0	0.0	0.0	0.0	0.0	0.0	0.0	0.0	0.0	0.0	0.0	0.0	0.0	0.0	0.25424	0.74576	0.0	0.0	0.0	0.0	0.74576	0.81793	0.42373	15	0.2931	241	0.69653	0.79668	7.60562	0.30347	0.01538	0.06538	0.12308	0.02994	0.00585	-0.12993	0.38596
45	37	488	2085	13.18919	5.2083	0.08285	-0.08729	13.0	1	24	0.39489	0.16532	0.14703	-0.07188	4.27254	1.63388	0.45099	-0.42331	0.0	0.15779	0.20082	0.22541	0.41598	0.0048	0.18082	0.03309	0.00671	0.04556	0.0048	0.00911	0.01391	0.00767	0.01007	0.01439	0.02926	0.00767	0.01871	0.00336	0.00432	0.00624	0.00144	0.00288	0.02878	0.00336	0.02062	0.01727	0.03261	0.11607	0.09448	0.07194	0.04604	0.0753	0.00767	0.08106	4.08711	0.0	0.0	0.0	0.0	0.0	0.0	0.0	0.0	0.0	0.0	0.0	0.0	0.0	0.0	0.0	0.0	0.0	0.0	0.0	0.0	0.0	0.0	0.0	0.0	0.0	0.18919	0.81081	0.0	0.0	0.0	0.0	0.81081	0.69977	0.54054	25	0.16667	312	0.63934	0.77885	7.84226	0.36066	0.01739	0.06667	0.11304	0.0432	0.00621	-0.0681	0.39474
46	35	645	2667	18.42857	8.2368	0.73385	1.46509	18.0	1	45	0.44696	-0.04301	-0.13531	-0.22014	4.13488	1.55282	0.48532	-0.25541	0.0	0.16899	0.20775	0.23721	0.38605	0.00262	0.1856	0.03525	0.00337	0.03412	0.00262	0.00937	0.01275	0.006	0.02137	0.018	0.036	0.00487	0.01762	0.00487	0.0075	0.00675	0.0015	0.0015	0.02962	0.00375	0.024	0.02737	0.02887	0.10799	0.08324	0.08061	0.04424	0.07724	0.009	0.07237	4.10791	0.0	0.0	0.0	0.0	0.0	0.0	0.0	0.0	0.0	0.0	0.0	0.02857	0.0	0.0	0.0	0.0	0.0	0.0	0.0	0.0	0.0	0.0	0.0	0.0	0.0	0.22857	0.74286	0.0	0.0	0.0	0.0	0.74286	0.95181	0.37143	9	0.38235	414	0.64186	0.78986	8.20533	0.35814	0.01313	0.05033	0.08315	0.03896	0.00785	-0.06752	0.40351
47	38	542	2423	14.26316	8.753	1.608	2.63833	12.0	3	44	0.61368	0.03932	-0.09831	-0.04481	4.47048	1.64296	0.43665	-0.26774	0.0	0.11808	0.19373	0.21587	0.47232	0.00537	0.17953	0.02972	0.0066	0.03384	0.00495	0.00537	0.00949	0.0066	0.01444	0.01775	0.03838	0.00371	0.01444	0.00413	0.0066	0.00743	0.0066	0.00165	0.03013	0.00454	0.03013	0.01568	0.03095	0.1234	0.09203	0.07264	0.05778	0.0813	0.00867	0.05613	4.10331	0.0	0.05263	0.0	0.0	0.0	0.0	0.0	0.0	0.0	0.0	0.0	0.0	0.0	0.0	0.0	0.0	0.0	0.0	0.0	0.0	0.0	0.0	0.0	0.0	0.0	0.94737	0.0	0.0	0.0	0.0	0.0	0.94737	0.29747	0.68421	14	0.10811	338	0.62362	0.78698	7.8638	0.37638	0.01818	0.07013	0.10909	0.06953	0.03077	0.02986	0.41228
48	29	560	2510	19.31034	11.40509	1.0164	1.04312	19.0	4	54	0.59062	0.2649	0.0376	-0.22285	4.48214	1.67536	0.43431	-0.26424	0.0	0.13214	0.16429	0.24286	0.46071	0.00558	0.15777	0.02789	0.00717	0.03307	0.00359	0.01195	0.01235	0.00677	0.02351	0.01315	0.03825	0.00717	0.02072	0.00677	0.00518	0.00359	0.00359	0.00478	0.03267	0.00598	0.0251	0.01873	0.03307	0.12709	0.08048	0.0745	0.051	0.08048	0.00797	0.07012	4.18676	0.0	1.0	0.0	0.0	0.0	0.0	0.0	0.0	0.0	0.0	0.0	0.0	0.0	0.0	0.0	0.0	0.0	0.0	0.0	0.0	0.0	0.0	0.0	0.0	0.0	0.0	0.0	0.0	0.0	0.0	0.0	1.0	-0.0	0.44828	29	0.0	361	0.64464	0.76731	8.03412	0.35536	0.01869	0.05607	0.09579	0.05792	0.02011	-0.07588	0.42105
49	18	353	1533	19.61111	8.71868	0.58647	-0.35718	18.0	7	40	0.44458	-0.1269	0.3021	-0.06299	4.34278	1.69278	0.34842	-0.71159	0.0	0.17847	0.14164	0.26629	0.4136	0.00457	0.19374	0.03392	0.00261	0.03588	0.00391	0.00718	0.01305	0.00783	0.01109	0.00652	0.0287	0.00196	0.01892	0.00326	0.00848	0.00587	0.00391	0.00261	0.02805	0.00522	0.02218	0.02087	0.03196	0.1259	0.08611	0.08023	0.04175	0.08545	0.00652	0.07175	4.01715	0.0	0.0	0.0	0.0	0.0	0.0	0.0	0.0	0.0	0.0	0.0	0.05556	0.0	0.0	0.0	0.0	0.0	0.0	0.0	0.0	0.0	0.0	0.0	0.0	0.0	0.38889	0.55556	0.0	0.0	0.0	0.0	0.55556	1.23266	0.38889	3	0.76471	216	0.6119	0.78704	7.19413	0.3881	0.02542	0.08051	0.14407	0.05678	0.01775	-0.07356	0.42982
50	45	373	1507	8.28889	2.90304	0.39896	-0.64303	8.0	3	15	0.35023	0.16609	0.01303	-0.13401	4.04021	1.4612	0.42012	-0.44376	0.00268	0.1555	0.23592	0.26542	0.34048	0.0073	0.15063	0.05043	0.00531	0.02654	0.00066	0.01526	0.01725	0.01062	0.03849	0.01526	0.03451	0.00464	0.01792	0.00863	0.00796	0.00398	0.00398	0.00332	0.02986	0.00464	0.02787	0.03782	0.02853	0.11082	0.07631	0.07432	0.03583	0.07233	0.00398	0.07498	4.24349	0.0	0.0	0.15556	0.0	0.0	0.0	0.11111	0.0	0.0	0.6	0.0	0.04444	0.0	0.0	0.0	0.02222	0.0	0.02222	0.04444	0.0	0.0	0.0	0.0	0.0	0.0	0.0	0.0	0.0	0.0	0.0	0.0	0.6	1.85534	0.53333	11	0.52273	278	0.74531	0.84892	7.80123	0.25469	0.02397	0.06849	0.11301	0.01366	0.0	-0.01057	0.4386
51	60	360	1546	6.0	2.35938	0.31217	-0.03862	6.0	2	13	0.39323	0.59972	0.41189	0.25812	4.29444	1.6806	0.64761	-0.14016	0.0	0.13333	0.24722	0.21389	0.40556	0.00453	0.16753	0.02329	0.00517	0.03428	0.00259	0.01358	0.011	0.00906	0.01164	0.02135	0.04204	0.00323	0.02329	0.00259	0.00582	0.00259	0.00453	0.00129	0.02523	0.00388	0.0401	0.02975	0.02523	0.10285	0.09314	0.0925	0.04075	0.08409	0.00647	0.06662	4.11883	0.0	0.06667	0.0	0.0	0.0	0.0	0.0	0.0	0.0	0.0	0.0	0.0	0.0	0.0	0.0	0.0	0.0	0.0	0.0	0.01667	0.0	0.01667	0.01667	0.03333	0.0	0.15	0.7	0.0	0.0	0.0	0.0	0.7	1.49011	0.4	11	0.27119	262	0.72778	0.80153	7.77575	0.27222	0.02555	0.07664	0.11679	0.01989	0.0113	-0.0407	0.44737
52	49	312	1324	6.36735	2.99451	1.3265	4.58592	6.0	1	19	0.47029	0.33269	0.40195	0.39138	4.24359	1.66168	0.39814	-0.50081	0.0	0.17949	0.20513	0.17949	0.4359	0.00453	0.15257	0.04758	0.00151	0.03399	0.00378	0.00755	0.01284	0.00378	0.01284	0.01511	0.04381	0.00302	0.01964	0.0068	0.00982	0.00302	0.00529	0.00076	0.0287	0.00604	0.02568	0.02115	0.03097	0.08686	0.11103	0.08837	0.05136	0.08988	0.00302	0.06873	4.11767	0.0	0.06122	0.0	0.0	0.0	0.0	0.0	0.0	0.0	0.0	0.0	0.10204	0.0	0.0	0.0	0.0	0.0	0.0	0.0	0.06122	0.0	0.0	0.0	0.0	0.0	0.16327	0.61224	0.0	0.0	0.0	0.0	0.61224	1.68969	0.46939	15	0.33333	236	0.75641	0.85593	7.57768	0.24359	0.06639	0.11203	0.15353	0.02649	0.0	0.24707	0.45614
53	62	360	1433	5.80645	5.32141	2.95481	8.98587	4.0	2	31	0.91646	0.28934	0.26805	0.30445	3.98056	1.57838	0.65507	-0.18795	0.0	0.19167	0.25556	0.22222	0.33056	0.00419	0.20028	0.03001	0.01465	0.02791	0.00698	0.00837	0.01117	0.00488	0.01954	0.01605	0.0314	0.01117	0.02024	0.00977	0.00209	0.00628	0.00488	0.00279	0.02373	0.00977	0.02582	0.01186	0.02303	0.10258	0.07606	0.07886	0.04257	0.08234	0.04396	0.04676	4.17586	0.0	0.06452	0.0	0.03226	0.0	0.0	0.0	0.0	0.0	0.0	0.0	0.0	0.0	0.0	0.0	0.0	0.0	0.0	0.0	0.0	0.0	0.0	0.0	0.0	0.0	0.0	0.04839	0.0	0.0	0.85484	0.0	0.85484	0.81977	0.16129	27	0.11475	244	0.67778	0.80738	7.53735	0.32222	0.02362	0.0748	0.11417	0.02305	0.00845	-0.03153	0.46491
54	55	342	1469	6.21818	1.79586	0.25529	-0.94742	6.0	3	10	0.28881	-0.15507	-0.1737	0.21757	4.29532	1.42981	0.22882	-0.63649	0.0	0.10526	0.22807	0.2193	0.44737	0.00885	0.15385	0.03948	0.01089	0.02451	0.00136	0.01293	0.0143	0.00477	0.03199	0.02859	0.07216	0.00749	0.02178	0.00953	0.00885	0.00408	0.00545	0.00068	0.03608	0.0034	0.03404	0.03268	0.0388	0.08101	0.07352	0.08237	0.03404	0.06671	0.00545	0.05037	4.29959	0.0	0.0	0.0	0.0	0.0	0.0	0.0	0.0	0.0	0.0	0.0	1.0	0.0	0.0	0.0	0.0	0.0	0.0	0.0	0.0	0.0	0.0	0.0	0.0	0.0	0.0	0.0	0.0	0.0	0.0	0.0	1.0	-0.0	0.2	55	0.0	230	0.67251	0.80435	7.47559	0.32749	0.03793	0.12069	0.18966	0.05763	0.0459	0.01688	0.47368
55	78	352	1647	4.51282	2.13484	2.93129	13.59758	4.0	1	17	0.47306	-0.00925	0.35551	-0.01635	4.67898	1.53623	0.12435	-0.53873	0.0	0.09375	0.12216	0.2642	0.51989	0.02064	0.22222	0.07529	0.00243	0.03764	0.00182	0.01639	0.00789	0.00911	0.00425	0.02732	0.05161	0.00425	0.01761	0.00546	0.00425	0.00425	0.00607	0.00061	0.01093	0.00243	0.04129	0.01336	0.051	0.08379	0.06618	0.08622	0.02368	0.04129	0.00243	0.05829	4.02595	0.0	0.0	0.0	0.0	0.0	0.0	0.0	0.0	0.0	0.0	0.0	0.02564	0.0	0.0	0.0	0.0	0.0	0.0	0.0	0.0	0.0	0.0	0.0	0.0	0.0	0.08974	0.88462	0.0	0.0	0.0	0.0	0.88462	0.60412	0.84615	30	0.16883	176	0.5	0.78977	6.31951	0.5	0.09936	0.41026	0.45833	0.08787	0.05882	0.25269	0.48246
56	96	379	1756	3.94792	1.48162	0.935	1.21168	4.0	2	9	0.37529	0.34615	0.14723	0.10689	4.63325	1.75702	0.12697	-0.90897	0.0	0.14776	0.1504	0.17942	0.52243	0.00399	0.17825	0.03474	0.01253	0.03417	0.00854	0.01139	0.02335	0.00569	0.01025	0.00911	0.03531	0.0074	0.01253	0.01196	0.00968	0.00399	0.00399	0.00513	0.02506	0.00228	0.02278	0.01993	0.0279	0.09852	0.09966	0.11446	0.0205	0.08656	0.00285	0.05752	4.10024	0.01042	0.07292	0.01042	0.10417	0.0	0.0	0.0	0.0	0.0	0.03125	0.0	0.0	0.0	0.0	0.0	0.0	0.0	0.0	0.0	0.0	0.0	0.0	0.0	0.0	0.01042	0.1875	0.57292	0.0	0.0	0.0	0.0	0.57292	1.8906	0.34375	18	0.36842	269	0.70976	0.83271	7.71789	0.29024	0.02941	0.09477	0.15033	0.04507	0.01622	0.09736	0.49123
57	29	575	2545	19.82759	9.09365	0.79016	-0.41992	17.0	8	39	0.45864	-0.11588	-0.01137	-0.1047	4.42609	1.61332	0.36424	-0.29194	0.0	0.13043	0.18435	0.21565	0.46957	0.00472	0.17289	0.03458	0.00629	0.03261	0.00511	0.01022	0.01061	0.00629	0.01454	0.01179	0.04637	0.00472	0.01807	0.00472	0.00472	0.00982	0.00196	0.00314	0.02397	0.00472	0.02829	0.01925	0.02908	0.12377	0.08448	0.06955	0.04715	0.08841	0.00668	0.07151	4.11251	0.0	0.0	0.03448	0.0	0.0	0.0	0.0	0.0	0.0	0.03448	0.0	0.37931	0.03448	0.0	0.0	0.0	0.0	0.0	0.0	0.0	0.0	0.0	0.0	0.0	0.0	0.34483	0.17241	0.0	0.0	0.0	0.0	0.37931	1.99996	0.34483	4	0.64286	362	0.62957	0.77072	8.04033	0.37043	0.01442	0.0601	0.09615	0.05597	0.02143	-0.00977	0.5
58	22	475	2046	21.59091	11.11371	1.27186	1.01609	18.5	8	51	0.51474	0.17802	-0.19409	0.05107	4.30737	1.62812	0.36154	-0.66341	0.0	0.15158	0.2	0.23158	0.41684	0.00342	0.18035	0.0303	0.00391	0.03079	0.00489	0.01173	0.01417	0.00587	0.0176	0.0176	0.02493	0.00635	0.01857	0.0088	0.00587	0.00244	0.00391	0.00147	0.02639	0.00244	0.02199	0.0132	0.02346	0.12512	0.0826	0.07918	0.06012	0.09042	0.00587	0.07625	4.05273	0.0	0.0	0.0	0.0	0.0	0.0	0.0	0.0	0.0	0.04545	0.0	0.22727	0.04545	0.0	0.0	0.0	0.0	0.0	0.0	0.0	0.0	0.0	0.0	0.0	0.0	0.13636	0.54545	0.0	0.0	0.0	0.0	0.54545	1.76016	0.40909	8	0.52381	272	0.57263	0.72059	7.53234	0.42737	0.01603	0.07372	0.12179	0.09501	0.04213	0.02356	0.50877
59	24	447	1970	18.625	8.37562	1.1826	0.6233	17.0	10	41	0.4497	-0.00079	0.19919	0.0343	4.40716	1.72616	0.37361	-0.55025	0.0	0.16779	0.16107	0.22371	0.44743	0.00711	0.18274	0.03249	0.00609	0.02284	0.00305	0.01168	0.01168	0.01066	0.01574	0.01472	0.03909	0.00508	0.01726	0.00863	0.00964	0.00254	0.00203	0.00203	0.01929	0.00305	0.02487	0.02234	0.02234	0.13706	0.07513	0.07868	0.05838	0.08223	0.00711	0.06447	4.07873	0.0	0.0	0.08333	0.0	0.0	0.0	0.0	0.0	0.0	0.0	0.0	0.125	0.0	0.0	0.0	0.0	0.0	0.0	0.0	0.0	0.0	0.0	0.0	0.0	0.0	0.20833	0.58333	0.0	0.0	0.0	0.0	0.58333	1.59882	0.45833	6	0.56522	297	0.66443	0.80471	7.71567	0.33557	0.00974	0.0487	0.08117	0.07543	0.03972	-0.00169	0.51754
60	13	352	1560	27.07692	15.30943	0.86231	-0.91806	21.0	13	56	0.56541	-0.3586	-0.04798	0.04113	4.43182	1.69421	0.261	-0.79812	0.0	0.15625	0.17614	0.2017	0.46591	0.00769	0.17885	0.03205	0.00705	0.03718	0.00128	0.01218	0.01282	0.00577	0.01923	0.0109	0.03205	0.00321	0.01474	0.00256	0.00385	0.00256	0.00192	0.00128	0.02115	0.00577	0.02628	0.01731	0.04231	0.10897	0.08974	0.0859	0.04615	0.0891	0.00385	0.07628	4.04552	0.0	0.0	0.0	0.0	0.0	0.0	0.0	0.0	0.0	0.07692	0.0	0.23077	0.0	0.0	0.0	0.0	0.0	0.0	0.0	0.0	0.0	0.0	0.0	0.0	0.07692	0.30769	0.30769	0.0	0.0	0.0	0.0	0.30769	2.10391	0.30769	2	0.83333	238	0.67614	0.79412	7.52575	0.32386	0.01633	0.06531	0.11429	0.05488	0.01458	-0.09972	0.52632
61	14	226	966	16.14286	8.29679	1.34058	0.50836	13.0	9	36	0.51396	0.12773	-0.13275	-0.28591	4.27434	1.64154	0.63033	-0.10043	0.0	0.13717	0.22566	0.23451	0.40265	0.00104	0.16977	0.03106	0.00518	0.03002	0.0	0.00725	0.01346	0.00311	0.01967	0.01553	0.04244	0.00518	0.02174	0.00311	0.00932	0.00104	0.00414	0.00518	0.01863	0.00311	0.02588	0.01967	0.02692	0.12629	0.07764	0.08075	0.05176	0.08385	0.01346	0.08385	4.06316	0.0	0.0	0.0	0.0	0.0	0.0	0.0	0.0	0.0	0.0	0.0	0.0	0.0	0.0	0.0	0.07143	0.0	0.0	0.0	0.0	0.0	0.0	0.0	0.0	0.0	0.21429	0.71429	0.0	0.0	0.0	0.0	0.71429	1.09491	0.35714	5	0.53846	154	0.68142	0.76623	6.95947	0.31858	0.01923	0.07051	0.13462	0.08867	0.04225	-0.08087	0.53509
62	11	177	768	16.09091	5.29931	-0.24145	-1.48329	18.0	8	23	0.32934	-0.22694	-0.45469	0.63582	4.33898	1.63241	0.33438	-0.53084	0.0	0.15819	0.18079	0.20339	0.45763	0.0026	0.1862	0.02214	0.01042	0.03516	0.00911	0.00391	0.01302	0.00521	0.01562	0.02083	0.02865	0.00911	0.01042	0.00391	0.00391	0.01042	0.0	0.00391	0.02083	0.0026	0.02344	0.01823	0.03125	0.14323	0.09245	0.0625	0.04557	0.07943	0.0026	0.08333	4.00845	0.0	0.0	0.0	0.0	0.0	0.0	0.0	0.0	0.0	0.0	0.0	0.0	0.0	0.0	0.0	0.0	0.0	0.0	0.0	0.0	0.0	0.0	0.0	0.0	0.0	0.27273	0.72727	0.0	0.0	0.0	0.0	0.72727	0.84535	0.45455	7	0.3	133	0.75141	0.81203	6.85018	0.24859	0.025	0.1	0.18333	0.03529	0.00575	-0.08155	0.54386
63	11	181	801	16.45455	3.75048	-0.19132	-1.28039	17.0	11	22	0.22793	-0.25501	-0.12274	0.4103	4.42541	1.75619	0.54327	-0.22806	0.0	0.14917	0.18785	0.22099	0.44199	0.00624	0.16105	0.01748	0.00624	0.02622	0.00125	0.01124	0.00749	0.00999	0.01498	0.01623	0.03246	0.00499	0.02622	0.00375	0.00624	0.0025	0.00125	0.0	0.02497	0.00499	0.03121	0.02871	0.02996	0.14232	0.07865	0.08614	0.05993	0.08989	0.00749	0.05993	4.06425	0.0	0.0	0.0	0.0	0.0	0.0	0.0	0.0	0.0	0.0	0.0	0.0	0.0	0.0	0.0	0.0	0.0	0.0	0.0	0.0	0.0	0.0	0.0	0.0	0.0	0.0	1.0	0.0	0.0	0.0	0.0	1.0	-0.0	0.81818	11	0.0	138	0.76243	0.82609	6.88626	0.23757	0.02439	0.08943	0.1626	0.02273	0.00562	-0.11451	0.55263
64	18	242	1091	13.44444	4.94663	0.83772	0.93722	12.5	5	27	0.36793	-0.36923	0.22202	0.10745	4.50826	1.57785	0.2783	-0.60449	0.0	0.10744	0.17355	0.25207	0.46694	0.00183	0.17324	0.03483	0.00275	0.033	0.00275	0.0055	0.01467	0.00642	0.01375	0.01467	0.03666	0.0055	0.01742	0.0055	0.01008	0.0055	0.00367	0.00183	0.03025	0.00733	0.033	0.01283	0.03208	0.13107	0.08249	0.06141	0.04583	0.10082	0.0055	0.06783	4.07552	0.0	0.0	0.0	0.0	0.0	0.0	0.0	0.0	0.0	0.05556	0.0	0.38889	0.0	0.0	0.0	0.0	0.0	0.0	0.0	0.0	0.0	0.0	0.0	0.0	0.0	0.38889	0.16667	0.0	0.0	0.0	0.0	0.38889	1.72227	0.38889	4	0.58824	182	0.75207	0.82967	7.27899	0.24793	0.01734	0.08092	0.13873	0.03879	0.01266	-0.02625	0.5614
65	12	289	1203	24.08333	9.52591	0.00682	-0.70715	25.0	7	42	0.39554	0.20636	-0.2521	-0.21942	4.16263	1.46157	0.46166	-0.1672	0.0	0.13841	0.20069	0.2872	0.3737	0.00333	0.17041	0.02826	0.00665	0.0399	0.00499	0.01247	0.01912	0.00831	0.0266	0.01247	0.04156	0.00499	0.02244	0.00748	0.00249	0.00748	0.00249	0.00333	0.03658	0.00166	0.02244	0.02328	0.02328	0.12801	0.06318	0.07814	0.06567	0.06234	0.00416	0.0665	4.15564	0.0	0.91667	0.0	0.0	0.0	0.0	0.0	0.0	0.0	0.0	0.0	0.0	0.0	0.0	0.0	0.0	0.0	0.0	0.0	0.0	0.0	0.0	0.0	0.0	0.0	0.0	0.0	0.0	0.0	0.08333	0.0	0.91667	0.41382	0.66667	6	0.18182	203	0.70242	0.82266	7.22902	0.29758	0.0197	0.07389	0.12315	0.03623	0.0106	-0.0212	0.57018
66	12	254	1105	21.16667	9.43251	1.29604	1.33891	19.0	11	46	0.44563	-0.5286	0.18653	-0.0018	4.35039	1.57717	0.49567	0.37836	0.0	0.14567	0.15354	0.23622	0.46457	0.0009	0.18914	0.03891	0.00543	0.04525	0.00362	0.01267	0.01448	0.00724	0.01719	0.00995	0.04344	0.00452	0.00905	0.00271	0.00724	0.00724	0.00181	0.00543	0.02986	0.00633	0.02172	0.01538	0.02896	0.10317	0.07602	0.08869	0.05068	0.06968	0.00633	0.07692	4.08711	0.0	0.08333	0.0	0.0	0.0	0.0	0.0	0.0	0.0	0.0	0.0	0.33333	0.0	0.0	0.0	0.0	0.0	0.0	0.0	0.0	0.0	0.0	0.0	0.0	0.0	0.16667	0.41667	0.0	0.0	0.0	0.0	0.41667	1.78416	0.33333	3	0.45455	196	0.77165	0.86735	7.35271	0.22835	0.02551	0.07653	0.12755	0.0332	0.01619	0.00856	0.57895
67	30	333	1347	11.1	3.16596	0.33693	-0.36874	11.0	5	18	0.28522	0.17902	-0.25798	-0.37267	4.04505	1.49104	0.44474	-0.26134	0.0	0.18619	0.18318	0.27928	0.35135	0.00594	0.16704	0.03563	0.00297	0.02673	0.00074	0.01188	0.01114	0.00668	0.01262	0.02376	0.05197	0.00742	0.02004	0.00965	0.01188	0.00445	0.00445	0.00074	0.02673	0.00445	0.03341	0.02673	0.03489	0.10542	0.08092	0.07275	0.04083	0.06978	0.00668	0.08166	4.18584	0.0	0.0	0.0	0.0	0.0	0.0	0.0	0.0	0.0	0.0	0.0	0.7	0.0	0.0	0.0	0.0	0.0	0.0	0.0	0.0	0.0	0.0	0.0	0.0	0.0	0.06667	0.23333	0.0	0.0	0.0	0.0	0.7	1.11055	0.43333	21	0.13793	222	0.66667	0.80631	7.4192	0.33333	0.01674	0.08368	0.14644	0.03785	0.01534	0.01376	0.58772
68	52	301	1289	5.78846	2.80341	0.70949	-0.48024	5.0	2	12	0.48431	0.03746	0.27289	0.1396	4.28239	1.71082	0.5559	-0.44855	0.00332	0.13289	0.28239	0.16279	0.4186	0.00233	0.15904	0.04267	0.00621	0.02948	0.00465	0.01009	0.01474	0.00698	0.02172	0.01474	0.03724	0.0031	0.01939	0.00388	0.01164	0.0031	0.00853	0.00233	0.03258	0.00621	0.02172	0.01629	0.04112	0.10008	0.0931	0.10163	0.03724	0.07448	0.00931	0.06439	4.18017	0.0	0.0	0.0	0.0	0.0	0.0	0.0	0.0	0.0	0.0	0.0	0.0	0.0	0.0	0.0	0.0	0.0	0.0	0.0	0.0	0.0	0.0	0.0	0.0	0.0	0.19231	0.80769	0.0	0.0	0.0	0.0	0.80769	0.70627	0.48077	13	0.27451	227	0.75415	0.8326	7.58032	0.24585	0.02193	0.07456	0.11842	0.01351	0.0	0.12756	0.59649
69	52	260	1133	5.0	2.35339	1.74394	4.89178	4.5	1	15	0.47068	0.25399	-0.04562	-0.05776	4.35769	1.57594	0.43648	-0.18688	0.0	0.12308	0.20769	0.22308	0.44615	0.00353	0.17211	0.03177	0.02913	0.03089	0.00618	0.00794	0.01765	0.01236	0.01059	0.015	0.03354	0.00265	0.01853	0.0053	0.00706	0.0053	0.00794	0.00265	0.03354	0.00441	0.03354	0.0256	0.03001	0.09974	0.07855	0.06443	0.04678	0.07326	0.00794	0.08208	4.23133	0.0	0.0	0.0	0.44231	0.0	0.0	0.0	0.0	0.0	0.0	0.0	0.0	0.0	0.0	0.0	0.0	0.0	0.0	0.0	0.0	0.0	0.0	0.0	0.0	0.01923	0.07692	0.28846	0.17308	0.0	0.0	0.0	0.44231	1.87016	0.30769	18	0.27451	202	0.77692	0.82178	7.48172	0.22308	0.01442	0.06731	0.11538	0.01569	0.00389	0.1707	0.60526
70	44	217	971	4.93182	2.30018	0.86771	-0.0242	4.0	2	11	0.46639	0.2533	0.15304	0.28914	4.47465	1.66298	0.28183	-0.62065	0.0	0.13364	0.19355	0.18433	0.48848	0.00206	0.15654	0.0309	0.00618	0.01957	0.00206	0.01545	0.0103	0.0103	0.01957	0.02369	0.03811	0.00412	0.01442	0.00721	0.01133	0.00309	0.00206	0.00309	0.03913	0.00412	0.02369	0.01648	0.0206	0.09887	0.10093	0.08239	0.05252	0.08651	0.01133	0.08342	4.14778	0.0	0.15909	0.0	0.02273	0.0	0.0	0.02273	0.0	0.0	0.0	0.0	0.0	0.0	0.0	0.0	0.0	0.0	0.0	0.0	0.04545	0.0	0.0	0.0	0.0	0.02273	0.06818	0.47727	0.09091	0.0	0.09091	0.0	0.47727	2.39932	0.31818	12	0.32558	176	0.81106	0.88636	7.26191	0.18894	0.04167	0.10119	0.16071	0.02404	0.00467	0.17543	0.61404
71	28	227	965	8.10714	4.01194	0.75444	-0.46686	7.0	3	18	0.49486	-0.18492	0.14449	0.48807	4.2511	1.6049	0.64896	0.03141	0.0	0.12335	0.26432	0.19824	0.4141	0.00207	0.20725	0.02798	0.0	0.03523	0.00622	0.01969	0.00311	0.01036	0.02591	0.01036	0.06218	0.00415	0.02073	0.00207	0.00415	0.00622	0.00518	0.00207	0.02591	0.00829	0.01865	0.02176	0.03316	0.10984	0.07979	0.06218	0.03523	0.09119	0.00415	0.05492	4.03449	0.0	0.85714	0.0	0.0	0.0	0.0	0.0	0.0	0.0	0.0	0.0	0.0	0.0	0.0	0.0	0.0	0.0	0.0	0.0	0.0	0.0	0.0	0.0	0.0	0.0	0.03571	0.10714	0.0	0.0	0.0	0.0	0.85714	0.70757	0.60714	24	0.07407	171	0.7533	0.8538	7.17451	0.2467	0.0241	0.08434	0.14458	0.02727	0.00897	0.00211	0.62281
72	28	286	1109	10.21429	2.4692	0.22295	-0.38637	10.0	5	16	0.24174	0.18852	-0.29813	-0.0894	3.87762	1.36735	0.92709	1.35188	0.0	0.15734	0.23427	0.36014	0.24825	0.00271	0.2092	0.03246	0.0018	0.01533	0.0009	0.01533	0.01443	0.00451	0.04869	0.00631	0.04328	0.00271	0.02344	0.01082	0.00721	0.00541	0.00721	0.00451	0.03336	0.00451	0.02254	0.02254	0.01713	0.1037	0.06402	0.1028	0.0514	0.06492	0.00902	0.04779	4.06663	0.0	1.0	0.0	0.0	0.0	0.0	0.0	0.0	0.0	0.0	0.0	0.0	0.0	0.0	0.0	0.0	0.0	0.0	0.0	0.0	0.0	0.0	0.0	0.0	0.0	0.0	0.0	0.0	0.0	0.0	0.0	1.0	-0.0	0.67857	28	0.0	200	0.6993	0.8	7.33953	0.3007	0.03704	0.11111	0.1713	0.04412	0.00709	-0.08597	0.63158
73	20	200	854	10.0	15.71623	4.02954	14.53013	6.0	3	78	1.57162	0.33574	-0.02591	0.19895	4.27	1.53854	0.22597	-0.39245	0.0	0.17	0.15	0.225	0.455	0.00468	0.18852	0.02576	0.0082	0.03044	0.00703	0.01171	0.00585	0.00937	0.01288	0.01405	0.05504	0.00351	0.01991	0.00703	0.00937	0.0082	0.00585	0.00117	0.02342	0.00585	0.02927	0.0281	0.0281	0.12529	0.06089	0.06792	0.04333	0.0808	0.00703	0.07143	4.13738	0.0	0.9	0.0	0.0	0.0	0.0	0.0	0.0	0.0	0.0	0.0	0.0	0.0	0.0	0.0	0.0	0.0	0.0	0.0	0.0	0.0	0.0	0.0	0.0	0.05	0.05	0.0	0.0	0.0	0.0	0.0	0.9	0.569	0.75	18	0.10526	157	0.785	0.84713	7.08429	0.215	0.02632	0.08553	0.15132	0.01531	0.00508	0.09853	0.64035
74	56	256	1035	4.57143	7.26257	6.72166	45.51597	3.0	2	57	1.58869	-0.05185	-0.0635	-0.01637	4.04297	1.52905	0.64886	0.11165	0.0	0.16406	0.25391	0.21875	0.36328	0.0058	0.17101	0.03092	0.01256	0.03478	0.00966	0.00773	0.00966	0.0058	0.02512	0.02415	0.0657	0.0029	0.02126	0.01353	0.00773	0.00483	0.0029	0.00097	0.02126	0.00193	0.03188	0.02415	0.04251	0.10145	0.0686	0.07536	0.03478	0.06377	0.0058	0.0715	4.21729	0.0	0.10714	0.0	0.125	0.0	0.0	0.0	0.0	0.0	0.01786	0.0	0.55357	0.0	0.0	0.0	0.0	0.0	0.0	0.0	0.0	0.0	0.0	0.0	0.0	0.0	0.0	0.17857	0.01786	0.0	0.0	0.0	0.55357	1.84377	0.16071	20	0.2	192	0.75	0.82812	7.35485	0.25	0.02105	0.08421	0.13684	0.03659	0.01195	0.10022	0.64912
75	40	164	676	4.1	1.15758	0.38487	-0.42108	4.0	2	7	0.28234	0.32382	0.12357	0.21172	4.12195	1.45996	0.3641	-0.67792	0.0	0.14024	0.2439	0.22561	0.39024	0.0	0.17899	0.0429	0.01775	0.02219	0.0074	0.01479	0.0074	0.00592	0.00888	0.02219	0.04734	0.00296	0.03698	0.00148	0.00592	0.00148	0.00296	0.00592	0.02367	0.00148	0.02811	0.03994	0.02367	0.11834	0.05917	0.0784	0.03107	0.06361	0.03107	0.06805	4.15601	0.0	0.0	0.0	0.25	0.0	0.0	0.0	0.0	0.0	0.0	0.0	0.175	0.0	0.0	0.0	0.0	0.0	0.0	0.0	0.0	0.0	0.0	0.1	0.0	0.0	0.0	0.0	0.2	0.0	0.25	0.025	0.25	2.36968	0.15	10	0.23077	123	0.75	0.82927	6.71396	0.25	0.04545	0.15152	0.22727	0.05161	0.0125	0.08021	0.65789
76	31	243	1087	7.83871	2.03354	0.35736	-0.23632	8.0	4	13	0.25942	0.03428	0.21814	-0.28311	4.47325	1.49702	0.16201	-0.68852	0.0	0.09465	0.20576	0.21399	0.4856	0.00736	0.19687	0.0322	0.01012	0.02208	0.00552	0.01288	0.01104	0.00736	0.01656	0.0138	0.0598	0.00828	0.02852	0.01564	0.00368	0.0046	0.01104	0.00184	0.02392	0.00092	0.02392	0.0138	0.03404	0.08464	0.06808	0.07912	0.04784	0.07268	0.00552	0.07636	4.16836	0.0	1.0	0.0	0.0	0.0	0.0	0.0	0.0	0.0	0.0	0.0	0.0	0.0	0.0	0.0	0.0	0.0	0.0	0.0	0.0	0.0	0.0	0.0	0.0	0.0	0.0	0.0	0.0	0.0	0.0	0.0	1.0	-0.0	0.64516	31	0.0	195	0.80247	0.88718	7.3976	0.19753	0.01604	0.06952	0.12299	0.00837	0.0	-0.0422	0.66667
77	50	181	841	3.62	1.26317	0.86025	-0.13576	3.0	2	7	0.34894	0.10731	0.4349	0.15831	4.64641	1.85283	0.70628	-0.3255	0.0	0.08287	0.22652	0.25967	0.43094	0.00476	0.15458	0.02616	0.0	0.03329	0.00476	0.01427	0.00357	0.00357	0.0107	0.04281	0.03805	0.00119	0.00951	0.00832	0.00832	0.00119	0.00476	0.00357	0.02616	0.00119	0.03448	0.0214	0.044	0.12366	0.08799	0.07967	0.02021	0.0868	0.00357	0.0975	4.03006	0.0	0.18	0.04	0.0	0.1	0.0	0.0	0.0	0.0	0.0	0.0	0.04	0.0	0.0	0.0	0.0	0.0	0.0	0.0	0.02	0.0	0.0	0.0	0.0	0.04	0.02	0.56	0.0	0.0	0.0	0.0	0.56	2.02896	0.34	17	0.22449	129	0.71271	0.84496	6.63422	0.28729	0.06494	0.24675	0.32468	0.04487	0.0241	0.10564	0.67544
78	40	174	796	4.35	3.02944	2.35663	5.59006	3.5	2	16	0.69642	0.66264	0.62361	0.5955	4.57471	1.59836	0.08802	-0.61348	0.0	0.12069	0.17816	0.13793	0.56322	0.01131	0.24372	0.04899	0.00126	0.03392	0.00377	0.02387	0.01508	0.00754	0.01382	0.01508	0.03266	0.00754	0.0201	0.00628	0.00879	0.00251	0.00377	0.00251	0.02387	0.00377	0.02889	0.02136	0.03266	0.0892	0.06533	0.07663	0.02261	0.07663	0.00126	0.05528	4.03698	0.0	0.875	0.0	0.0	0.0	0.0	0.0	0.0	0.0	0.0	0.0	0.0	0.0	0.0	0.0	0.0	0.0	0.0	0.0	0.0	0.0	0.0	0.0	0.0	0.0	0.025	0.1	0.0	0.0	0.0	0.0	0.875	0.63381	0.425	35	0.07692	146	0.83908	0.88356	7.06002	0.16092	0.02899	0.10145	0.17391	0.00581	0.0	0.01951	0.68421
79	46	179	785	3.8913	1.63159	1.19615	1.86584	4.0	2	9	0.41929	0.39686	0.1609	-0.02714	4.38547	1.69192	0.65078	0.13356	0.0	0.12849	0.21229	0.22905	0.43017	0.00382	0.23185	0.03312	0.0242	0.02548	0.0051	0.01401	0.01529	0.01529	0.02038	0.01783	0.05223	0.0051	0.0242	0.01274	0.00255	0.00382	0.00892	0.00127	0.0242	0.0051	0.03694	0.01401	0.0293	0.08408	0.06115	0.0586	0.04841	0.05223	0.03057	0.03822	4.20632	0.0	0.36957	0.0	0.19565	0.0	0.0	0.0	0.0	0.0	0.0	0.0	0.0	0.0	0.0	0.0	0.0	0.0	0.0	0.0	0.0	0.0	0.0	0.0	0.0	0.0	0.02174	0.0	0.0	0.0	0.41304	0.0	0.41304	1.6382	0.23913	12	0.17778	153	0.85475	0.86928	7.16253	0.14525	0.01987	0.07947	0.1457	0.01136	0.0	-0.16431	0.69298
80	42	133	552	3.16667	0.99801	0.52428	-0.18238	3.0	2	6	0.31516	0.11843	-0.10976	0.1503	4.15038	1.39546	0.41146	0.05616	0.0	0.12782	0.21053	0.27068	0.39098	0.01449	0.16667	0.03442	0.02899	0.03261	0.00725	0.01087	0.00906	0.01087	0.00906	0.0163	0.05435	0.00543	0.01812	0.0163	0.01087	0.00725	0.00543	0.00181	0.02355	0.00725	0.03986	0.02355	0.03804	0.06341	0.0779	0.05978	0.06341	0.05797	0.01993	0.06522	4.37256	0.0	0.16667	0.0	0.2619	0.0	0.0	0.0	0.0	0.0	0.0	0.0	0.0	0.0	0.0	0.0	0.0	0.0	0.0	0.0	0.0	0.0	0.0	0.0	0.0	0.0	0.02381	0.0	0.30952	0.0	0.2381	0.0	0.30952	2.08207	0.21429	10	0.21951	116	0.87218	0.90517	6.75179	0.12782	0.02778	0.10185	0.16667	0.0	0.0	-0.14818	0.70175
81	29	104	435	3.58621	1.24616	1.78117	3.35356	3.0	2	8	0.34749	0.35151	0.14967	-0.04203	4.18269	1.38512	0.51745	0.00524	0.0	0.10577	0.20192	0.375	0.31731	0.01149	0.2	0.03448	0.0069	0.04598	0.0023	0.02069	0.01839	0.0023	0.0092	0.04368	0.04138	0.0046	0.03678	0.02529	0.0069	0.0046	0.0092	0.0	0.02759	0.0023	0.01839	0.01839	0.02069	0.10575	0.06207	0.06897	0.01609	0.08506	0.0023	0.04828	4.14209	0.0	0.0	0.0	0.0	0.48276	0.0	0.0	0.0	0.0	0.0	0.0	0.0	0.0	0.13793	0.0	0.0	0.0	0.0	0.0	0.0	0.0	0.0	0.0	0.0	0.0	0.10345	0.27586	0.0	0.0	0.0	0.0	0.48276	1.75254	0.27586	14	0.25	83	0.79808	0.91566	6.08199	0.20192	0.12941	0.18824	0.24706	0.0098	0.0	-0.58288	0.71053
82	19	81	333	4.26316	1.68092	1.24416	1.10341	4.0	2	9	0.39429	0.53169	0.21772	-0.13139	4.11111	1.5476	0.25388	-1.0313	0.0	0.18519	0.20988	0.22222	0.38272	0.00601	0.1982	0.04204	0.003	0.03604	0.00901	0.00901	0.00901	0.00601	0.02402	0.02102	0.05706	0.0	0.01802	0.00601	0.00601	0.0	0.003	0.003	0.02402	0.00601	0.03904	0.00901	0.05405	0.09309	0.08108	0.06907	0.01502	0.06607	0.0	0.08709	4.0313	0.0	0.0	0.0	0.0	0.26316	0.0	0.0	0.0	0.0	0.0	0.0	0.0	0.0	0.0	0.0	0.0	0.0	0.0	0.0	0.0	0.0	0.0	0.0	0.10526	0.0	0.15789	0.42105	0.05263	0.0	0.0	0.0	0.42105	2.01822	0.36842	5	0.33333	63	0.77778	0.85714	5.75761	0.22222	0.06452	0.22581	0.32258	0.03947	0.02597	0.24616	0.7193
83	36	169	750	4.69444	1.71301	0.04898	-0.9085	4.5	2	8	0.3649	0.17088	0.06429	-0.05106	4.43787	1.6951	0.44941	-0.2814	0.0	0.13609	0.20118	0.19527	0.46746	0.00133	0.17867	0.03733	0.00133	0.02533	0.00667	0.01067	0.008	0.004	0.00667	0.02667	0.04	0.004	0.01867	0.00267	0.00133	0.00533	0.00267	0.00667	0.024	0.00133	0.02533	0.01733	0.04267	0.10133	0.084	0.09333	0.03467	0.092	0.008	0.088	4.02082	0.0	0.0	0.0	0.0	0.0	0.0	0.0	0.0	0.0	0.0	0.0	0.0	0.0	0.0	0.0	0.0	0.0	0.0	0.0	0.0	0.0	0.0	0.0	0.0	0.0	0.25	0.75	0.0	0.0	0.0	0.0	0.75	0.81128	0.47222	9	0.45714	116	0.68639	0.74138	6.6347	0.31361	0.03306	0.14876	0.2314	0.07006	0.01829	-0.0452	0.72807
84	25	108	445	4.32	1.73712	1.42511	1.56994	4.0	2	9	0.40211	-0.0502	-0.12764	-0.25128	4.12037	1.3589	0.20218	-0.58539	0.0	0.12963	0.23148	0.23148	0.40741	0.00449	0.19775	0.05393	0.0	0.03596	0.00225	0.00449	0.01798	0.00225	0.01124	0.02247	0.05393	0.0	0.03146	0.00674	0.00674	0.00225	0.00449	0.00449	0.01798	0.00225	0.02921	0.03371	0.02472	0.08989	0.06067	0.06966	0.05169	0.08315	0.00899	0.06517	4.07536	0.0	0.24	0.0	0.0	0.2	0.0	0.0	0.0	0.0	0.0	0.0	0.04	0.0	0.0	0.0	0.0	0.0	0.0	0.0	0.0	0.0	0.0	0.16	0.0	0.0	0.04	0.2	0.12	0.0	0.0	0.0	0.24	2.5845	0.24	5	0.41667	90	0.83333	0.8	6.42155	0.16667	0.02532	0.12658	0.25316	0.04902	0.01923	0.01195	0.73684
85	22	109	469	4.95455	3.47036	1.67608	1.58858	4.0	2	14	0.70044	0.71259	0.40162	0.10387	4.30275	1.71611	0.42916	-0.30983	0.0	0.19266	0.16514	0.18349	0.45872	0.00426	0.16205	0.02985	0.0	0.02985	0.0064	0.01493	0.01919	0.00213	0.04691	0.02559	0.03198	0.0064	0.00426	0.01706	0.00426	0.00213	0.00426	0.00213	0.02985	0.00213	0.02345	0.01279	0.01706	0.12154	0.08102	0.0597	0.05117	0.11301	0.00426	0.07036	4.07532	0.0	0.0	0.04545	0.0	0.0	0.0	0.04545	0.0	0.0	0.72727	0.0	0.04545	0.0	0.0	0.0	0.0	0.0	0.04545	0.04545	0.0	0.0	0.0	0.04545	0.0	0.0	0.0	0.0	0.0	0.0	0.0	0.0	0.72727	1.55034	0.40909	8	0.38095	96	0.88073	0.89583	6.50438	0.11927	0.025	0.1	0.1625	0.00935	0.0	-0.34169	0.74561
86	17	61	254	3.58824	1.19109	0.62588	-0.32315	3.0	2	6	0.33194	-0.18485	0.25	0.10951	4.16393	1.65143	0.56751	-0.63966	0.0	0.14754	0.29508	0.18033	0.37705	0.01181	0.20079	0.02362	0.00394	0.01575	0.00394	0.01575	0.00394	0.01181	0.03543	0.00787	0.05906	0.00394	0.01969	0.0	0.01575	0.00394	0.00787	0.00787	0.01969	0.0	0.0315	0.03543	0.02756	0.12992	0.0748	0.06299	0.04331	0.05906	0.00787	0.05512	4.09112	0.0	0.17647	0.11765	0.0	0.0	0.0	0.0	0.0	0.0	0.0	0.0	0.17647	0.0	0.0	0.0	0.0	0.0	0.0	0.05882	0.11765	0.0	0.0	0.23529	0.0	0.11765	0.0	0.0	0.0	0.0	0.0	0.0	0.23529	2.70453	0.17647	3	0.5	53	0.86885	0.86792	5.65607	0.13115	0.04082	0.20408	0.30612	0.0	0.0	0.04336	0.75439
87	19	72	296	3.78947	1.54167	1.99226	4.33034	3.0	2	9	0.40683	-0.26039	-0.03898	-0.10153	4.11111	1.40984	0.42722	-0.4299	0.0	0.125	0.23611	0.30556	0.33333	0.00676	0.15878	0.02703	0.00676	0.02027	0.01014	0.01351	0.02365	0.02027	0.01351	0.03041	0.06419	0.00338	0.03378	0.01014	0.01351	0.0	0.0	0.0	0.01689	0.00338	0.04392	0.02027	0.03041	0.11486	0.04054	0.04392	0.03378	0.05743	0.06419	0.07432	4.27336	0.0	0.05263	0.0	0.0	0.0	0.0	0.0	0.0	0.0	0.0	0.0	0.0	0.0	0.0	0.0	0.0	0.0	0.0	0.0	0.0	0.0	0.0	0.0	0.0	0.0	0.0	0.0	0.0	0.0	0.94737	0.0	0.94737	0.29747	0.15789	15	0.11111	67	0.93056	0.92537	6.03104	0.06944	0.03509	0.12281	0.21053	0.0	0.0	-0.07692	0.76316
88	26	92	382	3.53846	1.15128	0.66219	0.04919	3.5	2	6	0.32536	0.32827	-0.17791	-0.37756	4.15217	1.28482	0.02226	-0.85319	0.0	0.11957	0.18478	0.32609	0.36957	0.00262	0.1623	0.03403	0.04188	0.0288	0.01047	0.01571	0.01047	0.00524	0.00262	0.01571	0.0445	0.00262	0.02618	0.00524	0.01309	0.01047	0.00785	0.00262	0.04712	0.00785	0.04188	0.00785	0.02618	0.09162	0.06806	0.06021	0.03403	0.06021	0.01832	0.09424	4.27666	0.0	0.0	0.0	0.53846	0.15385	0.0	0.0	0.0	0.0	0.0	0.0	0.15385	0.0	0.0	0.0	0.0	0.0	0.0	0.0	0.07692	0.0	0.0	0.0	0.0	0.0	0.07692	0.0	0.0	0.0	0.0	0.0	0.53846	1.88109	0.26923	9	0.2	76	0.82609	0.86842	6.11585	0.17391	0.05556	0.18056	0.25	0.02247	0.0	-0.15525	0.77193
89	30	139	584	4.63333	2.22835	1.13373	1.34264	4.5	1	11	0.48094	0.35425	0.09133	-0.06402	4.20144	1.52287	0.40345	-0.52045	0.0	0.1223	0.29496	0.15108	0.43165	0.00342	0.19178	0.04281	0.00514	0.03425	0.01027	0.01541	0.01199	0.00685	0.03253	0.03082	0.05308	0.00171	0.0137	0.00342	0.00856	0.00685	0.00685	0.0	0.0274	0.00171	0.03938	0.01712	0.03767	0.11473	0.05479	0.03938	0.02911	0.06678	0.00685	0.08562	4.15213	0.0	0.13333	0.03333	0.06667	0.0	0.0	0.0	0.0	0.0	0.33333	0.0	0.16667	0.0	0.0	0.0	0.0	0.0	0.0	0.0	0.0	0.0	0.0	0.0	0.0	0.0	0.03333	0.1	0.0	0.0	0.03333	0.1	0.33333	2.76227	0.26667	7	0.41379	114	0.82014	0.84211	6.70448	0.17986	0.01835	0.09174	0.18349	0.02985	0.00735	0.10081	0.7807
90	20	82	342	4.1	1.67033	1.12913	1.38428	4.0	2	9	0.4074	-0.15077	0.18551	0.12767	4.17073	1.65872	0.20853	-0.96501	0.0	0.23171	0.15854	0.13415	0.47561	0.0	0.19883	0.05848	0.02924	0.02632	0.00292	0.00585	0.02632	0.00292	0.04094	0.02047	0.02924	0.0	0.02047	0.00585	0.01754	0.0	0.00292	0.0	0.02047	0.00292	0.01754	0.02924	0.02339	0.09942	0.07895	0.07018	0.02924	0.07018	0.0	0.07018	4.05215	0.0	0.05	0.0	0.5	0.0	0.0	0.0	0.0	0.0	0.3	0.0	0.0	0.0	0.0	0.0	0.0	0.0	0.0	0.0	0.0	0.0	0.0	0.0	0.0	0.0	0.0	0.15	0.0	0.0	0.0	0.0	0.5	1.64773	0.3	10	0.21053	70	0.85366	0.82857	6.06487	0.14634	0.03077	0.15385	0.27692	0.02532	0.0	-0.3081	0.78947
91	15	54	253	3.6	1.40475	1.74312	1.71092	3.0	2	7	0.39021	0.3774	-0.18146	0.36599	4.68519	1.50091	-0.07901	-1.07341	0.0	0.07407	0.18519	0.2037	0.53704	0.00395	0.24901	0.03953	0.00395	0.01186	0.00791	0.00791	0.01186	0.00791	0.02372	0.02767	0.02767	0.00395	0.03162	0.01186	0.0	0.00791	0.00791	0.0	0.01581	0.00791	0.03953	0.03953	0.01186	0.083	0.06324	0.03162	0.10672	0.09486	0.0	0.01976	3.93427	0.0	1.0	0.0	0.0	0.0	0.0	0.0	0.0	0.0	0.0	0.0	0.0	0.0	0.0	0.0	0.0	0.0	0.0	0.0	0.0	0.0	0.0	0.0	0.0	0.0	0.0	0.0	0.0	0.0	0.0	0.0	1.0	-0.0	1.0	15	0.0	48	0.88889	0.91667	5.50471	0.11111	0.02381	0.11905	0.2381	0.0	0.0	0	0.79825
92	21	71	314	3.38095	1.21405	0.67766	-0.28631	3.0	2	6	0.35909	-0.05358	-0.27936	0.01848	4.42254	1.57142	0.48058	-0.66675	0.0	0.08451	0.22535	0.30986	0.38028	0.00318	0.17834	0.02548	0.00637	0.0414	0.00318	0.01274	0.00955	0.00955	0.01592	0.02866	0.03822	0.00637	0.03822	0.00955	0.00637	0.00318	0.00318	0.00318	0.02548	0.01274	0.01592	0.01592	0.01911	0.12739	0.0414	0.07006	0.03822	0.06688	0.07006	0.05414	4.20407	0.0	0.0	0.0	0.0	0.0	0.0	0.0	0.0	0.0	0.0	0.0	0.0	0.0	0.0	0.0	0.0	0.0	0.0	0.0	0.0	0.0	0.0	0.0	0.0	0.0	0.0	0.0	0.0	0.0	1.0	0.0	1.0	-0.0	0.19048	21	0.0	59	0.83099	0.84746	5.77982	0.16901	0.03704	0.14815	0.24074	0.01449	0.0	-0.37344	0.80702
93	11	40	165	3.63636	1.06794	-1.02891	0.90013	4.0	1	5	0.29368	0.46184	-0.57208	-0.76613	4.125	1.22857	0.24646	-0.64959	0.0	0.075	0.275	0.275	0.375	0.0	0.1697	0.02424	0.01212	0.0303	0.00606	0.02424	0.01212	0.01212	0.03636	0.00606	0.04848	0.0	0.01818	0.0	0.0	0.01818	0.00606	0.0	0.02424	0.00606	0.05455	0.01212	0.05455	0.11515	0.06061	0.02424	0.01818	0.09091	0.04848	0.06667	4.14429	0.0	0.0	0.0	0.0	0.0	0.09091	0.0	0.0	0.0	0.0	0.0	0.18182	0.0	0.0	0.0	0.0	0.0	0.0	0.0	0.0	0.0	0.0	0.0	0.0	0.0	0.0	0.0	0.0	0.0	0.72727	0.0	0.72727	1.0958	0.18182	8	0.2	35	0.875	0.88571	5.05306	0.125	0.06061	0.24242	0.39394	0.0	0.0	-0.77216	0.81579
94	8	27	102	3.375	0.48412	0.5164	-1.73333	3.0	3	4	0.14344	0.09129	-0.70711	-0.66667	3.77778	1.13312	-0.01509	-0.54808	0.0	0.18519	0.14815	0.44444	0.22222	0.0	0.15686	0.02941	0.0	0.0098	0.0	0.0	0.0098	0.0	0.0098	0.02941	0.12745	0.0098	0.03922	0.0098	0.01961	0.01961	0.0	0.0098	0.06863	0.01961	0.05882	0.0098	0.08824	0.06863	0.02941	0.07843	0.0098	0.04902	0.0098	0.02941	4.08344	0.0	0.25	0.25	0.0	0.0	0.0	0.0	0.0	0.0	0.0	0.0	0.0	0.0	0.0	0.0	0.0	0.0	0.0	0.0	0.0	0.0	0.0	0.0	0.5	0.0	0.0	0.0	0.0	0.0	0.0	0.0	0.5	1.5	0.5	4	0.28571	23	0.85185	0.82609	4.45859	0.14815	0.08333	0.375	0.58333	0.08333	0.04167	-0.32501	0.82456
95	8	34	162	4.25	2.16506	1.0808	0.25493	4.0	2	9	0.50943	0.08293	0.20045	-0.32733	4.76471	1.57291	0.34631	-0.38083	0.0	0.05882	0.17647	0.20588	0.55882	0.0	0.19136	0.03086	0.0	0.02469	0.00617	0.00617	0.02469	0.00617	0.03704	0.01852	0.02469	0.00617	0.03704	0.0	0.00617	0.0	0.00617	0.0	0.01235	0.00617	0.03086	0.01852	0.02469	0.12963	0.0679	0.10494	0.02469	0.0679	0.0	0.08642	3.94192	0.0	0.0	0.0	0.0	0.0	0.0	0.0	0.0	0.0	0.0	0.0	0.0	0.0	0.0	0.0	0.0	0.0	0.0	0.0	0.0	0.0	0.0	0.0	0.0	0.0	0.125	0.875	0.0	0.0	0.0	0.0	0.875	0.54356	0.625	4	0.28571	34	1.0	1.0	5.08746	0.0	0.03571	0.17857	0.35714	0.0	0.0	0	0.83333
96	19	72	288	3.78947	1.10401	0.18788	-0.95048	4.0	2	6	0.29134	0.07455	-0.44542	-0.35288	4.0	1.53659	0.71204	-0.15488	0.0	0.15278	0.30556	0.20833	0.33333	0.0	0.21528	0.04514	0.01736	0.03125	0.0	0.00694	0.0	0.01042	0.02083	0.02083	0.04861	0.00347	0.02778	0.0	0.01042	0.0	0.01042	0.0	0.04167	0.00694	0.00694	0.02778	0.03472	0.13194	0.04514	0.08333	0.02431	0.02431	0.03819	0.06597	3.99679	0.0	0.0	0.05263	0.15789	0.0	0.0	0.0	0.0	0.0	0.0	0.0	0.0	0.0	0.0	0.0	0.0	0.0	0.0	0.0	0.0	0.0	0.0	0.10526	0.0	0.0	0.15789	0.0	0.05263	0.0	0.47368	0.0	0.47368	2.14061	0.15789	9	0.33333	54	0.75	0.7963	5.57785	0.25	0.0566	0.24528	0.39623	0.01429	0.0	-0.09597	0.84211
97	5	30	115	6.0	1.54919	1.29099	-0.08333	5.0	5	9	0.2582	-0.2093	-0.69338	0.0	3.83333	1.46249	0.86551	0.67539	0.0	0.2	0.23333	0.3	0.26667	0.0	0.17391	0.01739	0.03478	0.01739	0.0	0.0087	0.01739	0.0087	0.03478	0.0087	0.08696	0.01739	0.0087	0.0087	0.0	0.0	0.0087	0.0	0.0087	0.0	0.03478	0.02609	0.02609	0.16522	0.07826	0.06087	0.04348	0.02609	0.0087	0.06957	3.97224	0.0	0.0	0.0	0.0	0.0	0.0	0.0	0.0	0.0	0.0	0.0	1.0	0.0	0.0	0.0	0.0	0.0	0.0	0.0	0.0	0.0	0.0	0.0	0.0	0.0	0.0	0.0	0.0	0.0	0.0	0.0	1.0	-0.0	0.4	5	0.0	25	0.83333	0.88	4.52323	0.16667	0.13636	0.40909	0.63636	0.03704	0.0	-0.66667	0.85088
98	8	94	404	11.75	5.47152	0.04865	-0.90992	11.5	3	21	0.46566	0.17838	-0.02786	0.1053	4.29787	1.64271	0.48199	-0.1674	0.0	0.14894	0.2234	0.19149	0.43617	0.00495	0.17822	0.03218	0.02228	0.04208	0.0	0.01238	0.01238	0.01238	0.02228	0.01485	0.04703	0.00495	0.00248	0.0099	0.0099	0.00495	0.00248	0.0	0.01733	0.0	0.02475	0.0099	0.03713	0.11139	0.07178	0.08416	0.05446	0.06436	0.00248	0.08663	4.07345	0.0	0.0	0.0	0.875	0.0	0.0	0.0	0.0	0.0	0.0	0.0	0.0	0.0	0.0	0.0	0.0	0.0	0.0	0.0	0.0	0.0	0.0	0.0	0.0	0.0	0.0	0.0	0.125	0.0	0.0	0.0	0.875	0.54356	0.25	7	0.14286	70	0.74468	0.77143	5.96018	0.25532	0.04545	0.16667	0.28788	0.09412	0.04545	-0.281	0.85965
99	8	36	158	4.5	1.22474	0.20412	-1.58333	4.0	3	6	0.27217	0.65247	0.41208	0.0	4.38889	1.41966	0.51682	-0.7807	0.0	0.02778	0.33333	0.19444	0.44444	0.0	0.22785	0.01899	0.01266	0.03165	0.02532	0.00633	0.01266	0.01899	0.01266	0.03165	0.08228	0.02532	0.01266	0.01266	0.00633	0.01266	0.0	0.0	0.01899	0.0	0.00633	0.02532	0.00633	0.11392	0.06962	0.03797	0.05063	0.0443	0.00633	0.06962	4.02508	0.0	0.625	0.0	0.0	0.0	0.0	0.0	0.0	0.0	0.0	0.0	0.0	0.0	0.0	0.0	0.0	0.0	0.0	0.0	0.0	0.0	0.0	0.0	0.0	0.0	0.125	0.0	0.25	0.0	0.0	0.0	0.625	1.29879	0.625	5	0.28571	29	0.80556	0.75862	4.78104	0.19444	0.06667	0.33333	0.53333	0.09375	0.0303	-0.83758	0.86842
100	11	40	169	3.63636	1.43164	0.84035	0.31913	4.0	2	7	0.3937	0.49888	0.61153	0.72232	4.225	1.83695	1.07056	1.05968	0.0	0.2	0.125	0.325	0.35	0.0	0.1716	0.06509	0.0	0.01775	0.01183	0.00592	0.02959	0.01183	0.04142	0.01775	0.05917	0.0	0.01183	0.01183	0.01775	0.00592	0.00592	0.0	0.0355	0.00592	0.04142	0.01775	0.01183	0.10651	0.05325	0.05917	0.04734	0.05917	0.00592	0.07101	4.17814	0.0	0.45455	0.0	0.0	0.0	0.0	0.0	0.0	0.0	0.27273	0.0	0.27273	0.0	0.0	0.0	0.0	0.0	0.0	0.0	0.0	0.0	0.0	0.0	0.0	0.0	0.0	0.0	0.0	0.0	0.0	0.0	0.45455	1.53948	0.27273	5	0.2	35	0.875	0.85714	5.07193	0.125	0.06897	0.2069	0.37931	0.02632	0.0	-1.0	0.87719
101	11	36	160	3.27273	1.21288	-0.53309	-1.10409	4.0	1	5	0.3706	0.24398	0.0	-0.46291	4.44444	1.75506	0.1695	-1.24769	0.0	0.16667	0.19444	0.16667	0.47222	0.0	0.21875	0.0125	0.04375	0.01875	0.01875	0.00625	0.00625	0.00625	0.0125	0.0	0.05	0.0125	0.00625	0.01875	0.0	0.00625	0.0	0.0	0.03125	0.0	0.04375	0.025	0.0375	0.06875	0.1	0.0625	0.05	0.08125	0.0	0.0625	3.95437	0.0	0.0	0.0	0.54545	0.0	0.09091	0.0	0.0	0.0	0.0	0.0	0.0	0.0	0.0	0.09091	0.0	0.0	0.0	0.0	0.0	0.0	0.0	0.0	0.0	0.0	0.0	0.0	0.27273	0.0	0.0	0.0	0.54545	1.61719	0.27273	3	0.8	28	0.77778	0.78571	4.68354	0.22222	0.10714	0.32143	0.5	0.09375	0.0303	0.04246	0.88596
102	8	28	123	3.5	1.11803	0.0	-1.36	3.5	2	5	0.31944	-0.05769	-0.26829	0.35806	4.39286	1.77963	0.00499	-1.60078	0.0	0.17857	0.28571	0.03571	0.5	0.0	0.12195	0.00813	0.0	0.07317	0.03252	0.00813	0.01626	0.0	0.0	0.00813	0.04065	0.00813	0.02439	0.0	0.0	0.0	0.0	0.0	0.05691	0.0	0.01626	0.02439	0.04065	0.15447	0.10569	0.08943	0.01626	0.07317	0.00813	0.07317	3.87388	0.0	0.0	0.0	0.0	0.0	0.0	0.0	0.0	0.0	0.0	0.0	0.25	0.0	0.0	0.0	0.0	0.0	0.0	0.0	0.0	0.0	0.0	0.0	0.0	0.0	0.25	0.5	0.0	0.0	0.0	0.0	0.5	1.5	0.25	3	0.57143	20	0.71429	0.75	4.15505	0.28571	0.125	0.45833	0.66667	0.08	0.04	-0.63451	0.89474
103	3	14	73	4.66667	3.29983	0.2948	-1.5	4.0	1	9	0.70711	0.0	0.0	0.0	5.21429	1.77999	-0.32491	-1.07358	0.0	0.07143	0.21429	0.0	0.71429	0.0	0.27397	0.0411	0.0	0.0411	0.0	0.0	0.0274	0.0137	0.0	0.0137	0.0411	0.0	0.0274	0.0	0.06849	0.0	0.0	0.0	0.0274	0.0	0.0137	0.0137	0.0	0.13699	0.0274	0.06849	0.0	0.13699	0.0	0.0274	3.44515	0.0	0.0	0.0	0.0	0.0	0.0	0.0	0.0	0.0	0.0	0.0	1.0	0.0	0.0	0.0	0.0	0.0	0.0	0.0	0.0	0.0	0.0	0.0	0.0	0.0	0.0	0.0	0.0	0.0	0.0	0.0	1.0	-0.0	0.33333	3	0.0	13	0.92857	0.92308	3.6645	0.07143	0.2	0.6	1.0	0.0	0.0	-1.0	0.90351
104	9	33	134	3.66667	0.4714	-0.70711	-1.5	4.0	3	4	0.12856	0.14907	0.4714	0.44721	4.06061	1.34704	0.41044	-0.43532	0.0	0.12121	0.24242	0.30303	0.33333	0.0	0.15672	0.01493	0.0597	0.01493	0.0	0.00746	0.02239	0.00746	0.07463	0.01493	0.01493	0.01493	0.00746	0.0	0.00746	0.0	0.02239	0.0	0.04478	0.0	0.02239	0.00746	0.02239	0.14925	0.11194	0.03731	0.05224	0.03731	0.00746	0.06716	4.00318	0.0	0.0	0.0	0.77778	0.0	0.0	0.0	0.0	0.0	0.0	0.0	0.0	0.0	0.0	0.0	0.0	0.0	0.0	0.0	0.0	0.0	0.0	0.0	0.0	0.0	0.0	0.0	0.22222	0.0	0.0	0.0	0.77778	0.7642	0.44444	6	0.25	31	0.93939	0.93548	4.92318	0.06061	0.08	0.24	0.44	0.0	0.0	-1.0	0.91228
105	5	23	97	4.6	1.35647	0.75003	-0.63611	4.0	3	7	0.29488	0.86603	0.75593	0.0	4.21739	1.34993	-0.18683	-1.21604	0.0	0.13043	0.21739	0.17391	0.47826	0.0	0.1134	0.06186	0.01031	0.03093	0.0	0.04124	0.02062	0.0	0.01031	0.0	0.06186	0.0	0.02062	0.0	0.02062	0.01031	0.01031	0.0	0.05155	0.0	0.06186	0.0	0.05155	0.14433	0.09278	0.01031	0.04124	0.02062	0.0	0.1134	3.95617	0.0	0.0	0.0	0.0	0.0	0.0	0.0	0.0	0.0	0.0	0.0	0.0	0.0	0.0	0.0	0.0	0.0	0.0	0.0	0.0	0.0	0.0	0.0	0.0	1.0	0.0	0.0	0.0	0.0	0.0	0.0	1.0	-0.0	0.8	5	0.0	22	0.95652	0.95455	4.43661	0.04348	0.1	0.3	0.55	0.0	0.0	-1.0	0.92105
106	4	17	77	4.25	1.78536	0.41185	-0.96194	4.0	2	7	0.42008	0.5	0.0	0.0	4.52941	1.81878	0.12869	-1.14421	0.0	0.17647	0.17647	0.17647	0.47059	0.01299	0.16883	0.03896	0.01299	0.02597	0.0	0.01299	0.01299	0.01299	0.01299	0.02597	0.03896	0.0	0.0	0.02597	0.01299	0.0	0.01299	0.0	0.03896	0.0	0.06494	0.01299	0.0	0.11688	0.09091	0.03896	0.05195	0.06494	0.0	0.09091	4.03072	0.0	0.0	0.0	0.0	0.25	0.0	0.0	0.0	0.0	0.0	0.0	0.0	0.0	0.0	0.25	0.0	0.0	0.0	0.0	0.0	0.0	0.5	0.0	0.0	0.0	0.0	0.0	0.0	0.0	0.0	0.0	0.5	1.5	0.25	1	1.0	16	0.94118	0.9375	3.96982	0.05882	0.07143	0.35714	0.71429	0.0	0.0	0	0.92982
107	7	25	114	3.57143	1.17803	-0.1712	-1.46453	4.0	2	5	0.32985	-0.4344	0.1346	0.37463	4.56	1.602	0.03717	-1.10361	0.0	0.12	0.16	0.24	0.48	0.00877	0.14035	0.01754	0.0	0.02632	0.0	0.0	0.00877	0.0	0.01754	0.05263	0.01754	0.0	0.01754	0.0	0.01754	0.00877	0.00877	0.0	0.05263	0.0	0.01754	0.0	0.02632	0.14035	0.07895	0.09649	0.03509	0.0614	0.00877	0.14035	3.86128	0.0	0.0	0.0	0.0	0.0	0.0	0.0	0.0	0.0	0.0	0.0	0.0	0.0	0.0	0.0	0.0	0.0	0.0	0.0	0.0	0.0	0.0	0.0	0.0	0.0	0.14286	0.85714	0.0	0.0	0.0	0.0	0.85714	0.59167	0.42857	5	0.33333	22	0.88	0.86364	4.40386	0.12	0.0625	0.3125	0.625	0.04348	0.0	0	0.9386
108	3	10	43	3.33333	0.4714	0.70711	-1.5	3.0	3	4	0.14142	0.0	0.0	0.0	4.3	1.67631	0.03057	-1.32807	0.0	0.2	0.2	0.1	0.5	0.0	0.23256	0.04651	0.0	0.02326	0.02326	0.0	0.02326	0.0	0.0	0.0	0.09302	0.0	0.0	0.02326	0.02326	0.0	0.02326	0.0	0.02326	0.0	0.02326	0.0	0.09302	0.09302	0.0	0.11628	0.02326	0.06977	0.0	0.04651	3.62199	0.0	0.0	0.0	0.0	0.0	0.0	0.0	0.0	0.0	0.0	0.0	1.0	0.0	0.0	0.0	0.0	0.0	0.0	0.0	0.0	0.0	0.0	0.0	0.0	0.0	0.0	0.0	0.0	0.0	0.0	0.0	1.0	-0.0	0.33333	3	0.0	10	1.0	1.0	3.32193	0.0	0.14286	0.71429	1.0	0.0	0.0	0	0.94737
109	6	27	99	4.5	0.5	0.0	-2.0	4.5	4	5	0.11111	0.16667	-0.57735	-1.0	3.66667	1.51535	0.95794	0.53538	0.0	0.25926	0.25926	0.25926	0.22222	0.0	0.23232	0.08081	0.0	0.0404	0.0	0.0	0.0	0.0	0.10101	0.0	0.0101	0.0	0.0	0.0	0.0	0.0	0.0	0.0	0.08081	0.0	0.0101	0.0101	0.0303	0.08081	0.09091	0.09091	0.0101	0.08081	0.0	0.05051	3.45073	0.0	0.0	0.0	0.0	0.0	0.0	0.0	0.0	0.0	0.33333	0.0	0.0	0.0	0.0	0.0	0.0	0.0	0.0	0.0	0.0	0.0	0.0	0.0	0.0	0.0	0.16667	0.5	0.0	0.0	0.0	0.0	0.5	1.45915	0.33333	2	0.8	18	0.66667	0.72222	3.95823	0.33333	0.2	0.6	0.93333	0.18182	0.13636	-0.83291	0.95614
110	3	19	80	6.33333	0.94281	-0.70711	-1.5	7.0	5	7	0.14886	0.0	0.0	0.0	4.21053	1.4718	0.82257	0.10754	0.0	0.05263	0.36842	0.21053	0.36842	0.0125	0.2125	0.05	0.0	0.05	0.0	0.025	0.0375	0.0125	0.0375	0.0125	0.05	0.0	0.0375	0.0	0.0125	0.0	0.0	0.0	0.0	0.0125	0.0625	0.0	0.025	0.0875	0.0125	0.075	0.05	0.075	0.0	0.05	3.94653	0.0	0.66667	0.0	0.0	0.0	0.0	0.0	0.33333	0.0	0.0	0.0	0.0	0.0	0.0	0.0	0.0	0.0	0.0	0.0	0.0	0.0	0.0	0.0	0.0	0.0	0.0	0.0	0.0	0.0	0.0	0.0	0.66667	0.9183	0.33333	2	0.5	18	0.94737	0.94444	4.14266	0.05263	0.07692	0.38462	0.76923	0.0	0.0	0	0.96491
111	5	23	81	4.6	1.0198	-0.27155	-1.04438	5.0	3	6	0.2217	0.0	-1.0	0.0	3.52174	1.17472	1.15476	1.16915	0.0	0.13043	0.52174	0.13043	0.21739	0.0	0.17284	0.09877	0.01235	0.06173	0.0	0.01235	0.03704	0.0	0.03704	0.01235	0.02469	0.0	0.03704	0.0	0.01235	0.0	0.01235	0.0	0.01235	0.01235	0.01235	0.0	0.01235	0.08642	0.08642	0.04938	0.07407	0.03704	0.02469	0.06173	4.03918	0.0	0.0	0.8	0.0	0.0	0.0	0.0	0.0	0.0	0.2	0.0	0.0	0.0	0.0	0.0	0.0	0.0	0.0	0.0	0.0	0.0	0.0	0.0	0.0	0.0	0.0	0.0	0.0	0.0	0.0	0.0	0.8	0.72193	0.2	4	0.25	22	0.95652	0.95455	4.43661	0.04348	0.10526	0.31579	0.57895	0.0	0.0	-1.0	0.97368
112	4	15	47	3.75	1.08972	-0.65202	-0.90305	4.0	2	5	0.29059	-0.18898	0.0	0.0	3.13333	0.88443	0.31522	-0.71204	0.0	0.26667	0.4	0.26667	0.06667	0.0	0.12766	0.0	0.0	0.0	0.0	0.0	0.04255	0.0	0.10638	0.0	0.0	0.0	0.0	0.0	0.02128	0.0	0.0	0.0	0.0	0.0	0.02128	0.02128	0.04255	0.25532	0.08511	0.02128	0.08511	0.10638	0.0	0.06383	3.28856	0.0	0.0	0.0	0.0	0.0	0.0	0.0	0.0	0.0	1.0	0.0	0.0	0.0	0.0	0.0	0.0	0.0	0.0	0.0	0.0	0.0	0.0	0.0	0.0	0.0	0.0	0.0	0.0	0.0	0.0	0.0	1.0	-0.0	0.5	4	0.0	12	0.8	0.75	3.50689	0.2	0.2	0.7	1.0	0.0	0.0	-0.22222	0.98246
113	5	23	73	4.6	0.4899	-0.40825	-1.83333	5.0	4	5	0.1065	0.57735	nan	0.0	3.17391	1.37215	1.90652	4.12976	0.0	0.34783	0.3913	0.13043	0.13043	0.0	0.17808	0.0411	0.0	0.0137	0.0137	0.0	0.0274	0.0137	0.0411	0.0411	0.06849	0.0	0.0411	0.05479	0.0	0.0	0.0	0.0	0.0274	0.0137	0.0411	0.08219	0.0	0.08219	0.06849	0.06849	0.0	0.06849	0.0	0.0137	3.97971	0.0	0.0	0.2	0.0	0.0	0.0	0.0	0.0	0.0	0.4	0.0	0.0	0.0	0.0	0.0	0.0	0.0	0.0	0.0	0.0	0.0	0.0	0.4	0.0	0.0	0.0	0.0	0.0	0.0	0.0	0.0	0.4	1.52193	0.4	2	0.5	17	0.73913	0.82353	3.88205	0.26087	0.28571	0.57143	0.92857	0.05	0.0	-0.69956	0.99123
114	6	20	80	3.33333	1.10554	0.05482	-1.38843	3.5	2	5	0.33166	0.08575	-0.89443	0.0	4.0	1.51658	0.08601	-1.09074	0.0	0.25	0.15	0.15	0.45	0.0	0.225	0.025	0.0125	0.0	0.0	0.0125	0.0	0.0125	0.0125	0.025	0.0375	0.0	0.125	0.0125	0.0125	0.0	0.0	0.0	0.0125	0.0	0.0125	0.0125	0.0125	0.15	0.0375	0.1125	0.0125	0.0875	0.0	0.0375	3.60014	0.0	0.0	0.0	0.0	0.0	0.0	0.0	0.0	0.0	0.0	0.0	0.0	0.0	1.0	0.0	0.0	0.0	0.0	0.0	0.0	0.0	0.0	0.0	0.0	0.0	0.0	0.0	0.0	0.0	0.0	0.0	1.0	-0.0	1.0	6	0.0	16	0.8	0.875	3.82193	0.2	0.26667	0.53333	0.86667	0.05556	0.0	-0.2774	1.0
