root,freq,GLOBAL_role,global_knockout_dGC,in_system,LOCAL_conc_q,unit_defining,class
NA,20,outside-system,0.0000,0,0.719,0,supporting
ءبب,1,outside-system,0.0000,0,0.192,0,supporting
ءبد,28,system-peripheral,0.0000,1,0.407,0,supporting
ءبق,1,outside-system,0.0000,0,0.537,0,supporting
ءبل,3,outside-system,0.0000,0,0.0892,0,supporting
ءبو,117,system-peripheral,0.0000,1,0.0373,0,supporting
ءبی,13,system-peripheral,0.0000,1,0.909,0,supporting
ءتی,549,system-core,0.0000,1,0.339,0,supporting
ءثث,2,outside-system,0.0000,0,0.729,0,supporting
ءثر,21,system-peripheral,0.0000,1,0.376,0,supporting
ءثل,1,outside-system,0.0000,0,0.523,0,supporting
ءثم,48,system-peripheral,0.0000,1,0.536,0,supporting
ءجج,7,system-peripheral,0.0000,1,0.504,0,supporting
ءجر,108,system-core,0.0000,1,0.196,0,supporting
ءجل,56,system-peripheral,0.0000,1,0.536,0,supporting
ءخذ,273,system-core,0.0023,1,0.186,0,supporting
ءخر,250,system-core,0.0000,1,0.528,0,supporting
ءخو,96,system-core,0.0000,1,0.0745,0,supporting
ءدد,1,outside-system,0.0000,0,0.585,0,supporting
ءدم,25,system-peripheral,0.0000,1,0.598,0,supporting
ءدی,6,system-peripheral,0.0000,1,0.844,0,supporting
ءذن,102,system-core,0.0000,1,0.236,0,supporting
ءذی,24,system-peripheral,0.0000,1,0.437,0,supporting
ءرب,2,outside-system,0.0000,0,0.737,0,supporting
ءرض,461,system-core,0.0023,1,0.165,0,supporting
ءرم,1,outside-system,0.0000,0,0.172,0,supporting
ءرک,5,system-peripheral,0.0000,1,0.189,0,supporting
ءزر,3,outside-system,0.0000,0,0.722,0,supporting
ءزز,2,outside-system,0.0000,0,0.444,0,supporting
ءزف,3,outside-system,0.0000,0,0.23,0,supporting
ءسر,6,system-peripheral,0.0000,1,0.255,0,supporting
ءسس,3,outside-system,0.0000,0,0.617,0,supporting
ءسف,32,system-peripheral,0.0000,1,0.0373,1,unit-defining
ءسن,1,outside-system,0.0000,0,0.397,0,supporting
ءسو,3,system-peripheral,0.0000,1,0.234,0,supporting
ءسی,4,system-peripheral,0.0000,1,0.767,0,supporting
ءشر,2,outside-system,0.0000,0,0.192,0,supporting
ءصد,2,outside-system,0.0000,0,0.0745,0,supporting
ءصر,3,system-peripheral,0.0000,1,1,0,supporting
ءصل,10,system-peripheral,0.0000,1,0.636,0,supporting
ءفف,3,outside-system,0.0000,0,0.661,0,supporting
ءفق,3,outside-system,0.0000,0,0.201,0,supporting
ءفل,4,system-peripheral,0.0000,1,0.569,0,supporting
ءفک,30,system-peripheral,0.0000,1,0.466,0,supporting
ءلت,1,outside-system,0.0000,0,0.29,0,supporting
ءلس,3,outside-system,0.0000,0,0.466,0,supporting
ءلف,22,system-peripheral,0.0000,1,0.0373,1,unit-defining
ءلل,2,outside-system,0.0000,0,0.722,0,supporting
ءلم,75,system-peripheral,0.0000,1,0.857,0,supporting
ءله,2848,SYSTEM-CRITICAL(hub),0.0380,1,0.0373,0,system-critical
ءلو,3,outside-system,0.0000,0,0.974,0,supporting
ءلی,34,system-peripheral,0.0000,1,0.0373,1,unit-defining
ءمت,1,outside-system,0.0000,0,0.714,0,supporting
ءمد,4,outside-system,0.0000,0,0.514,0,supporting
ءمر,248,system-core,0.0000,1,0.15,0,supporting
ءمس,4,system-peripheral,0.0000,1,0.458,0,supporting
ءمل,2,outside-system,0.0000,0,0.595,0,supporting
ءمم,119,system-core,0.0000,1,0.508,0,supporting
ءمن,879,system-core,0.0023,1,0.0373,0,supporting
ءمو,2,outside-system,0.0000,0,0.909,0,supporting
ءنث,30,system-peripheral,0.0000,1,0.364,0,supporting
ءنس,342,system-core,0.0000,1,0.0373,0,supporting
ءنف,3,outside-system,0.0000,0,0.644,0,supporting
ءنم,1,outside-system,0.0000,0,0.353,0,supporting
ءنی,8,system-peripheral,0.0000,1,0.301,0,supporting
ءهل,127,system-core,0.0000,1,0.219,0,supporting
ءوب,21,system-peripheral,0.0000,1,0.0584,0,supporting
ءود,1,outside-system,0.0000,0,1,0,supporting
ءول,172,system-core,0.0000,1,0.245,0,supporting
ءوه,2,outside-system,0.0000,0,0.907,0,supporting
ءوی,36,system-peripheral,0.0000,1,0.29,0,supporting
ءکل,109,SYSTEM-CRITICAL(hub),0.0035,1,0.315,0,system-critical
ءید,10,system-peripheral,0.0000,1,0.692,0,supporting
ءیم,1,outside-system,0.0000,0,0.681,0,supporting
ءین,27,system-peripheral,0.0000,1,0.727,0,supporting
ءیک,4,system-peripheral,0.0000,1,0.536,0,supporting
ءیی,382,system-core,0.0000,1,0.0373,0,supporting
أله,3,outside-system,0.0000,0,0.688,0,supporting
بءر,1,outside-system,0.0000,0,0.688,0,supporting
بءس,73,system-peripheral,0.0000,1,0.974,0,supporting
ببل,1,outside-system,0.0000,0,1,0,supporting
بتر,1,outside-system,0.0000,0,0.0373,1,unit-defining
بتل,2,outside-system,0.0000,0,0.143,0,supporting
بتک,1,outside-system,0.0000,0,0.979,0,supporting
بثث,9,system-peripheral,0.0000,1,0.214,0,supporting
بجس,1,outside-system,0.0000,0,0.922,0,supporting
بحث,1,outside-system,0.0000,0,0.836,0,supporting
بحر,42,system-peripheral,0.0023,1,0.41,0,supporting
بخس,7,system-peripheral,0.0000,1,0.745,0,supporting
بخع,2,outside-system,0.0000,0,0.773,0,supporting
بخل,12,system-peripheral,0.0000,1,0.206,0,supporting
بدء,15,system-peripheral,0.0000,1,0.451,0,supporting
بدر,2,outside-system,0.0000,0,0.993,0,supporting
بدع,4,system-peripheral,0.0000,1,0.722,0,supporting
بدل,44,system-peripheral,0.0000,1,0.643,0,supporting
بدن,2,outside-system,0.0000,0,0.766,0,supporting
بدو,31,system-peripheral,0.0000,1,0.922,0,supporting
بذر,3,outside-system,0.0000,0,0.444,0,supporting
برء,29,system-peripheral,0.0000,1,0.913,0,supporting
برأ,2,outside-system,0.0000,0,0.0745,0,supporting
برج,7,system-peripheral,0.0000,1,0.351,0,supporting
برح,3,system-peripheral,0.0000,1,0.862,0,supporting
برد,5,outside-system,0.0000,0,0.372,0,supporting
برر,32,system-peripheral,0.0000,1,0.349,0,supporting
برز,9,system-peripheral,0.0000,1,0.614,0,supporting
برزخ,3,outside-system,0.0000,0,0.536,0,supporting
برص,2,outside-system,0.0000,0,0.974,0,supporting
برق,11,system-peripheral,0.0023,1,0.421,0,supporting
برم,2,outside-system,0.0000,0,0.327,0,supporting
برهم,69,system-peripheral,0.0000,1,0.634,0,supporting
برهن,8,system-peripheral,0.0000,1,0.898,0,supporting
برک,32,system-peripheral,0.0000,1,0.71,0,supporting
بزغ,2,outside-system,0.0000,0,0.787,0,supporting
بسر,2,outside-system,0.0000,0,0.206,0,supporting
بسس,2,outside-system,0.0000,0,0.236,0,supporting
بسط,25,system-peripheral,0.0000,1,0.614,0,supporting
بسق,1,outside-system,0.0000,0,0.391,0,supporting
بسل,2,outside-system,0.0000,0,0.756,0,supporting
بسم,1,outside-system,0.0000,0,0.58,0,supporting
بشر,123,system-core,0.0000,1,0.348,0,supporting
بصر,148,system-core,0.0000,1,0.333,0,supporting
بصل,1,outside-system,0.0000,0,1,0,supporting
بضع,7,system-peripheral,0.0000,1,0.284,0,supporting
بطء,1,outside-system,0.0000,0,0.974,0,supporting
بطر,2,outside-system,0.0000,0,0.746,0,supporting
بطش,10,system-peripheral,0.0000,1,0.288,0,supporting
بطل,36,system-peripheral,0.0000,1,0.963,0,supporting
بطن,25,system-peripheral,0.0000,1,0.692,0,supporting
بعث,67,system-peripheral,0.0000,1,0.575,0,supporting
بعثر,2,outside-system,0.0000,0,0.114,0,supporting
بعد,235,system-core,0.0000,1,0.624,0,supporting
بعر,2,outside-system,0.0000,0,0.584,0,supporting
بعض,158,system-peripheral,0.0000,1,0.138,0,supporting
بعل,7,outside-system,0.0000,0,0.635,0,supporting
بغت,13,system-peripheral,0.0000,1,0.913,0,supporting
بغض,5,system-peripheral,0.0000,1,0.585,0,supporting
بغل,1,outside-system,0.0000,0,0.79,0,supporting
بغی,96,system-core,0.0000,1,0.837,0,supporting
بقر,9,system-peripheral,0.0000,1,0.907,0,supporting
بقع,1,outside-system,0.0000,0,0.732,0,supporting
بقل,1,outside-system,0.0000,0,1,0,supporting
بقی,21,system-peripheral,0.0000,1,0.405,0,supporting
بلد,19,system-peripheral,0.0000,1,0.0584,0,supporting
بلس,16,system-peripheral,0.0000,1,0.635,0,supporting
بلع,1,outside-system,0.0000,0,0.804,0,supporting
بلغ,77,system-peripheral,0.0000,1,0.564,0,supporting
بلو,37,system-peripheral,0.0000,1,0.327,0,supporting
بلی,1,outside-system,0.0000,0,0.71,0,supporting
بنن,2,outside-system,0.0000,0,0.255,0,supporting
بنو,162,system-core,0.0000,1,0.236,0,supporting
بنی,22,system-peripheral,0.0000,1,0.359,0,supporting
بهت,8,system-peripheral,0.0000,1,0.787,0,supporting
بهج,3,system-peripheral,0.0000,1,0.519,0,supporting
بهل,1,outside-system,0.0000,0,0.956,0,supporting
بهم,3,system-peripheral,0.0000,1,0.626,0,supporting
بوء,17,system-peripheral,0.0000,1,0.978,0,supporting
بوب,27,system-peripheral,0.0000,1,0.529,0,supporting
بور,5,system-peripheral,0.0000,1,0.437,0,supporting
بول,4,outside-system,0.0000,0,0.364,0,supporting
بکر,12,system-peripheral,0.0000,1,0.504,0,supporting
بکم,6,system-peripheral,0.0000,1,1,0,supporting
بکک,1,outside-system,0.0000,0,0.936,0,supporting
بکی,7,system-peripheral,0.0000,1,0.359,0,supporting
بیت,73,system-peripheral,0.0000,1,0.0892,0,supporting
بید,1,outside-system,0.0000,0,0.74,0,supporting
بیض,12,system-peripheral,0.0000,1,0.909,0,supporting
بیع,15,system-peripheral,0.0000,1,0.344,0,supporting
بین,523,system-core,0.0000,1,0.158,0,supporting
تبب,4,outside-system,0.0000,0,0.0373,1,unit-defining
تبت,2,outside-system,0.0000,0,0.913,0,supporting
تبر,6,outside-system,0.0000,0,0.434,0,supporting
تبع,174,system-core,0.0000,1,0.811,0,supporting
تجر,9,system-peripheral,0.0000,1,0.249,0,supporting
تحت,51,system-peripheral,0.0000,1,0.58,0,supporting
ترب,22,system-peripheral,0.0000,1,0.236,0,supporting
ترف,8,system-peripheral,0.0000,1,0.606,0,supporting
ترق,1,outside-system,0.0000,0,0.186,0,supporting
ترک,43,system-peripheral,0.0000,1,0.349,0,supporting
تسع,7,outside-system,0.0000,0,0.415,0,supporting
تعس,1,outside-system,0.0000,0,0.418,0,supporting
تفث,1,outside-system,0.0000,0,0.678,0,supporting
تقن,1,outside-system,0.0000,0,0.614,0,supporting
تلل,1,outside-system,0.0000,0,0.562,0,supporting
تلو,63,system-peripheral,0.0000,1,0.457,0,supporting
تمم,22,system-peripheral,0.0000,1,0.92,0,supporting
تنر,2,outside-system,0.0000,0,0.726,0,supporting
توب,87,system-peripheral,0.0000,1,0.0745,0,supporting
تور,2,outside-system,0.0000,0,0.773,0,supporting
تین,1,outside-system,0.0000,0,0.0892,0,supporting
تیه,1,outside-system,0.0000,0,0.855,0,supporting
ثبت,18,system-peripheral,0.0000,1,0.504,0,supporting
ثبر,5,system-peripheral,0.0000,1,0.211,0,supporting
ثبط,1,outside-system,0.0000,0,0.854,0,supporting
ثبو,1,outside-system,0.0000,0,0.974,0,supporting
ثجج,1,outside-system,0.0000,0,0.189,0,supporting
ثخن,2,outside-system,0.0000,0,0.545,0,supporting
ثرب,2,outside-system,0.0000,0,0.787,0,supporting
ثری,1,outside-system,0.0000,0,0.722,0,supporting
ثعب,2,outside-system,0.0000,0,0.862,0,supporting
ثقب,2,outside-system,0.0000,0,0.132,0,supporting
ثقف,6,system-peripheral,0.0000,1,0.816,0,supporting
ثقل,28,system-peripheral,0.0000,1,0.0373,1,unit-defining
ثلث,32,system-peripheral,0.0000,1,0.57,0,supporting
ثلل,3,outside-system,0.0000,0,0.158,0,supporting
ثمد,26,system-peripheral,0.0000,1,0.251,0,supporting
ثمر,24,system-peripheral,0.0000,1,0.85,0,supporting
ثمن,19,system-peripheral,0.0000,1,0.759,0,supporting
ثنی,29,system-peripheral,0.0000,1,0.98,0,supporting
ثوب,29,system-peripheral,0.0000,1,0.541,0,supporting
ثور,5,system-peripheral,0.0000,1,0.178,0,supporting
ثوی,14,system-peripheral,0.0000,1,0.587,0,supporting
جءر,3,outside-system,0.0000,0,0.485,0,supporting
جبب,2,outside-system,0.0000,0,0.579,0,supporting
جبت,1,outside-system,0.0000,0,0.974,0,supporting
جبر,10,system-peripheral,0.0000,1,0.664,0,supporting
جبل,41,system-peripheral,0.0000,1,0.196,0,supporting
جبن,1,outside-system,0.0000,0,0.556,0,supporting
جبه,1,outside-system,0.0000,0,0.837,0,supporting
جبی,12,system-peripheral,0.0000,1,0.913,0,supporting
جثث,1,outside-system,0.0000,0,0.57,0,supporting
جثم,5,system-peripheral,0.0000,1,0.787,0,supporting
جثو,3,outside-system,0.0000,0,0.405,0,supporting
جحد,12,system-peripheral,0.0000,1,0.661,0,supporting
جحم,26,system-peripheral,0.0000,1,0.0373,1,unit-defining
جدث,3,outside-system,0.0000,0,0.279,0,supporting
جدد,10,system-peripheral,0.0000,1,0.437,0,supporting
جدر,4,system-peripheral,0.0000,1,0.603,0,supporting
جدل,29,system-peripheral,0.0000,1,0.626,0,supporting
جذذ,2,outside-system,0.0000,0,0.744,0,supporting
جذع,3,system-peripheral,0.0000,1,0.505,0,supporting
جذو,1,outside-system,0.0000,0,0.701,0,supporting
جرح,4,outside-system,0.0000,0,0.724,0,supporting
جرد,2,outside-system,0.0000,0,0.528,0,supporting
جرر,1,outside-system,0.0000,0,0.894,0,supporting
جرز,2,outside-system,0.0000,0,0.458,0,supporting
جرع,1,outside-system,0.0000,0,0.545,0,supporting
جرف,1,outside-system,0.0000,0,0.819,0,supporting
جرم,66,system-peripheral,0.0000,1,0.441,0,supporting
جری,64,system-peripheral,0.0000,1,0.61,0,supporting
جزء,3,outside-system,0.0000,0,0.677,0,supporting
جزع,2,outside-system,0.0000,0,0.294,0,supporting
جزی,118,system-peripheral,0.0000,1,0.23,0,supporting
جسد,4,outside-system,0.0000,0,0.787,0,supporting
جسس,1,outside-system,0.0000,0,0.327,0,supporting
جسم,2,outside-system,0.0000,0,0.283,0,supporting
جعل,346,SYSTEM-CRITICAL(hub),0.0035,1,0.0373,0,system-critical
جفء,1,outside-system,0.0000,0,0.574,0,supporting
جفن,1,outside-system,0.0000,0,0.536,0,supporting
جفو,1,outside-system,0.0000,0,0.357,0,supporting
جلب,2,outside-system,0.0000,0,0.776,0,supporting
جلت,3,outside-system,0.0000,0,0.952,0,supporting
جلد,13,system-peripheral,0.0000,1,0.383,0,supporting
جلس,1,outside-system,0.0000,0,0.402,0,supporting
جلل,2,outside-system,0.0000,0,0.186,0,supporting
جلو,5,outside-system,0.0000,0,0.158,0,supporting
جمح,1,outside-system,0.0000,0,0.83,0,supporting
جمد,1,outside-system,0.0000,0,0.628,0,supporting
جمع,129,system-core,0.0000,1,0.211,0,supporting
جمل,11,system-peripheral,0.0000,1,0.396,0,supporting
جمم,1,outside-system,0.0000,0,0.186,0,supporting
جنب,33,system-peripheral,0.0000,1,0.432,0,supporting
جنح,34,system-peripheral,0.0023,1,0.696,0,supporting
جند,29,system-peripheral,0.0000,1,0.437,0,supporting
جنف,2,outside-system,0.0000,0,1,0,supporting
جنن,201,system-core,0.0000,1,0.0373,0,supporting
جنی,2,outside-system,0.0000,0,0.441,0,supporting
جهد,41,system-peripheral,0.0000,1,0.354,0,supporting
جهر,16,system-peripheral,0.0000,1,0.372,0,supporting
جهز,4,outside-system,0.0000,0,0.336,0,supporting
جهل,24,system-peripheral,0.0000,1,1,0,supporting
جهنم,77,system-peripheral,0.0023,1,0.522,0,supporting
جوب,43,system-peripheral,0.0000,1,0.483,0,supporting
جود,3,outside-system,0.0000,0,0.114,0,supporting
جور,13,system-peripheral,0.0000,1,0.643,0,supporting
جوز,5,system-peripheral,0.0000,1,0.923,0,supporting
جوس,1,outside-system,0.0000,0,0.751,0,supporting
جوع,5,system-peripheral,0.0000,1,0.101,0,supporting
جوف,1,outside-system,0.0000,0,0.714,0,supporting
جوو,1,outside-system,0.0000,0,0.794,0,supporting
جیء,278,system-core,0.0000,1,0.182,0,supporting
جیب,3,system-peripheral,0.0000,1,0.776,0,supporting
حبب,95,system-peripheral,0.0000,1,0.234,0,supporting
حبر,6,system-peripheral,0.0000,1,0.792,0,supporting
حبس,2,outside-system,0.0000,0,0.92,0,supporting
حبط,16,system-peripheral,0.0000,1,0.549,0,supporting
حبل,7,outside-system,0.0000,0,0.15,0,supporting
حبک,1,outside-system,0.0000,0,0.334,0,supporting
حتم,1,outside-system,0.0000,0,0.598,0,supporting
حثث,1,outside-system,0.0000,0,0.912,0,supporting
حجب,8,system-peripheral,0.0000,1,0.536,0,supporting
حجج,33,system-peripheral,0.0000,1,0.625,0,supporting
حجر,21,system-peripheral,0.0023,1,0.172,0,supporting
حجز,2,outside-system,0.0000,0,0.396,0,supporting
حدب,1,outside-system,0.0000,0,0.629,0,supporting
حدث,36,system-peripheral,0.0000,1,0.206,0,supporting
حدد,25,system-peripheral,0.0000,1,0.301,0,supporting
حدق,3,outside-system,0.0000,0,0.234,0,supporting
حذر,21,system-peripheral,0.0000,1,0.87,0,supporting
حرب,11,system-peripheral,0.0000,1,0.961,0,supporting
حرث,14,system-peripheral,0.0000,1,0.522,0,supporting
حرج,15,system-peripheral,0.0000,1,0.425,0,supporting
حرد,1,outside-system,0.0000,0,0.304,0,supporting
حرر,15,system-peripheral,0.0000,1,0.776,0,supporting
حرس,1,outside-system,0.0000,0,0.274,0,supporting
حرص,5,system-peripheral,0.0000,1,1,0,supporting
حرض,3,outside-system,0.0000,0,0.913,0,supporting
حرف,6,system-peripheral,0.0000,1,0.974,0,supporting
حرق,9,system-peripheral,0.0000,1,0.444,0,supporting
حرم,83,system-core,0.0000,1,0.383,0,supporting
حرک,1,outside-system,0.0000,0,0.189,0,supporting
حری,1,outside-system,0.0000,0,0.283,0,supporting
حزب,20,system-peripheral,0.0000,1,0.294,0,supporting
حزن,42,system-peripheral,0.0000,1,1,0,supporting
حسب,109,system-peripheral,0.0000,1,0.0373,0,supporting
حسد,5,system-peripheral,0.0000,1,0.0373,1,unit-defining
حسر,12,system-peripheral,0.0000,1,0.732,0,supporting
حسس,6,system-peripheral,0.0000,1,0.741,0,supporting
حسم,1,outside-system,0.0000,0,0.284,0,supporting
حسن,194,system-core,0.0000,1,0.327,0,supporting
حشر,43,system-peripheral,0.0023,1,0.644,0,supporting
حصب,5,system-peripheral,0.0000,1,0.5,0,supporting
حصحص,1,outside-system,0.0000,0,0.764,0,supporting
حصد,6,system-peripheral,0.0000,1,0.787,0,supporting
حصر,6,system-peripheral,0.0000,1,1,0,supporting
حصل,1,outside-system,0.0000,0,0.0892,0,supporting
حصن,18,system-peripheral,0.0000,1,0.425,0,supporting
حصی,11,system-peripheral,0.0000,1,0.336,0,supporting
حضر,25,system-peripheral,0.0000,1,0.517,0,supporting
حضض,3,system-peripheral,0.0000,1,0.0584,0,supporting
حطب,2,outside-system,0.0000,0,0.0745,0,supporting
حطط,2,outside-system,0.0000,0,1,0,supporting
حطم,6,outside-system,0.0000,0,0.0373,1,unit-defining
حظر,2,outside-system,0.0000,0,0.495,0,supporting
حظظ,7,system-peripheral,0.0000,1,0.956,0,supporting
حفد,1,outside-system,0.0000,0,0.778,0,supporting
حفر,2,outside-system,0.0000,0,0.304,0,supporting
حفظ,44,system-peripheral,0.0000,1,0.23,0,supporting
حفف,2,outside-system,0.0000,0,0.754,0,supporting
حفو,3,outside-system,0.0000,0,0.653,0,supporting
حقب,2,outside-system,0.0000,0,0.324,0,supporting
حقف,1,outside-system,0.0000,0,0.451,0,supporting
حقق,287,system-core,0.0000,1,0.132,0,supporting
حلف,13,system-peripheral,0.0000,1,0.229,0,supporting
حلق,2,outside-system,0.0000,0,0.666,0,supporting
حلقم,1,outside-system,0.0000,0,0.353,0,supporting
حلل,51,system-peripheral,0.0000,1,0.407,0,supporting
حلم,21,system-peripheral,0.0000,1,0.937,0,supporting
حلی,9,system-peripheral,0.0000,1,0.563,0,supporting
حمء,4,system-peripheral,0.0000,1,0.274,0,supporting
حمد,68,system-peripheral,0.0000,1,0.186,0,supporting
حمر,6,system-peripheral,0.0000,1,0.339,0,supporting
حمل,64,system-peripheral,0.0000,1,0.0373,0,supporting
حمم,21,system-peripheral,0.0000,1,0.15,0,supporting
حمی,6,system-peripheral,0.0000,1,0.143,0,supporting
حنث,2,outside-system,0.0000,0,0.437,0,supporting
حنجر,2,outside-system,0.0000,0,0.739,0,supporting
حنذ,1,outside-system,0.0000,0,0.804,0,supporting
حنف,12,system-peripheral,0.0000,1,0.575,0,supporting
حنن,2,outside-system,0.0000,0,0.787,0,supporting
حنک,1,outside-system,0.0000,0,0.741,0,supporting
حوب,1,outside-system,0.0000,0,0.974,0,supporting
حوت,5,system-peripheral,0.0000,1,0.543,0,supporting
حوج,3,outside-system,0.0000,0,0.595,0,supporting
حوذ,2,outside-system,0.0000,0,0.57,0,supporting
حور,13,system-peripheral,0.0000,1,0.249,0,supporting
حوش,2,outside-system,0.0000,0,0.56,0,supporting
حوط,28,system-peripheral,0.0000,1,0.652,0,supporting
حول,25,system-peripheral,0.0000,1,1,0,supporting
حوی,2,outside-system,0.0000,0,0.206,0,supporting
حکم,210,system-core,0.0023,1,0.214,0,supporting
حیث,31,system-peripheral,0.0000,1,0.643,0,supporting
حید,1,outside-system,0.0000,0,0.349,0,supporting
حیر,1,outside-system,0.0000,0,0.901,0,supporting
حیز,1,outside-system,0.0000,0,0.663,0,supporting
حیص,5,outside-system,0.0000,0,0.577,0,supporting
حیض,4,outside-system,0.0000,0,0.273,0,supporting
حیف,1,outside-system,0.0000,0,0.701,0,supporting
حیق,10,system-peripheral,0.0000,1,0.755,0,supporting
حین,35,system-peripheral,0.0000,1,0.623,0,supporting
حیی,189,system-core,0.0000,1,0.301,0,supporting
خبء,1,outside-system,0.0000,0,0.625,0,supporting
خبت,3,outside-system,0.0000,0,0.594,0,supporting
خبث,16,system-peripheral,0.0000,1,0.592,0,supporting
خبر,51,system-peripheral,0.0000,1,0.263,0,supporting
خبر2,1,outside-system,0.0000,0,0.787,0,supporting
خبز,1,outside-system,0.0000,0,0.776,0,supporting
خبط,1,outside-system,0.0000,0,1,0,supporting
خبل,2,outside-system,0.0000,0,0.965,0,supporting
خبو,1,outside-system,0.0000,0,0.739,0,supporting
ختر,1,outside-system,0.0000,0,0.434,0,supporting
ختم,8,system-peripheral,0.0000,1,0.269,0,supporting
خدد,2,outside-system,0.0000,0,0.192,0,supporting
خدع,5,system-peripheral,0.0000,1,0.994,0,supporting
خدن,2,outside-system,0.0000,0,0.978,0,supporting
خذل,3,outside-system,0.0000,0,0.835,0,supporting
خرب,2,outside-system,0.0000,0,0.58,0,supporting
خرج,182,system-core,0.0000,1,0.158,0,supporting
خردل,2,outside-system,0.0000,0,0.517,0,supporting
خرر,12,system-peripheral,0.0000,1,0.714,0,supporting
خرص,5,system-peripheral,0.0000,1,0.653,0,supporting
خرطم,1,outside-system,0.0000,0,0.274,0,supporting
خرق,4,outside-system,0.0000,0,0.764,0,supporting
خزن,13,system-peripheral,0.0000,1,0.441,0,supporting
خزی,26,system-peripheral,0.0000,1,0.774,0,supporting
خسء,4,system-peripheral,0.0000,1,0.629,0,supporting
خسر,65,system-peripheral,0.0000,1,0.29,0,supporting
خسف,8,system-peripheral,0.0000,1,0.442,0,supporting
خشب,1,outside-system,0.0000,0,0.189,0,supporting
خشع,17,system-peripheral,0.0000,1,0.41,0,supporting
خشی,48,system-peripheral,0.0000,1,0.229,0,supporting
خصص,4,system-peripheral,0.0000,1,0.773,0,supporting
خصف,2,outside-system,0.0000,0,0.848,0,supporting
خصم,18,system-peripheral,0.0000,1,0.383,0,supporting
خضد,1,outside-system,0.0000,0,0.364,0,supporting
خضر,8,outside-system,0.0000,0,0.609,0,supporting
خضع,2,outside-system,0.0000,0,0.736,0,supporting
خطء,22,system-peripheral,0.0000,1,0.41,0,supporting
خطب,12,system-peripheral,0.0000,1,0.517,0,supporting
خطط,1,outside-system,0.0000,0,0.573,0,supporting
خطف,7,outside-system,0.0000,0,0.692,0,supporting
خطو,5,system-peripheral,0.0000,1,0.804,0,supporting
خفت,3,outside-system,0.0000,0,0.487,0,supporting
خفض,4,system-peripheral,0.0000,1,0.57,0,supporting
خفف,17,system-peripheral,0.0000,1,0.413,0,supporting
خفی,34,system-peripheral,0.0000,1,0.614,0,supporting
خلد,87,system-peripheral,0.0000,1,0.406,0,supporting
خلص,31,system-peripheral,0.0000,1,0.333,0,supporting
خلط,6,system-peripheral,0.0000,1,0.985,0,supporting
خلع,1,outside-system,0.0000,0,0.689,0,supporting
خلف,127,system-core,0.0000,1,0.732,0,supporting
خلق,261,system-core,0.0000,1,0.0373,0,supporting
خلل,13,system-peripheral,0.0000,1,0.857,0,supporting
خلو,28,system-peripheral,0.0000,1,0.564,0,supporting
خمد,2,outside-system,0.0000,0,0.558,0,supporting
خمر,7,system-peripheral,0.0000,1,0.807,0,supporting
خمس,8,system-peripheral,0.0000,1,0.522,0,supporting
خمص,2,outside-system,0.0000,0,0.957,0,supporting
خمط,1,outside-system,0.0000,0,0.474,0,supporting
خنزر,5,system-peripheral,0.0000,1,0.993,0,supporting
خنس,2,outside-system,0.0000,0,0.0745,0,supporting
خنق,1,outside-system,0.0000,0,0.869,0,supporting
خور,2,outside-system,0.0000,0,0.875,0,supporting
خوض,12,system-peripheral,0.0000,1,0.327,0,supporting
خوف,124,SYSTEM-CRITICAL(hub),0.0035,1,0.397,0,system-critical
خول,7,system-peripheral,0.0000,1,0.714,0,supporting
خون,16,system-peripheral,0.0000,1,0.351,0,supporting
خوی,5,system-peripheral,0.0000,1,0.64,0,supporting
خیب,5,outside-system,0.0000,0,0.189,0,supporting
خیر,196,system-core,0.0000,1,0.206,0,supporting
خیط,3,outside-system,0.0000,0,1,0,supporting
خیل,10,system-peripheral,0.0000,1,0.845,0,supporting
خیم,1,outside-system,0.0000,0,0.383,0,supporting
دءب,6,system-peripheral,0.0000,1,0.759,0,supporting
دبب,18,system-peripheral,0.0000,1,0.773,0,supporting
دبر,44,system-peripheral,0.0000,1,0.333,0,supporting
دثر,1,outside-system,0.0000,0,0.225,0,supporting
دحر,4,system-peripheral,0.0000,1,0.714,0,supporting
دحض,4,outside-system,0.0000,0,0.714,0,supporting
دحو,1,outside-system,0.0000,0,0.23,0,supporting
دخر,4,outside-system,0.0000,0,0.764,0,supporting
دخل,126,system-core,0.0000,1,0.236,0,supporting
دخن,2,outside-system,0.0000,0,0.383,0,supporting
درء,5,outside-system,0.0000,0,0.93,0,supporting
درج,20,system-peripheral,0.0000,1,0.974,0,supporting
درر,4,system-peripheral,0.0000,1,0.522,0,supporting
درس,8,system-peripheral,0.0000,1,0.776,0,supporting
درهم,1,outside-system,0.0000,0,0.773,0,supporting
درک,12,system-peripheral,0.0000,1,0.858,0,supporting
دری,29,system-peripheral,0.0000,1,0.0373,1,unit-defining
دسر,1,outside-system,0.0000,0,0.339,0,supporting
دسس,1,outside-system,0.0000,0,0.787,0,supporting
دسو,1,outside-system,0.0000,0,0.132,0,supporting
دعع,3,outside-system,0.0000,0,0.0745,0,supporting
دعو,212,system-core,0.0023,1,0.0373,0,supporting
دفء,1,outside-system,0.0000,0,0.776,0,supporting
دفع,10,system-peripheral,0.0000,1,0.58,0,supporting
دفق,1,outside-system,0.0000,0,0.114,0,supporting
دلل,7,system-peripheral,0.0000,1,0.421,0,supporting
دلو,5,outside-system,0.0000,0,0.644,0,supporting
دلک,1,outside-system,0.0000,0,0.762,0,supporting
دمدم,1,outside-system,0.0000,0,0.143,0,supporting
دمر,10,system-peripheral,0.0000,1,0.624,0,supporting
دمع,2,outside-system,0.0000,0,0.945,0,supporting
دمغ,1,outside-system,0.0000,0,0.617,0,supporting
دمو,10,system-peripheral,0.0000,1,1,0,supporting
دنر,1,outside-system,0.0000,0,0.938,0,supporting
دنو,133,system-core,0.0000,1,0.961,0,supporting
دهر,2,outside-system,0.0000,0,0.318,0,supporting
دهق,1,outside-system,0.0000,0,0.206,0,supporting
دهم,1,outside-system,0.0000,0,0.382,0,supporting
دهن,5,outside-system,0.0000,0,0.23,0,supporting
دهی,1,outside-system,0.0000,0,0.344,0,supporting
دود,16,system-peripheral,0.0000,1,0.318,0,supporting
دور,55,system-peripheral,0.0000,1,0.592,0,supporting
دول,2,outside-system,0.0000,0,0.536,0,supporting
دوم,9,system-peripheral,0.0000,1,0.614,0,supporting
دون,144,system-core,0.0000,1,0.573,0,supporting
دکک,7,outside-system,0.0000,0,0.0584,0,supporting
دین,101,system-core,0.0000,1,0.0373,0,supporting
ذءب,3,system-peripheral,0.0000,1,0.488,0,supporting
ذءم,1,outside-system,0.0000,0,0.917,0,supporting
ذبب,2,outside-system,0.0000,0,0.519,0,supporting
ذبح,9,system-peripheral,0.0000,1,0.804,0,supporting
ذبذب,1,outside-system,0.0000,0,0.972,0,supporting
ذخر,1,outside-system,0.0000,0,0.935,0,supporting
ذرء,6,system-peripheral,0.0000,1,0.692,0,supporting
ذرر,38,system-peripheral,0.0000,1,0.132,0,supporting
ذرع,5,outside-system,0.0000,0,0.251,0,supporting
ذرو,3,outside-system,0.0000,0,0.23,0,supporting
ذعن,1,outside-system,0.0000,0,0.681,0,supporting
ذقن,3,outside-system,0.0000,0,0.57,0,supporting
ذلل,24,system-peripheral,0.0000,1,0.487,0,supporting
ذمم,5,outside-system,0.0000,0,0.545,0,supporting
ذنب,39,system-peripheral,0.0000,1,0.41,0,supporting
ذهب,56,system-peripheral,0.0000,1,0.547,0,supporting
ذهل,1,outside-system,0.0000,0,0.663,0,supporting
ذود,1,outside-system,0.0000,0,0.714,0,supporting
ذوق,63,system-peripheral,0.0000,1,0.157,0,supporting
ذوی,143,system-core,0.0000,1,0.0373,0,supporting
ذکر,292,system-core,0.0000,1,0.0373,0,supporting
ذکو,1,outside-system,0.0000,0,0.857,0,supporting
ذیع,1,outside-system,0.0000,0,0.964,0,supporting
رءس,18,system-peripheral,0.0000,1,0.747,0,supporting
رءف,13,system-peripheral,0.0000,1,0.672,0,supporting
رءی,328,SYSTEM-CRITICAL(hub),0.0035,1,0.0373,0,system-critical
ربب,980,SYSTEM-CRITICAL(hub),0.0046,1,0.0373,0,system-critical
ربح,1,outside-system,0.0000,0,1,0,supporting
ربص,17,system-peripheral,0.0000,1,0.299,0,supporting
ربط,5,system-peripheral,0.0000,1,0.736,0,supporting
ربع,22,system-peripheral,0.0000,1,0.643,0,supporting
ربو,20,system-peripheral,0.0000,1,0.696,0,supporting
رتع,1,outside-system,0.0000,0,0.804,0,supporting
رتق,1,outside-system,0.0000,0,0.634,0,supporting
رتل,4,outside-system,0.0000,0,0.158,0,supporting
رجأ,2,outside-system,0.0000,0,0.87,0,supporting
رجج,2,outside-system,0.0000,0,0.206,0,supporting
رجز,10,system-peripheral,0.0000,1,0.57,0,supporting
رجس,10,system-peripheral,0.0000,1,0.961,0,supporting
رجع,104,system-peripheral,0.0000,1,0.234,0,supporting
رجف,8,system-peripheral,0.0000,1,0.23,0,supporting
رجل,73,system-core,0.0000,1,0.901,0,supporting
رجم,14,system-peripheral,0.0000,1,0.413,0,supporting
رجو,26,system-peripheral,0.0000,1,0.643,0,supporting
رحب,4,outside-system,0.0000,0,0.444,0,supporting
رحق,1,outside-system,0.0000,0,0.172,0,supporting
رحل,4,outside-system,0.0000,0,0.101,0,supporting
رحم,339,system-core,0.0000,1,0.0373,0,supporting
رخو,1,outside-system,0.0000,0,0.466,0,supporting
ردء,1,outside-system,0.0000,0,0.737,0,supporting
ردد,59,system-peripheral,0.0000,1,0.773,0,supporting
ردف,3,outside-system,0.0000,0,0.334,0,supporting
ردم,1,outside-system,0.0000,0,0.758,0,supporting
ردی,6,system-peripheral,0.0000,1,0.313,0,supporting
رذل,4,outside-system,0.0000,0,0.844,0,supporting
رزق,123,system-core,0.0000,1,0.299,0,supporting
رسخ,2,outside-system,0.0000,0,0.997,0,supporting
رسس,2,outside-system,0.0000,0,0.442,0,supporting
رسل,513,SYSTEM-CRITICAL(hub),0.0035,1,0.0373,0,system-critical
رسو,14,system-peripheral,0.0000,1,0.325,0,supporting
رشد,19,system-peripheral,0.0000,1,0.157,0,supporting
رصد,6,outside-system,0.0000,0,0.23,0,supporting
رصص,1,outside-system,0.0000,0,0.23,0,supporting
رضع,11,outside-system,0.0000,0,0.452,0,supporting
رضو,73,system-peripheral,0.0000,1,0.0584,0,supporting
رطب,2,outside-system,0.0000,0,0.801,0,supporting
رعب,5,system-peripheral,0.0000,1,0.772,0,supporting
رعد,2,outside-system,0.0000,0,0.787,0,supporting
رعی,10,system-peripheral,0.0000,1,0.294,0,supporting
رغب,8,system-peripheral,0.0000,1,0.158,0,supporting
رغد,3,outside-system,0.0000,0,0.978,0,supporting
رغم,1,outside-system,0.0000,0,0.978,0,supporting
رفت,2,outside-system,0.0000,0,0.544,0,supporting
رفث,2,outside-system,0.0000,0,0.974,0,supporting
رفد,2,outside-system,0.0000,0,0.593,0,supporting
رفرف,1,outside-system,0.0000,0,0.396,0,supporting
رفع,29,system-peripheral,0.0000,1,0.127,0,supporting
رفق,5,system-peripheral,0.0000,1,0.634,0,supporting
رقب,24,system-peripheral,0.0000,1,0.349,0,supporting
رقد,2,outside-system,0.0000,0,0.612,0,supporting
رقق,1,outside-system,0.0000,0,0.325,0,supporting
رقم,3,outside-system,0.0000,0,0.158,0,supporting
رقی,4,outside-system,0.0000,0,0.325,0,supporting
رمح,1,outside-system,0.0000,0,0.86,0,supporting
رمد,1,outside-system,0.0000,0,0.563,0,supporting
رمز,1,outside-system,0.0000,0,0.937,0,supporting
رمض,1,outside-system,0.0000,0,1,0,supporting
رمم,2,outside-system,0.0000,0,0.374,0,supporting
رمن,3,system-peripheral,0.0000,1,0.601,0,supporting
رمی,9,outside-system,0.0000,0,0.143,0,supporting
رهب,12,system-peripheral,0.0000,1,0.953,0,supporting
رهط,3,outside-system,0.0000,0,0.664,0,supporting
رهق,10,system-peripheral,0.0000,1,0.234,0,supporting
رهن,3,outside-system,0.0000,0,0.334,0,supporting
رهو,1,outside-system,0.0000,0,0.349,0,supporting
روح,57,SYSTEM-CRITICAL(hub),0.0035,1,0.46,0,system-critical
رود,148,system-core,0.0000,1,0.5,0,supporting
روض,2,outside-system,0.0000,0,0.565,0,supporting
روع,1,outside-system,0.0000,0,0.805,0,supporting
روغ,3,outside-system,0.0000,0,0.325,0,supporting
روم,1,outside-system,0.0000,0,0.505,0,supporting
رکب,15,system-peripheral,0.0000,1,0.349,0,supporting
رکد,1,outside-system,0.0000,0,0.523,0,supporting
رکز,1,outside-system,0.0000,0,0.621,0,supporting
رکس,2,outside-system,0.0000,0,0.877,0,supporting
رکض,3,outside-system,0.0000,0,0.514,0,supporting
رکع,13,system-peripheral,0.0000,1,0.38,0,supporting
رکم,3,outside-system,0.0000,0,0.495,0,supporting
رکن,4,outside-system,0.0000,0,0.562,0,supporting
ریب,36,system-peripheral,0.0000,1,0.79,0,supporting
ریش,1,outside-system,0.0000,0,0.905,0,supporting
ریع,1,outside-system,0.0000,0,0.678,0,supporting
ریم,34,system-peripheral,0.0000,1,0.344,0,supporting
رین,1,outside-system,0.0000,0,0.182,0,supporting
زبد,3,outside-system,0.0000,0,0.249,0,supporting
زبر,11,system-peripheral,0.0000,1,0.57,0,supporting
زبن,1,outside-system,0.0000,0,0.138,0,supporting
زجج,2,outside-system,0.0000,0,0.495,0,supporting
زجر,6,outside-system,0.0000,0,0.284,0,supporting
زجو,3,outside-system,0.0000,0,0.826,0,supporting
زحزح,2,outside-system,0.0000,0,1,0,supporting
زحف,1,outside-system,0.0000,0,0.638,0,supporting
زخرف,4,system-peripheral,0.0000,1,0.851,0,supporting
زرب,1,outside-system,0.0000,0,0.143,0,supporting
زرع,14,system-peripheral,0.0000,1,0.441,0,supporting
زرق,1,outside-system,0.0000,0,0.714,0,supporting
زری,1,outside-system,0.0000,0,0.787,0,supporting
زعم,17,system-peripheral,0.0000,1,0.503,0,supporting
زفر,3,outside-system,0.0000,0,0.732,0,supporting
زفف,1,outside-system,0.0000,0,0.517,0,supporting
زقم,3,system-peripheral,0.0000,1,0.376,0,supporting
زلزل,6,outside-system,0.0000,0,0.0373,1,unit-defining
زلف,10,system-peripheral,0.0000,1,0.299,0,supporting
زلق,2,outside-system,0.0000,0,0.41,0,supporting
زلل,4,system-peripheral,0.0000,1,1,0,supporting
زلم,2,outside-system,0.0000,0,0.764,0,supporting
زمر,2,outside-system,0.0000,0,0.442,0,supporting
زمل,1,outside-system,0.0000,0,0.206,0,supporting
زمهر,1,outside-system,0.0000,0,0.284,0,supporting
زنجبل,1,outside-system,0.0000,0,0.304,0,supporting
زنم,1,outside-system,0.0000,0,0.26,0,supporting
زنی,9,system-peripheral,0.0000,1,0.24,0,supporting
زهد,1,outside-system,0.0000,0,0.776,0,supporting
زهر,1,outside-system,0.0000,0,0.693,0,supporting
زهق,5,outside-system,0.0000,0,0.727,0,supporting
زوج,81,system-core,0.0000,1,0.23,0,supporting
زود,2,outside-system,0.0000,0,0.974,0,supporting
زور,6,system-peripheral,0.0000,1,0.127,0,supporting
زول,4,system-peripheral,0.0000,1,0.327,0,supporting
زکر,7,system-peripheral,0.0000,1,0.722,0,supporting
زکو,59,system-peripheral,0.0000,1,0.172,0,supporting
زیت,7,system-peripheral,0.0000,1,0.189,0,supporting
زید,62,system-peripheral,0.0000,1,0.178,0,supporting
زیغ,9,system-peripheral,0.0000,1,0.294,0,supporting
زیل,10,system-peripheral,0.0000,1,0.967,0,supporting
زین,46,system-peripheral,0.0000,1,0.819,0,supporting
سءل,129,system-peripheral,0.0000,1,0.101,0,supporting
سءم,3,outside-system,0.0000,0,0.447,0,supporting
سبء,2,outside-system,0.0000,0,0.635,0,supporting
سبب,11,system-peripheral,0.0000,1,0.592,0,supporting
سبت,9,system-peripheral,0.0000,1,0.732,0,supporting
سبح,92,system-peripheral,0.0000,1,0.114,0,supporting
سبط,5,system-peripheral,0.0000,1,1,0,supporting
سبع,28,system-peripheral,0.0000,1,0.294,0,supporting
سبغ,2,outside-system,0.0000,0,0.471,0,supporting
سبق,37,system-peripheral,0.0000,1,0.294,0,supporting
سبل,176,system-core,0.0000,1,0.196,0,supporting
ستت,8,system-peripheral,0.0000,1,0.586,0,supporting
ستر,3,outside-system,0.0000,0,0.733,0,supporting
سجد,92,system-core,0.0000,1,0.249,0,supporting
سجر,3,outside-system,0.0000,0,0.249,0,supporting
سجل,4,system-peripheral,0.0000,1,0.132,0,supporting
سجن,12,system-peripheral,0.0000,1,0.114,0,supporting
سجو,1,outside-system,0.0000,0,0.101,0,supporting
سحب,11,system-peripheral,0.0000,1,0.661,0,supporting
سحت,4,system-peripheral,0.0000,1,0.725,0,supporting
سحر,63,system-peripheral,0.0000,1,0.0892,0,supporting
سحق,19,system-peripheral,0.0000,1,0.904,0,supporting
سحل,1,outside-system,0.0000,0,0.71,0,supporting
سخر,42,system-peripheral,0.0000,1,0.46,0,supporting
سخط,4,system-peripheral,0.0000,1,0.837,0,supporting
سدد,6,system-peripheral,0.0000,1,0.514,0,supporting
سدر,4,outside-system,0.0000,0,0.214,0,supporting
سدس,5,system-peripheral,0.0000,1,0.722,0,supporting
سدی,1,outside-system,0.0000,0,0.225,0,supporting
سرب,4,outside-system,0.0000,0,0.397,0,supporting
سربل,3,outside-system,0.0000,0,0.65,0,supporting
سرج,4,system-peripheral,0.0000,1,0.324,0,supporting
سرح,7,system-peripheral,0.0000,1,0.439,0,supporting
سرد,1,outside-system,0.0000,0,0.536,0,supporting
سردق,1,outside-system,0.0000,0,0.746,0,supporting
سرر,44,system-peripheral,0.0000,1,0.196,0,supporting
سرع,23,system-peripheral,0.0000,1,0.787,0,supporting
سرف,23,system-peripheral,0.0000,1,0.909,0,supporting
سرق,9,system-peripheral,0.0000,1,0.396,0,supporting
سرمد,2,outside-system,0.0000,0,0.522,0,supporting
سری,8,system-peripheral,0.0000,1,0.444,0,supporting
سطح,1,outside-system,0.0000,0,0.15,0,supporting
سطر,14,system-peripheral,0.0000,1,0.354,0,supporting
سطو,1,outside-system,0.0000,0,0.649,0,supporting
سعد,2,outside-system,0.0000,0,0.595,0,supporting
سعر,19,system-peripheral,0.0000,1,0.158,0,supporting
سعی,30,system-peripheral,0.0000,1,0.189,0,supporting
سغب,1,outside-system,0.0000,0,0.132,0,supporting
سفح,4,system-peripheral,0.0000,1,0.989,0,supporting
سفر,12,system-peripheral,0.0000,1,0.263,0,supporting
سفع,1,outside-system,0.0000,0,0.138,0,supporting
سفل,10,system-peripheral,0.0000,1,0.0373,1,unit-defining
سفن,4,outside-system,0.0000,0,0.479,0,supporting
سفه,11,system-peripheral,0.0000,1,0.822,0,supporting
سفک,2,outside-system,0.0000,0,0.978,0,supporting
سقر,4,outside-system,0.0000,0,0.143,0,supporting
سقط,8,system-peripheral,0.0000,1,0.819,0,supporting
سقف,4,outside-system,0.0000,0,0.551,0,supporting
سقم,2,outside-system,0.0000,0,0.353,0,supporting
سقی,25,system-peripheral,0.0000,1,0.251,0,supporting
سلب,1,outside-system,0.0000,0,0.644,0,supporting
سلح,4,outside-system,0.0000,0,0.684,0,supporting
سلخ,3,outside-system,0.0000,0,0.787,0,supporting
سلسبل,1,outside-system,0.0000,0,0.274,0,supporting
سلسل,3,outside-system,0.0000,0,0.299,0,supporting
سلط,39,system-peripheral,0.0000,1,0.756,0,supporting
سلف,8,system-peripheral,0.0000,1,0.787,0,supporting
سلق,1,outside-system,0.0000,0,0.714,0,supporting
سلل,3,outside-system,0.0000,0,0.522,0,supporting
سلم,157,system-core,0.0000,1,0.138,0,supporting
سلو,3,system-peripheral,0.0000,1,0.985,0,supporting
سلک,12,system-peripheral,0.0000,1,0.334,0,supporting
سمد,1,outside-system,0.0000,0,0.299,0,supporting
سمر,4,system-peripheral,0.0000,1,0.405,0,supporting
سمع,185,system-peripheral,0.0023,1,0.406,0,supporting
سمم,4,outside-system,0.0000,0,0.415,0,supporting
سمن,4,outside-system,0.0000,0,0.206,0,supporting
سمو,381,system-core,0.0000,1,0.0584,0,supporting
سمک,1,outside-system,0.0000,0,0.214,0,supporting
سنبل,5,system-peripheral,0.0000,1,0.681,0,supporting
سند,1,outside-system,0.0000,0,0.211,0,supporting
سندس,3,system-peripheral,0.0000,1,0.33,0,supporting
سنم,1,outside-system,0.0000,0,0.196,0,supporting
سنن,21,system-peripheral,0.0000,1,0.336,0,supporting
سنه,1,outside-system,0.0000,0,1,0,supporting
سنو,20,system-peripheral,0.0000,1,0.844,0,supporting
سهر,1,outside-system,0.0000,0,0.196,0,supporting
سهل,1,outside-system,0.0000,0,0.912,0,supporting
سهم,1,outside-system,0.0000,0,0.539,0,supporting
سهو,2,outside-system,0.0000,0,0.101,0,supporting
سوء,166,system-core,0.0000,1,0.38,0,supporting
سوح,1,outside-system,0.0000,0,0.545,0,supporting
سود,10,system-peripheral,0.0000,1,0.942,0,supporting
سور,17,system-peripheral,0.0000,1,0.621,0,supporting
سوط,1,outside-system,0.0000,0,0.138,0,supporting
سوع,49,system-peripheral,0.0000,1,0.322,0,supporting
سوغ,3,outside-system,0.0000,0,0.661,0,supporting
سوق,17,system-peripheral,0.0000,1,0.165,0,supporting
سول,4,system-peripheral,0.0000,1,0.621,0,supporting
سوم,15,system-peripheral,0.0000,1,0.806,0,supporting
سوو,83,system-peripheral,0.0000,1,0.189,0,supporting
سکب,1,outside-system,0.0000,0,0.342,0,supporting
سکت,1,outside-system,0.0000,0,0.925,0,supporting
سکر,7,outside-system,0.0000,0,0.452,0,supporting
سکن,71,system-core,0.0000,1,0.359,0,supporting
سیء,1,outside-system,0.0000,0,0.817,0,supporting
سیب,1,outside-system,0.0000,0,0.86,0,supporting
سیح,3,outside-system,0.0000,0,0.441,0,supporting
سیر,27,system-peripheral,0.0000,1,0.501,0,supporting
سیطر,2,outside-system,0.0000,0,0.192,0,supporting
سیل,4,outside-system,0.0000,0,0.325,0,supporting
سین,2,outside-system,0.0000,0,0.138,0,supporting
شءم,3,outside-system,0.0000,0,0.15,0,supporting
شءن,4,outside-system,0.0000,0,0.294,0,supporting
شبه,12,system-peripheral,0.0000,1,0.946,0,supporting
شتت,5,outside-system,0.0000,0,0.157,0,supporting
شتو,1,outside-system,0.0000,0,0.0584,0,supporting
شجر,27,system-peripheral,0.0023,1,0.575,0,supporting
شحح,5,system-peripheral,0.0000,1,0.4,0,supporting
شحم,1,outside-system,0.0000,0,0.875,0,supporting
شحن,3,system-peripheral,0.0000,1,0.621,0,supporting
شخص,2,outside-system,0.0000,0,0.625,0,supporting
شدد,102,SYSTEM-CRITICAL(hub),0.0035,1,0.457,0,system-critical
شرب,39,system-peripheral,0.0000,1,0.165,0,supporting
شرح,5,system-peripheral,0.0000,1,0.143,0,supporting
شرد,1,outside-system,0.0000,0,0.643,0,supporting
شرذم,1,outside-system,0.0000,0,0.681,0,supporting
شرر,31,system-peripheral,0.0000,1,0.0373,1,unit-defining
شرط,1,outside-system,0.0000,0,0.406,0,supporting
شرع,5,system-peripheral,0.0000,1,0.523,0,supporting
شرق,17,system-peripheral,0.0000,1,0.644,0,supporting
شرک,168,system-core,0.0000,1,0.0584,0,supporting
شری,25,system-peripheral,0.0000,1,0.869,0,supporting
شطء,2,outside-system,0.0000,0,0.573,0,supporting
شطر,5,system-peripheral,0.0000,1,0.822,0,supporting
شطط,3,system-peripheral,0.0000,1,0.437,0,supporting
شطن,88,system-peripheral,0.0000,1,0.727,0,supporting
شعب,13,system-peripheral,0.0000,1,0.444,0,supporting
شعر,40,system-peripheral,0.0000,1,0.839,0,supporting
شعل,1,outside-system,0.0000,0,0.594,0,supporting
شغف,1,outside-system,0.0000,0,0.773,0,supporting
شغل,2,outside-system,0.0000,0,0.481,0,supporting
شفع,31,system-peripheral,0.0000,1,0.644,0,supporting
شفق,11,system-peripheral,0.0000,1,0.304,0,supporting
شفه,1,outside-system,0.0000,0,0.101,0,supporting
شفو,2,outside-system,0.0000,0,0.972,0,supporting
شفی,6,system-peripheral,0.0000,1,0.913,0,supporting
شقق,28,system-peripheral,0.0000,1,0.349,0,supporting
شقو,12,system-peripheral,0.0000,1,0.15,0,supporting
شمءز,1,outside-system,0.0000,0,0.64,0,supporting
شمت,1,outside-system,0.0000,0,0.923,0,supporting
شمخ,1,outside-system,0.0000,0,0.206,0,supporting
شمس,33,system-peripheral,0.0000,1,0.425,0,supporting
شمل,12,system-peripheral,0.0000,1,0.374,0,supporting
شنء,3,outside-system,0.0000,0,0.0584,0,supporting
شهب,5,outside-system,0.0000,0,0.263,0,supporting
شهد,160,system-core,0.0000,1,0.0584,0,supporting
شهر,21,system-peripheral,0.0000,1,0.315,0,supporting
شهق,2,outside-system,0.0000,0,0.454,0,supporting
شهو,13,system-peripheral,0.0000,1,0.653,0,supporting
شوب,1,outside-system,0.0000,0,0.556,0,supporting
شور,4,outside-system,0.0000,0,0.871,0,supporting
شوظ,1,outside-system,0.0000,0,0.376,0,supporting
شوک,1,outside-system,0.0000,0,0.63,0,supporting
شوی,2,outside-system,0.0000,0,0.349,0,supporting
شکر,75,system-peripheral,0.0000,1,0.374,0,supporting
شکس,1,outside-system,0.0000,0,0.643,0,supporting
شکل,2,outside-system,0.0000,0,0.644,0,supporting
شکو,3,system-peripheral,0.0000,1,0.63,0,supporting
شکک,15,system-peripheral,0.0000,1,0.61,0,supporting
شیء,519,system-core,0.0023,1,0.0892,0,supporting
شیب,3,outside-system,0.0000,0,0.327,0,supporting
شیخ,4,system-peripheral,0.0000,1,0.88,0,supporting
شید,2,outside-system,0.0000,0,0.872,0,supporting
شیع,12,system-peripheral,0.0000,1,0.643,0,supporting
صبء,3,system-peripheral,0.0000,1,0.974,0,supporting
صبب,5,outside-system,0.0000,0,0.192,0,supporting
صبح,45,system-peripheral,0.0000,1,0.214,0,supporting
صبر,103,system-peripheral,0.0000,1,0.165,0,supporting
صبع,2,outside-system,0.0000,0,0.382,0,supporting
صبغ,3,outside-system,0.0000,0,0.901,0,supporting
صبو,3,outside-system,0.0000,0,0.537,0,supporting
صحب,97,system-peripheral,0.0023,1,0.0373,0,supporting
صحف,9,outside-system,0.0000,0,0.0892,0,supporting
صخخ,1,outside-system,0.0000,0,0.143,0,supporting
صخر,3,outside-system,0.0000,0,0.273,0,supporting
صدد,42,system-peripheral,0.0000,1,0.436,0,supporting
صدر,46,system-peripheral,0.0000,1,0.0892,0,supporting
صدع,5,outside-system,0.0000,0,0.182,0,supporting
صدف,5,system-peripheral,0.0000,1,0.65,0,supporting
صدق,155,system-core,0.0000,1,0.537,0,supporting
صدی,2,outside-system,0.0000,0,0.24,0,supporting
صرح,4,system-peripheral,0.0000,1,0.579,0,supporting
صرخ,5,outside-system,0.0000,0,0.457,0,supporting
صرر,6,system-peripheral,0.0000,1,0.336,0,supporting
صرصر,3,system-peripheral,0.0000,1,0.315,0,supporting
صرط,45,system-peripheral,0.0000,1,0.0373,1,unit-defining
صرع,1,outside-system,0.0000,0,0.284,0,supporting
صرف,30,system-peripheral,0.0000,1,0.836,0,supporting
صرم,3,outside-system,0.0000,0,0.138,0,supporting
صعد,9,system-peripheral,0.0000,1,0.573,0,supporting
صعر,1,outside-system,0.0000,0,0.4,0,supporting
صعق,11,system-peripheral,0.0000,1,0.445,0,supporting
صغر,13,system-peripheral,0.0000,1,0.985,0,supporting
صغو,2,outside-system,0.0000,0,0.406,0,supporting
صفح,8,system-peripheral,0.0000,1,0.41,0,supporting
صفد,2,outside-system,0.0000,0,0.534,0,supporting
صفر,5,system-peripheral,0.0000,1,0.487,0,supporting
صفصف,1,outside-system,0.0000,0,0.705,0,supporting
صفف,14,outside-system,0.0000,0,0.157,0,supporting
صفن,1,outside-system,0.0000,0,0.485,0,supporting
صفو,18,system-peripheral,0.0000,1,0.961,0,supporting
صلب,8,system-peripheral,0.0000,1,0.327,0,supporting
صلح,180,system-core,0.0000,1,0.406,0,supporting
صلد,1,outside-system,0.0000,0,1,0,supporting
صلصل,4,system-peripheral,0.0000,1,0.236,0,supporting
صلو,99,system-core,0.0000,1,0.0373,0,supporting
صلی,25,system-peripheral,0.0000,1,0.0584,0,supporting
صمت,1,outside-system,0.0000,0,0.917,0,supporting
صمد,1,outside-system,0.0000,0,0.0584,0,supporting
صمع,1,outside-system,0.0000,0,0.65,0,supporting
صمم,15,system-peripheral,0.0000,1,0.986,0,supporting
صنع,20,system-peripheral,0.0000,1,0.77,0,supporting
صنم,5,system-peripheral,0.0000,1,0.891,0,supporting
صنو,2,outside-system,0.0000,0,0.342,0,supporting
صهر,2,outside-system,0.0000,0,0.628,0,supporting
صوب,77,system-peripheral,0.0000,1,0.727,0,supporting
صوت,8,outside-system,0.0000,0,0.186,0,supporting
صور,19,system-peripheral,0.0000,1,0.327,0,supporting
صوع,1,outside-system,0.0000,0,0.772,0,supporting
صوف,1,outside-system,0.0000,0,0.771,0,supporting
صوم,14,system-peripheral,0.0000,1,0.815,0,supporting
صکک,1,outside-system,0.0000,0,0.308,0,supporting
صیح,13,system-peripheral,0.0000,1,0.33,0,supporting
صید,6,system-peripheral,0.0000,1,0.359,0,supporting
صیر,29,system-peripheral,0.0000,1,0.573,0,supporting
صیص,1,outside-system,0.0000,0,0.725,0,supporting
صیف,1,outside-system,0.0000,0,0.0373,1,unit-defining
ضءن,1,outside-system,0.0000,0,0.864,0,supporting
ضبح,1,outside-system,0.0000,0,0.0745,0,supporting
ضجع,3,outside-system,0.0000,0,0.641,0,supporting
ضحو,7,outside-system,0.0000,0,0.114,0,supporting
ضحک,10,system-peripheral,0.0023,1,0.182,0,supporting
ضدد,1,outside-system,0.0000,0,0.618,0,supporting
ضرب,58,system-peripheral,0.0000,1,0.57,0,supporting
ضرر,74,system-core,0.0000,1,0.953,0,supporting
ضرع,8,system-peripheral,0.0000,1,0.383,0,supporting
ضعف,52,system-peripheral,0.0000,1,0.625,0,supporting
ضغث,3,outside-system,0.0000,0,0.68,0,supporting
ضغن,2,outside-system,0.0000,0,0.225,0,supporting
ضفدع,1,outside-system,0.0000,0,0.934,0,supporting
ضلل,191,system-core,0.0000,1,0.29,0,supporting
ضمر,1,outside-system,0.0000,0,0.668,0,supporting
ضمم,2,outside-system,0.0000,0,0.756,0,supporting
ضنن,1,outside-system,0.0000,0,0.143,0,supporting
ضنک,1,outside-system,0.0000,0,0.692,0,supporting
ضهء,1,outside-system,0.0000,0,0.819,0,supporting
ضوء,6,system-peripheral,0.0000,1,0.963,0,supporting
ضیر,1,outside-system,0.0000,0,0.692,0,supporting
ضیز,1,outside-system,0.0000,0,0.327,0,supporting
ضیع,10,system-peripheral,0.0000,1,0.996,0,supporting
ضیف,6,system-peripheral,0.0000,1,0.383,0,supporting
ضیق,13,system-peripheral,0.0000,1,0.764,0,supporting
طبع,11,system-peripheral,0.0000,1,0.71,0,supporting
طبق,4,outside-system,0.0000,0,0.138,0,supporting
طحو,1,outside-system,0.0000,0,0.132,0,supporting
طرح,1,outside-system,0.0000,0,0.765,0,supporting
طرد,5,outside-system,0.0000,0,0.773,0,supporting
طرف,11,system-peripheral,0.0000,1,0.807,0,supporting
طرق,11,system-peripheral,0.0000,1,0.0745,0,supporting
طرو,2,outside-system,0.0000,0,0.653,0,supporting
طعم,48,system-peripheral,0.0000,1,0.0373,1,unit-defining
طعن,2,outside-system,0.0000,0,0.975,0,supporting
طغی,39,system-peripheral,0.0000,1,0.225,0,supporting
طفء,3,system-peripheral,0.0000,1,0.442,0,supporting
طفف,1,outside-system,0.0000,0,0.158,0,supporting
طفق,3,outside-system,0.0000,0,0.75,0,supporting
طفل,4,system-peripheral,0.0000,1,0.617,0,supporting
طلب,4,outside-system,0.0000,0,0.731,0,supporting
طلت,2,outside-system,0.0000,0,0.974,0,supporting
طلح,1,outside-system,0.0000,0,0.357,0,supporting
طلع,19,system-peripheral,0.0000,1,0.127,0,supporting
طلق,23,system-peripheral,0.0000,1,0.327,0,supporting
طلل,1,outside-system,0.0000,0,1,0,supporting
طمءن,13,system-peripheral,0.0000,1,0.681,0,supporting
طمث,2,outside-system,0.0000,0,0.214,0,supporting
طمس,5,outside-system,0.0000,0,0.383,0,supporting
طمع,12,system-peripheral,0.0000,1,0.545,0,supporting
طمم,1,outside-system,0.0000,0,0.201,0,supporting
طهر,31,system-peripheral,0.0000,1,0.614,0,supporting
طود,1,outside-system,0.0000,0,0.677,0,supporting
طور,11,system-peripheral,0.0000,1,0.249,0,supporting
طوع,129,system-peripheral,0.0000,1,0.0892,0,supporting
طوف,41,system-peripheral,0.0000,1,0.447,0,supporting
طوق,4,system-peripheral,0.0000,1,0.986,0,supporting
طول,10,system-peripheral,0.0000,1,0.614,0,supporting
طوی,5,outside-system,0.0000,0,0.394,0,supporting
طیب,50,system-peripheral,0.0000,1,0.818,0,supporting
طیر,29,system-peripheral,0.0000,1,0.23,0,supporting
طین,12,system-peripheral,0.0000,1,0.689,0,supporting
ظعن,1,outside-system,0.0000,0,0.794,0,supporting
ظفر,2,outside-system,0.0000,0,0.625,0,supporting
ظلل,33,system-peripheral,0.0000,1,0.23,0,supporting
ظلم,315,system-core,0.0023,1,0.682,0,supporting
ظمء,3,outside-system,0.0000,0,0.854,0,supporting
ظنن,69,system-peripheral,0.0000,1,0.0584,0,supporting
ظهر,59,system-peripheral,0.0000,1,0.182,0,supporting
عبء,1,outside-system,0.0000,0,0.569,0,supporting
عبث,2,outside-system,0.0000,0,0.661,0,supporting
عبد,275,system-core,0.0000,1,0.0373,0,supporting
عبر,9,system-peripheral,0.0000,1,0.598,0,supporting
عبس,3,outside-system,0.0000,0,0.189,0,supporting
عبقر,1,outside-system,0.0000,0,0.324,0,supporting
عتب,5,system-peripheral,0.0000,1,0.437,0,supporting
عتد,16,system-peripheral,0.0000,1,0.449,0,supporting
عتق,2,outside-system,0.0000,0,0.512,0,supporting
عتل,2,outside-system,0.0000,0,0.298,0,supporting
عتو,10,system-peripheral,0.0000,1,0.391,0,supporting
عثر,2,outside-system,0.0000,0,0.917,0,supporting
عثو,5,system-peripheral,0.0000,1,0.967,0,supporting
عجب,27,system-peripheral,0.0000,1,0.584,0,supporting
عجز,26,system-peripheral,0.0000,1,0.566,0,supporting
عجف,2,outside-system,0.0000,0,0.568,0,supporting
عجل,47,system-peripheral,0.0000,1,0.442,0,supporting
عجم,4,outside-system,0.0000,0,0.449,0,supporting
عدد,57,system-peripheral,0.0000,1,0.127,0,supporting
عدس,1,outside-system,0.0000,0,1,0,supporting
عدل,28,system-peripheral,0.0000,1,0.545,0,supporting
عدن,11,system-peripheral,0.0000,1,0.406,0,supporting
عدو,106,system-core,0.0000,1,0.192,0,supporting
عذب,373,system-core,0.0000,1,0.0892,0,supporting
عذر,12,system-peripheral,0.0000,1,0.288,0,supporting
عرب,22,system-peripheral,0.0000,1,0.536,0,supporting
عرج,10,system-peripheral,0.0000,1,0.322,0,supporting
عرر,2,outside-system,0.0000,0,0.575,0,supporting
عرش,33,system-peripheral,0.0023,1,0.505,0,supporting
عرض,79,system-peripheral,0.0000,1,0.618,0,supporting
عرف,71,system-peripheral,0.0000,1,0.351,0,supporting
عرم,1,outside-system,0.0000,0,0.563,0,supporting
عرو,3,system-peripheral,0.0000,1,0.724,0,supporting
عری,3,outside-system,0.0000,0,0.436,0,supporting
عزب,2,outside-system,0.0000,0,0.681,0,supporting
عزر,4,system-peripheral,0.0000,1,0.877,0,supporting
عزز,120,system-peripheral,0.0000,1,0.23,0,supporting
عزل,10,system-peripheral,0.0000,1,0.787,0,supporting
عزم,9,system-peripheral,0.0000,1,0.804,0,supporting
عزو,1,outside-system,0.0000,0,0.201,0,supporting
عسر,12,system-peripheral,0.0000,1,0.0373,1,unit-defining
عسعس,1,outside-system,0.0000,0,0.157,0,supporting
عسل,1,outside-system,0.0000,0,0.4,0,supporting
عسی,30,system-peripheral,0.0000,1,0.537,0,supporting
عشر,27,system-peripheral,0.0000,1,0.726,0,supporting
عشو,14,system-peripheral,0.0000,1,0.57,0,supporting
عصب,5,system-peripheral,0.0000,1,0.811,0,supporting
عصر,5,outside-system,0.0000,0,0.0373,1,unit-defining
عصف,7,system-peripheral,0.0000,1,0.0373,1,unit-defining
عصم,13,system-peripheral,0.0000,1,0.966,0,supporting
عصو,12,system-peripheral,0.0000,1,0.505,0,supporting
عصی,32,system-peripheral,0.0000,1,0.593,0,supporting
عضد,2,outside-system,0.0000,0,0.776,0,supporting
عضض,2,outside-system,0.0000,0,0.776,0,supporting
عضل,2,outside-system,0.0000,0,1,0,supporting
عضو,1,outside-system,0.0000,0,0.437,0,supporting
عطف,1,outside-system,0.0000,0,0.692,0,supporting
عطل,2,outside-system,0.0000,0,0.206,0,supporting
عطو,14,system-peripheral,0.0000,1,0.0373,1,unit-defining
عظم,128,system-core,0.0000,1,0.33,0,supporting
عفرت,1,outside-system,0.0000,0,0.63,0,supporting
عفف,4,system-peripheral,0.0000,1,0.751,0,supporting
عفو,35,system-peripheral,0.0000,1,0.664,0,supporting
عقب,96,system-peripheral,0.0000,1,0.165,0,supporting
عقد,7,system-peripheral,0.0000,1,0.158,0,supporting
عقر,8,system-peripheral,0.0000,1,0.288,0,supporting
عقل,49,system-peripheral,0.0000,1,0.986,0,supporting
عقم,4,outside-system,0.0000,0,0.294,0,supporting
علق,7,system-peripheral,0.0000,1,0.26,0,supporting
علم,854,system-core,0.0000,1,0.0373,0,supporting
علن,16,system-peripheral,0.0000,1,0.574,0,supporting
علو,70,system-peripheral,0.0000,1,0.327,0,supporting
عمد,7,system-peripheral,0.0000,1,0.182,0,supporting
عمر,27,system-peripheral,0.0000,1,0.582,0,supporting
عمق,1,outside-system,0.0000,0,0.644,0,supporting
عمل,360,system-core,0.0000,1,0.0373,0,supporting
عمم,5,system-peripheral,0.0000,1,0.641,0,supporting
عمه,7,system-peripheral,0.0000,1,0.943,0,supporting
عمی,33,system-peripheral,0.0000,1,0.804,0,supporting
عنب,11,system-peripheral,0.0000,1,0.457,0,supporting
عنت,5,system-peripheral,0.0000,1,0.822,0,supporting
عند,201,system-core,0.0000,1,0.938,0,supporting
عنق,9,system-peripheral,0.0000,1,0.741,0,supporting
عنکب,2,outside-system,0.0000,0,0.349,0,supporting
عنی,1,outside-system,0.0000,0,0.692,0,supporting
عهد,46,system-peripheral,0.0000,1,0.692,0,supporting
عهن,2,outside-system,0.0000,0,0.0373,1,unit-defining
عوج,9,system-peripheral,0.0000,1,0.909,0,supporting
عود,63,system-peripheral,0.0000,1,0.648,0,supporting
عوذ,17,system-peripheral,0.0000,1,0.114,0,supporting
عور,4,outside-system,0.0000,0,0.493,0,supporting
عوق,2,outside-system,0.0000,0,0.327,0,supporting
عول,1,outside-system,0.0000,0,0.974,0,supporting
عوم,9,system-peripheral,0.0000,1,0.749,0,supporting
عون,11,system-peripheral,0.0000,1,0.29,0,supporting
عکف,9,system-peripheral,0.0000,1,0.862,0,supporting
عیب,1,outside-system,0.0000,0,0.737,0,supporting
عیر,3,outside-system,0.0000,0,0.493,0,supporting
عیس,25,system-peripheral,0.0000,1,0.545,0,supporting
عیش,8,system-peripheral,0.0000,1,0.206,0,supporting
عیل,2,outside-system,0.0000,0,0.158,0,supporting
عین,65,system-peripheral,0.0000,1,0.101,0,supporting
عیی,2,outside-system,0.0000,0,0.402,0,supporting
غبر,8,system-peripheral,0.0000,1,0.406,0,supporting
غبن,1,outside-system,0.0000,0,0.274,0,supporting
غثو,2,outside-system,0.0000,0,0.178,0,supporting
غدر,2,outside-system,0.0000,0,0.57,0,supporting
غدق,1,outside-system,0.0000,0,0.274,0,supporting
غدو,16,system-peripheral,0.0000,1,0.458,0,supporting
غرب,19,system-peripheral,0.0000,1,0.692,0,supporting
غرر,27,system-peripheral,0.0000,1,0.23,0,supporting
غرف,7,system-peripheral,0.0000,1,0.736,0,supporting
غرق,23,system-peripheral,0.0000,1,0.727,0,supporting
غرم,6,outside-system,0.0000,0,0.41,0,supporting
غرو,2,outside-system,0.0000,0,0.844,0,supporting
غزل,1,outside-system,0.0000,0,0.787,0,supporting
غزو,1,outside-system,0.0000,0,0.937,0,supporting
غسق,4,outside-system,0.0000,0,0.0745,0,supporting
غسل,4,outside-system,0.0000,0,0.551,0,supporting
غشو,29,system-peripheral,0.0000,1,0.15,0,supporting
غصب,1,outside-system,0.0000,0,0.764,0,supporting
غصص,1,outside-system,0.0000,0,0.214,0,supporting
غضب,24,system-peripheral,0.0000,1,0.336,0,supporting
غضض,4,system-peripheral,0.0000,1,0.406,0,supporting
غطش,1,outside-system,0.0000,0,0.206,0,supporting
غطو,2,outside-system,0.0000,0,0.488,0,supporting
غفر,234,system-core,0.0000,1,0.101,0,supporting
غفل,35,system-peripheral,0.0000,1,1,0,supporting
غلب,31,system-peripheral,0.0000,1,0.425,0,supporting
غلظ,13,system-peripheral,0.0000,1,0.444,0,supporting
غلف,2,outside-system,0.0000,0,1,0,supporting
غلق,1,outside-system,0.0000,0,0.774,0,supporting
غلل,16,system-peripheral,0.0000,1,0.714,0,supporting
غلم,13,system-peripheral,0.0000,1,0.351,0,supporting
غلو,2,outside-system,0.0000,0,0.979,0,supporting
غلی,2,outside-system,0.0000,0,0.206,0,supporting
غمر,4,outside-system,0.0000,0,0.447,0,supporting
غمز,1,outside-system,0.0000,0,0.165,0,supporting
غمض,1,outside-system,0.0000,0,1,0,supporting
غمم,11,system-peripheral,0.0000,1,1,0,supporting
غنم,9,system-peripheral,0.0000,1,0.362,0,supporting
غنی,73,system-peripheral,0.0000,1,0.0745,0,supporting
غوث,4,system-peripheral,0.0000,1,0.451,0,supporting
غور,4,outside-system,0.0000,0,0.592,0,supporting
غوص,2,outside-system,0.0000,0,0.59,0,supporting
غوط,2,outside-system,0.0000,0,0.979,0,supporting
غول,1,outside-system,0.0000,0,0.541,0,supporting
غوی,22,system-peripheral,0.0000,1,0.445,0,supporting
غیب,60,system-peripheral,0.0000,1,0.409,0,supporting
غیث,6,outside-system,0.0000,0,0.636,0,supporting
غیر,154,system-core,0.0023,1,0.315,0,supporting
غیض,2,outside-system,0.0000,0,0.692,0,supporting
غیظ,11,system-peripheral,0.0000,1,0.793,0,supporting
فءد,16,system-peripheral,0.0000,1,0.236,0,supporting
فءی,11,system-peripheral,0.0000,1,0.585,0,supporting
فتء,1,outside-system,0.0000,0,0.756,0,supporting
فتح,38,system-peripheral,0.0000,1,0.214,0,supporting
فتر,3,outside-system,0.0000,0,0.764,0,supporting
فتق,1,outside-system,0.0000,0,0.634,0,supporting
فتل,3,system-peripheral,0.0000,1,0.913,0,supporting
فتن,60,system-peripheral,0.0000,1,0.636,0,supporting
فتی,21,system-peripheral,0.0000,1,0.383,0,supporting
فجج,3,outside-system,0.0000,0,0.415,0,supporting
فجر,24,system-peripheral,0.0000,1,0.0373,1,unit-defining
فجو,1,outside-system,0.0000,0,0.736,0,supporting
فحش,24,system-peripheral,0.0000,1,0.917,0,supporting
فخر,6,system-peripheral,0.0000,1,0.421,0,supporting
فدی,13,system-peripheral,0.0000,1,0.787,0,supporting
فرت,3,outside-system,0.0000,0,0.318,0,supporting
فرث,1,outside-system,0.0000,0,0.804,0,supporting
فرج,9,system-peripheral,0.0000,1,0.349,0,supporting
فرح,22,system-peripheral,0.0000,1,0.701,0,supporting
فرد,5,outside-system,0.0000,0,0.614,0,supporting
فردس,2,outside-system,0.0000,0,0.724,0,supporting
فرر,11,system-peripheral,0.0000,1,0.274,0,supporting
فرش,6,outside-system,0.0000,0,0.182,0,supporting
فرض,18,system-peripheral,0.0000,1,0.765,0,supporting
فرط,8,system-peripheral,0.0000,1,0.912,0,supporting
فرع,1,outside-system,0.0000,0,0.558,0,supporting
فرعن,74,system-peripheral,0.0000,1,0.101,0,supporting
فرغ,6,outside-system,0.0000,0,0.138,0,supporting
فرق,72,system-peripheral,0.0000,1,0.664,0,supporting
فره,1,outside-system,0.0000,0,0.676,0,supporting
فری,60,system-peripheral,0.0000,1,0.445,0,supporting
فزز,3,outside-system,0.0000,0,0.425,0,supporting
فزع,6,system-peripheral,0.0000,1,0.468,0,supporting
فسح,3,outside-system,0.0000,0,0.158,0,supporting
فسد,50,system-peripheral,0.0000,1,0.858,0,supporting
فسر,1,outside-system,0.0000,0,0.58,0,supporting
فسق,54,system-peripheral,0.0000,1,0.406,0,supporting
فشل,4,system-peripheral,0.0000,1,0.687,0,supporting
فصح,1,outside-system,0.0000,0,0.732,0,supporting
فصل,43,system-peripheral,0.0000,1,0.284,0,supporting
فصم,1,outside-system,0.0000,0,1,0,supporting
فضح,1,outside-system,0.0000,0,0.437,0,supporting
فضض,9,system-peripheral,0.0000,1,0.165,0,supporting
فضل,104,system-core,0.0000,1,0.219,0,supporting
فضو,1,outside-system,0.0000,0,0.966,0,supporting
فطر,20,system-peripheral,0.0000,1,0.441,0,supporting
فظظ,1,outside-system,0.0000,0,0.949,0,supporting
فعل,108,system-peripheral,0.0000,1,0.196,0,supporting
فقد,3,system-peripheral,0.0000,1,0.649,0,supporting
فقر,14,system-peripheral,0.0000,1,0.771,0,supporting
فقع,1,outside-system,0.0000,0,1,0,supporting
فقه,20,system-peripheral,0.0000,1,0.41,0,supporting
فلح,40,system-peripheral,0.0000,1,0.536,0,supporting
فلق,4,outside-system,0.0000,0,0.114,0,supporting
فلن,1,outside-system,0.0000,0,0.57,0,supporting
فلک,25,system-peripheral,0.0023,1,0.771,0,supporting
فند,1,outside-system,0.0000,0,0.767,0,supporting
فنن,1,outside-system,0.0000,0,0.383,0,supporting
فنی,1,outside-system,0.0000,0,0.382,0,supporting
فهم,1,outside-system,0.0000,0,0.604,0,supporting
فوت,5,system-peripheral,0.0000,1,0.421,0,supporting
فوج,5,outside-system,0.0000,0,0.101,0,supporting
فور,4,outside-system,0.0000,0,0.597,0,supporting
فوز,29,system-peripheral,0.0000,1,0.58,0,supporting
فوض,1,outside-system,0.0000,0,0.653,0,supporting
فوق,43,system-peripheral,0.0000,1,0.924,0,supporting
فوم,1,outside-system,0.0000,0,1,0,supporting
فوه,13,system-peripheral,0.0000,1,0.764,0,supporting
فکر,18,system-peripheral,0.0000,1,0.754,0,supporting
فکه,19,system-peripheral,0.0000,1,0.127,0,supporting
فکک,2,outside-system,0.0000,0,0.157,0,supporting
فیء,7,system-peripheral,0.0000,1,0.24,0,supporting
فیض,9,system-peripheral,0.0000,1,1,0,supporting
فیل,1,outside-system,0.0000,0,0.0745,0,supporting
قبح,1,outside-system,0.0000,0,0.738,0,supporting
قبر,8,system-peripheral,0.0000,1,0.0745,0,supporting
قبس,3,system-peripheral,0.0000,1,0.653,0,supporting
قبض,9,outside-system,0.0000,0,0.625,0,supporting
قبل,294,system-core,0.0000,1,0.909,0,supporting
قتر,5,outside-system,0.0000,0,0.432,0,supporting
قتل,170,system-core,0.0000,1,0.0373,0,supporting
قثء,1,outside-system,0.0000,0,1,0,supporting
قحم,2,outside-system,0.0000,0,0.186,0,supporting
قدح,1,outside-system,0.0000,0,0.101,0,supporting
قدد,5,system-peripheral,0.0000,1,0.334,0,supporting
قدر,132,system-peripheral,0.0000,1,0.0373,0,supporting
قدس,10,system-peripheral,0.0000,1,0.483,0,supporting
قدم,48,system-peripheral,0.0000,1,0.565,0,supporting
قدو,2,outside-system,0.0000,0,0.714,0,supporting
قذف,9,outside-system,0.0000,0,0.441,0,supporting
قرء,88,system-peripheral,0.0000,1,0.0373,0,supporting
قرب,96,system-core,0.0000,1,0.523,0,supporting
قرح,3,outside-system,0.0000,0,0.739,0,supporting
قرد,3,system-peripheral,0.0000,1,1,0,supporting
قرر,38,system-peripheral,0.0000,1,0.425,0,supporting
قرش,1,outside-system,0.0000,0,0.0584,0,supporting
قرض,13,system-peripheral,0.0000,1,0.182,0,supporting
قرطس,2,outside-system,0.0000,0,0.779,0,supporting
قرع,5,outside-system,0.0000,0,0.0373,1,unit-defining
قرف,5,outside-system,0.0000,0,0.773,0,supporting
قرن,40,system-peripheral,0.0000,1,0.406,0,supporting
قری,57,system-peripheral,0.0000,1,0.644,0,supporting
قسس,1,outside-system,0.0000,0,0.867,0,supporting
قسط,25,system-peripheral,0.0000,1,0.456,0,supporting
قسطس,2,outside-system,0.0000,0,0.747,0,supporting
قسم,33,system-peripheral,0.0000,1,0.178,0,supporting
قسو,7,system-peripheral,0.0000,1,0.961,0,supporting
قسور,1,outside-system,0.0000,0,0.229,0,supporting
قشعر,1,outside-system,0.0000,0,0.643,0,supporting
قصد,6,system-peripheral,0.0000,1,0.481,0,supporting
قصر,11,system-peripheral,0.0000,1,0.406,0,supporting
قصص,30,system-peripheral,0.0000,1,0.953,0,supporting
قصف,1,outside-system,0.0000,0,0.737,0,supporting
قصم,1,outside-system,0.0000,0,0.584,0,supporting
قصو,4,outside-system,0.0000,0,0.767,0,supporting
قصی,1,outside-system,0.0000,0,0.574,0,supporting
قضب,1,outside-system,0.0000,0,0.178,0,supporting
قضض,1,outside-system,0.0000,0,0.732,0,supporting
قضی,63,system-peripheral,0.0000,1,0.574,0,supporting
قطر,5,outside-system,0.0000,0,0.63,0,supporting
قطط,1,outside-system,0.0000,0,0.468,0,supporting
قطع,36,system-peripheral,0.0000,1,0.819,0,supporting
قطف,2,outside-system,0.0000,0,0.263,0,supporting
قطمر,1,outside-system,0.0000,0,0.523,0,supporting
قطن,1,outside-system,0.0000,0,0.529,0,supporting
قعد,31,system-peripheral,0.0000,1,0.444,0,supporting
قعر,1,outside-system,0.0000,0,0.349,0,supporting
قفل,1,outside-system,0.0000,0,0.409,0,supporting
قفو,5,system-peripheral,0.0000,1,0.51,0,supporting
قلب,168,system-core,0.0023,1,0.127,0,supporting
قلد,4,system-peripheral,0.0000,1,0.765,0,supporting
قلع,1,outside-system,0.0000,0,0.776,0,supporting
قلل,76,system-peripheral,0.0000,1,0.574,0,supporting
قلم,4,outside-system,0.0000,0,0.201,0,supporting
قلی,2,outside-system,0.0000,0,0.143,0,supporting
قمح,1,outside-system,0.0000,0,0.441,0,supporting
قمر,27,system-peripheral,0.0000,1,0.255,0,supporting
قمص,6,system-peripheral,0.0000,1,0.219,0,supporting
قمطر,1,outside-system,0.0000,0,0.269,0,supporting
قمع,1,outside-system,0.0000,0,0.641,0,supporting
قمل,1,outside-system,0.0000,0,0.912,0,supporting
قنت,13,system-peripheral,0.0000,1,0.434,0,supporting
قنط,6,system-peripheral,0.0000,1,0.445,0,supporting
قنطر,4,outside-system,0.0000,0,0.851,0,supporting
قنع,2,outside-system,0.0000,0,0.617,0,supporting
قنو,1,outside-system,0.0000,0,0.894,0,supporting
قنی,1,outside-system,0.0000,0,0.315,0,supporting
قهر,10,system-peripheral,0.0000,1,0.299,0,supporting
قوب,1,outside-system,0.0000,0,0.334,0,supporting
قوت,2,outside-system,0.0000,0,0.726,0,supporting
قوس,1,outside-system,0.0000,0,0.304,0,supporting
قوع,2,outside-system,0.0000,0,0.74,0,supporting
قول,1722,SYSTEM-CRITICAL(hub),0.0196,1,0.0373,0,system-critical
قوم,660,system-core,0.0000,1,0.0373,0,supporting
قوی,42,system-peripheral,0.0000,1,0.437,0,supporting
قیض,2,outside-system,0.0000,0,0.529,0,supporting
قیل,2,outside-system,0.0000,0,0.776,0,supporting
لءلء,6,outside-system,0.0000,0,0.383,0,supporting
لبب,16,system-peripheral,0.0000,1,0.664,0,supporting
لبث,31,system-peripheral,0.0000,1,0.456,0,supporting
لبد,2,outside-system,0.0000,0,0.172,0,supporting
لبس,23,system-peripheral,0.0000,1,0.732,0,supporting
لبن,2,outside-system,0.0000,0,0.587,0,supporting
لجء,3,outside-system,0.0000,0,0.71,0,supporting
لجج,4,outside-system,0.0000,0,0.574,0,supporting
لحد,6,system-peripheral,0.0000,1,0.655,0,supporting
لحف,1,outside-system,0.0000,0,1,0,supporting
لحق,6,system-peripheral,0.0000,1,0.421,0,supporting
لحم,12,system-peripheral,0.0000,1,0.714,0,supporting
لحن,1,outside-system,0.0000,0,0.354,0,supporting
لحی,1,outside-system,0.0000,0,0.714,0,supporting
لدد,2,outside-system,0.0000,0,0.837,0,supporting
لدن,18,system-peripheral,0.0000,1,0.764,0,supporting
لدی,22,system-peripheral,0.0000,1,0.138,0,supporting
لذذ,3,outside-system,0.0000,0,0.573,0,supporting
لزب,1,outside-system,0.0000,0,0.56,0,supporting
لزم,5,system-peripheral,0.0000,1,0.755,0,supporting
لسن,25,system-peripheral,0.0000,1,0.466,0,supporting
لطف,8,system-peripheral,0.0000,1,0.719,0,supporting
لظی,2,outside-system,0.0000,0,0.158,0,supporting
لعب,20,system-peripheral,0.0000,1,0.454,0,supporting
لعن,41,system-peripheral,0.0000,1,0.851,0,supporting
لغب,2,outside-system,0.0000,0,0.402,0,supporting
لغو,11,system-peripheral,0.0000,1,0.353,0,supporting
لفت,3,outside-system,0.0000,0,0.696,0,supporting
لفح,1,outside-system,0.0000,0,0.568,0,supporting
لفظ,1,outside-system,0.0000,0,0.407,0,supporting
لفف,3,outside-system,0.0000,0,0.219,0,supporting
لفو,3,outside-system,0.0000,0,0.857,0,supporting
لقب,1,outside-system,0.0000,0,0.299,0,supporting
لقح,1,outside-system,0.0000,0,0.436,0,supporting
لقط,2,outside-system,0.0000,0,0.776,0,supporting
لقف,3,system-peripheral,0.0000,1,0.883,0,supporting
لقم,3,outside-system,0.0000,0,0.315,0,supporting
لقی,146,system-core,0.0023,1,0.172,0,supporting
لمح,2,outside-system,0.0000,0,0.504,0,supporting
لمز,4,outside-system,0.0000,0,0.132,0,supporting
لمس,5,system-peripheral,0.0000,1,0.644,0,supporting
لمم,2,outside-system,0.0000,0,0.192,0,supporting
لهب,3,outside-system,0.0000,0,0.0373,1,unit-defining
لهث,2,outside-system,0.0000,0,0.804,0,supporting
لهم,1,outside-system,0.0000,0,0.0584,0,supporting
لهو,16,system-peripheral,0.0000,1,0.0892,0,supporting
لوح,6,system-peripheral,0.0000,1,0.283,0,supporting
لوذ,1,outside-system,0.0000,0,0.691,0,supporting
لوط,27,system-peripheral,0.0000,1,0.353,0,supporting
لوم,14,system-peripheral,0.0000,1,0.318,0,supporting
لون,9,system-peripheral,0.0000,1,0.425,0,supporting
لوی,5,system-peripheral,0.0000,1,0.51,0,supporting
لیت,1,outside-system,0.0000,0,0.349,0,supporting
لیس,89,system-core,0.0000,1,0.301,0,supporting
لیل,92,system-peripheral,0.0000,1,0.0373,0,supporting
لین,5,system-peripheral,0.0000,1,0.716,0,supporting
مءی,10,system-peripheral,0.0000,1,0.501,0,supporting
متع,70,system-peripheral,0.0000,1,0.974,0,supporting
متن,3,outside-system,0.0000,0,0.354,0,supporting
مثل,169,system-core,0.0000,1,0.421,0,supporting
مجد,4,outside-system,0.0000,0,0.178,0,supporting
مجس,1,outside-system,0.0000,0,0.652,0,supporting
محص,2,outside-system,0.0000,0,0.82,0,supporting
محق,2,outside-system,0.0000,0,1,0,supporting
محل,1,outside-system,0.0000,0,0.574,0,supporting
محن,2,outside-system,0.0000,0,0.29,0,supporting
محو,3,system-peripheral,0.0000,1,0.662,0,supporting
مخر,2,outside-system,0.0000,0,0.643,0,supporting
مخض,1,outside-system,0.0000,0,0.604,0,supporting
مدد,32,system-peripheral,0.0000,1,0.274,0,supporting
مدن,27,system-peripheral,0.0000,1,0.547,0,supporting
مرء,38,system-peripheral,0.0000,1,0.132,0,supporting
مرت,1,outside-system,0.0000,0,1,0,supporting
مرج,6,outside-system,0.0000,0,0.158,0,supporting
مرح,3,system-peripheral,0.0000,1,0.634,0,supporting
مرد,5,system-peripheral,0.0000,1,0.897,0,supporting
مرر,35,system-peripheral,0.0000,1,0.529,0,supporting
مرض,24,system-peripheral,0.0000,1,0.653,0,supporting
مرو,1,outside-system,0.0000,0,1,0,supporting
مری,20,system-peripheral,0.0000,1,0.565,0,supporting
مزج,3,outside-system,0.0000,0,0.178,0,supporting
مزق,4,outside-system,0.0000,0,0.201,0,supporting
مزن,1,outside-system,0.0000,0,0.394,0,supporting
مسح,15,system-peripheral,0.0000,1,0.545,0,supporting
مسخ,1,outside-system,0.0000,0,0.441,0,supporting
مسد,1,outside-system,0.0000,0,0.101,0,supporting
مسس,61,system-peripheral,0.0000,1,0.741,0,supporting
مسو,1,outside-system,0.0000,0,0.523,0,supporting
مسک,27,system-peripheral,0.0000,1,0.397,0,supporting
مشج,1,outside-system,0.0000,0,0.251,0,supporting
مشی,23,system-peripheral,0.0000,1,0.294,0,supporting
مصر,5,system-peripheral,0.0000,1,0.811,0,supporting
مضغ,3,outside-system,0.0000,0,0.458,0,supporting
مضی,5,outside-system,0.0000,0,0.693,0,supporting
مطر,15,system-peripheral,0.0000,1,0.566,0,supporting
مطو,1,outside-system,0.0000,0,0.158,0,supporting
معز,1,outside-system,0.0000,0,0.879,0,supporting
معن,1,outside-system,0.0000,0,0.0584,0,supporting
معی,1,outside-system,0.0000,0,0.397,0,supporting
مقت,6,system-peripheral,0.0000,1,0.354,0,supporting
ملء,40,system-peripheral,0.0000,1,0.466,0,supporting
ملح,2,outside-system,0.0000,0,0.586,0,supporting
ملق,2,outside-system,0.0000,0,0.901,0,supporting
ملل,18,system-peripheral,0.0000,1,1,0,supporting
ملو,10,system-peripheral,0.0000,1,0.672,0,supporting
ملک,206,system-core,0.0000,1,0.324,0,supporting
منع,17,system-peripheral,0.0000,1,0.182,0,supporting
منن,27,system-peripheral,0.0000,1,0.186,0,supporting
منو,1,outside-system,0.0000,0,0.324,0,supporting
منی,21,system-peripheral,0.0000,1,0.196,0,supporting
مهد,16,system-peripheral,0.0000,1,0.444,0,supporting
مهل,6,outside-system,0.0000,0,0.0745,0,supporting
مهن,4,outside-system,0.0000,0,0.294,0,supporting
موت,165,system-core,0.0000,1,0.279,0,supporting
موج,7,system-peripheral,0.0000,1,0.692,0,supporting
مور,3,outside-system,0.0000,0,0.206,0,supporting
مول,86,system-peripheral,0.0000,1,0.0584,0,supporting
موه,63,system-peripheral,0.0000,1,0.327,0,supporting
مکث,7,system-peripheral,0.0000,1,0.851,0,supporting
مکر,43,system-peripheral,0.0000,1,0.24,0,supporting
مکن,18,system-peripheral,0.0000,1,0.452,0,supporting
مکو,1,outside-system,0.0000,0,0.652,0,supporting
مکک,1,outside-system,0.0000,0,0.439,0,supporting
مید,5,system-peripheral,0.0000,1,0.741,0,supporting
میر,1,outside-system,0.0000,0,0.773,0,supporting
میز,4,outside-system,0.0000,0,0.543,0,supporting
میل,6,system-peripheral,0.0000,1,0.488,0,supporting
نءی,3,outside-system,0.0000,0,0.76,0,supporting
نبء,80,system-peripheral,0.0000,1,0.342,0,supporting
نبت,26,system-peripheral,0.0000,1,0.409,0,supporting
نبذ,12,system-peripheral,0.0000,1,0.234,0,supporting
نبز,1,outside-system,0.0000,0,0.342,0,supporting
نبط,1,outside-system,0.0000,0,0.969,0,supporting
نبع,2,outside-system,0.0000,0,0.741,0,supporting
نبو,80,system-core,0.0000,1,0.0373,0,supporting
نتق,1,outside-system,0.0000,0,0.913,0,supporting
نثر,3,outside-system,0.0000,0,0.192,0,supporting
نجد,1,outside-system,0.0000,0,0.157,0,supporting
نجس,1,outside-system,0.0000,0,0.804,0,supporting
نجل,12,system-peripheral,0.0000,1,0.692,0,supporting
نجم,13,system-peripheral,0.0000,1,0.23,0,supporting
نجو,84,system-peripheral,0.0000,1,0.0373,0,supporting
نحب,1,outside-system,0.0000,0,0.715,0,supporting
نحت,4,system-peripheral,0.0000,1,0.741,0,supporting
نحر,1,outside-system,0.0000,0,0.0373,1,unit-defining
نحس,3,system-peripheral,0.0000,1,0.41,0,supporting
نحل,2,outside-system,0.0000,0,0.939,0,supporting
نخر,1,outside-system,0.0000,0,0.219,0,supporting
نخل,20,SYSTEM-CRITICAL(hub),0.0035,1,0.491,0,system-critical
ندد,6,system-peripheral,0.0000,1,0.827,0,supporting
ندم,7,system-peripheral,0.0000,1,0.706,0,supporting
ندو,52,system-peripheral,0.0000,1,0.263,0,supporting
ندی,1,outside-system,0.0000,0,0.584,0,supporting
نذر,130,system-peripheral,0.0000,1,0.0373,0,supporting
نزع,20,system-peripheral,0.0000,1,0.682,0,supporting
نزغ,6,system-peripheral,0.0000,1,0.64,0,supporting
نزف,2,outside-system,0.0000,0,0.421,0,supporting
نزل,293,system-core,0.0000,1,0.234,0,supporting
نسء,2,outside-system,0.0000,0,0.732,0,supporting
نسب,3,outside-system,0.0000,0,0.617,0,supporting
نسخ,4,outside-system,0.0000,0,0.784,0,supporting
نسر,1,outside-system,0.0000,0,0.211,0,supporting
نسف,5,outside-system,0.0000,0,0.301,0,supporting
نسل,4,outside-system,0.0000,0,0.587,0,supporting
نسو,59,system-core,0.0000,1,0.192,0,supporting
نسک,7,system-peripheral,0.0000,1,0.652,0,supporting
نسی,45,system-peripheral,0.0000,1,0.364,0,supporting
نشء,28,system-peripheral,0.0000,1,0.0745,0,supporting
نشر,21,system-peripheral,0.0000,1,0.229,0,supporting
نشز,5,system-peripheral,0.0000,1,0.41,0,supporting
نشط,2,outside-system,0.0000,0,0.132,0,supporting
نصب,32,system-peripheral,0.0000,1,0.143,0,supporting
نصت,2,outside-system,0.0000,0,0.64,0,supporting
نصح,13,system-peripheral,0.0000,1,0.58,0,supporting
نصر,158,system-core,0.0023,1,0.138,0,supporting
نصف,7,system-peripheral,0.0000,1,0.284,0,supporting
نصو,4,outside-system,0.0000,0,0.114,0,supporting
نضج,1,outside-system,0.0000,0,0.974,0,supporting
نضخ,1,outside-system,0.0000,0,0.349,0,supporting
نضد,3,outside-system,0.0000,0,0.442,0,supporting
نضر,3,outside-system,0.0000,0,0.192,0,supporting
نطح,1,outside-system,0.0000,0,0.86,0,supporting
نطف,12,system-peripheral,0.0000,1,0.299,0,supporting
نطق,12,system-peripheral,0.0000,1,0.382,0,supporting
نظر,129,system-peripheral,0.0000,1,0.206,0,supporting
نعج,4,outside-system,0.0000,0,0.189,0,supporting
نعس,2,outside-system,0.0000,0,0.856,0,supporting
نعق,1,outside-system,0.0000,0,1,0,supporting
نعل,1,outside-system,0.0000,0,0.682,0,supporting
نعم,140,system-core,0.0000,1,0.138,0,supporting
نغض,1,outside-system,0.0000,0,0.739,0,supporting
نفث,1,outside-system,0.0000,0,0.0584,0,supporting
نفح,1,outside-system,0.0000,0,0.593,0,supporting
نفخ,20,system-peripheral,0.0000,1,0.442,0,supporting
نفد,5,outside-system,0.0000,0,0.644,0,supporting
نفذ,3,outside-system,0.0000,0,0.165,0,supporting
نفر,18,system-peripheral,0.0000,1,0.444,0,supporting
نفس,298,system-core,0.0023,1,0.284,0,supporting
نفش,2,outside-system,0.0000,0,0.132,0,supporting
نفع,50,system-peripheral,0.0000,1,0.677,0,supporting
نفق,111,system-peripheral,0.0000,1,0.0373,0,supporting
نفل,4,outside-system,0.0000,0,0.625,0,supporting
نفی,1,outside-system,0.0000,0,0.868,0,supporting
نقب,3,outside-system,0.0000,0,0.584,0,supporting
نقذ,5,system-peripheral,0.0000,1,0.523,0,supporting
نقر,4,outside-system,0.0000,0,0.23,0,supporting
نقص,10,system-peripheral,0.0000,1,0.677,0,supporting
نقض,9,system-peripheral,0.0000,1,0.189,0,supporting
نقع,1,outside-system,0.0000,0,0.0892,0,supporting
نقم,17,system-peripheral,0.0000,1,0.41,0,supporting
نمرق,1,outside-system,0.0000,0,0.158,0,supporting
نمل,4,outside-system,0.0000,0,0.409,0,supporting
نمم,1,outside-system,0.0000,0,0.308,0,supporting
نهج,1,outside-system,0.0000,0,0.83,0,supporting
نهر,113,system-core,0.0000,1,0.298,0,supporting
نهی,56,system-peripheral,0.0000,1,0.251,0,supporting
نوء,1,outside-system,0.0000,0,0.724,0,supporting
نوب,18,system-peripheral,0.0000,1,0.383,0,supporting
نوح,43,system-peripheral,0.0000,1,0.344,0,supporting
نور,194,system-core,0.0023,1,0.132,0,supporting
نوش,1,outside-system,0.0000,0,0.536,0,supporting
نوص,1,outside-system,0.0000,0,0.452,0,supporting
نوق,7,system-peripheral,0.0000,1,0.24,0,supporting
نوم,9,system-peripheral,0.0000,1,0.523,0,supporting
نون,1,outside-system,0.0000,0,0.624,0,supporting
نوی,1,outside-system,0.0000,0,0.905,0,supporting
نکب,2,outside-system,0.0000,0,0.406,0,supporting
نکث,7,system-peripheral,0.0000,1,0.564,0,supporting
نکح,23,system-peripheral,0.0000,1,0.466,0,supporting
نکد,1,outside-system,0.0000,0,0.917,0,supporting
نکر,37,system-peripheral,0.0000,1,0.787,0,supporting
نکس,3,outside-system,0.0000,0,0.444,0,supporting
نکص,2,outside-system,0.0000,0,0.678,0,supporting
نکف,3,outside-system,0.0000,0,0.764,0,supporting
نکل,5,system-peripheral,0.0000,1,0.407,0,supporting
نیل,12,system-peripheral,0.0000,1,0.925,0,supporting
هبط,8,system-peripheral,0.0000,1,0.979,0,supporting
هبو,2,outside-system,0.0000,0,0.437,0,supporting
هجد,1,outside-system,0.0000,0,0.733,0,supporting
هجر,31,system-peripheral,0.0000,1,0.437,0,supporting
هجع,1,outside-system,0.0000,0,0.322,0,supporting
هدد,1,outside-system,0.0000,0,0.594,0,supporting
هدم,1,outside-system,0.0000,0,0.648,0,supporting
هدهد,1,outside-system,0.0000,0,0.614,0,supporting
هدی,316,system-core,0.0000,1,0.157,0,supporting
هرب,1,outside-system,0.0000,0,0.298,0,supporting
هرت,1,outside-system,0.0000,0,1,0,supporting
هرع,2,outside-system,0.0000,0,0.677,0,supporting
هرن,20,system-peripheral,0.0000,1,0.646,0,supporting
هزء,34,system-peripheral,0.0000,1,0.706,0,supporting
هزز,5,system-peripheral,0.0000,1,0.738,0,supporting
هزل,1,outside-system,0.0000,0,0.132,0,supporting
هزم,3,outside-system,0.0000,0,0.57,0,supporting
هشش,1,outside-system,0.0000,0,0.716,0,supporting
هشم,2,outside-system,0.0000,0,0.51,0,supporting
هضم,2,outside-system,0.0000,0,0.738,0,supporting
هطع,3,outside-system,0.0000,0,0.283,0,supporting
هلع,1,outside-system,0.0000,0,0.23,0,supporting
هلل,5,system-peripheral,0.0000,1,1,0,supporting
هلم,2,outside-system,0.0000,0,0.857,0,supporting
هلک,68,system-peripheral,0.0000,1,0.532,0,supporting
همد,1,outside-system,0.0000,0,0.686,0,supporting
همر,1,outside-system,0.0000,0,0.351,0,supporting
همز,3,outside-system,0.0000,0,0.157,0,supporting
همس,1,outside-system,0.0000,0,0.7,0,supporting
همم,9,system-peripheral,0.0000,1,0.968,0,supporting
همن,6,system-peripheral,0.0000,1,0.442,0,supporting
هنء,4,system-peripheral,0.0000,1,0.283,0,supporting
هود,30,system-peripheral,0.0000,1,0.688,0,supporting
هور,2,outside-system,0.0000,0,0.737,0,supporting
هون,26,system-peripheral,0.0000,1,0.57,0,supporting
هوی,38,system-peripheral,0.0000,1,0.186,0,supporting
هیء,4,system-peripheral,0.0000,1,0.776,0,supporting
هیت,5,system-peripheral,0.0000,1,0.937,0,supporting
هیج,2,outside-system,0.0000,0,0.566,0,supporting
هیل,1,outside-system,0.0000,0,0.23,0,supporting
هیم,2,outside-system,0.0000,0,0.454,0,supporting
هیمن,2,outside-system,0.0000,0,0.545,0,supporting
هیه,2,outside-system,0.0000,0,0.41,0,supporting
وءد,1,outside-system,0.0000,0,0.157,0,supporting
وءل,1,outside-system,0.0000,0,0.756,0,supporting
وبر,1,outside-system,0.0000,0,0.776,0,supporting
وبق,2,outside-system,0.0000,0,0.664,0,supporting
وبل,8,system-peripheral,0.0000,1,0.442,0,supporting
وتد,3,outside-system,0.0000,0,0.23,0,supporting
وتر,3,outside-system,0.0000,0,0.294,0,supporting
وتن,1,outside-system,0.0000,0,0.251,0,supporting
وثق,34,system-peripheral,0.0000,1,0.466,0,supporting
وثن,3,system-peripheral,0.0000,1,0.479,0,supporting
وجب,1,outside-system,0.0000,0,0.661,0,supporting
وجد,107,system-core,0.0000,1,0.0373,0,supporting
وجس,3,system-peripheral,0.0000,1,0.544,0,supporting
وجف,2,outside-system,0.0000,0,0.245,0,supporting
وجل,5,system-peripheral,0.0000,1,0.451,0,supporting
وجه,78,system-peripheral,0.0000,1,0.251,0,supporting
وحد,153,system-core,0.0000,1,0.0584,0,supporting
وحش,1,outside-system,0.0000,0,0.15,0,supporting
وحی,78,system-peripheral,0.0000,1,0.229,0,supporting
ودد,29,system-peripheral,0.0000,1,0.294,0,supporting
ودع,4,outside-system,0.0000,0,0.206,0,supporting
ودق,2,outside-system,0.0000,0,0.635,0,supporting
ودی,12,system-peripheral,0.0000,1,0.523,0,supporting
وذر,45,system-peripheral,0.0000,1,0.143,0,supporting
ورث,35,system-peripheral,0.0000,1,0.58,0,supporting
ورد,11,system-peripheral,0.0000,1,0.503,0,supporting
ورق,4,system-peripheral,0.0000,1,0.967,0,supporting
وری,50,system-peripheral,0.0000,1,0.33,0,supporting
وزر,27,system-peripheral,0.0000,1,0.132,0,supporting
وزع,5,system-peripheral,0.0000,1,0.374,0,supporting
وزن,23,system-peripheral,0.0000,1,0.0373,1,unit-defining
وسط,5,system-peripheral,0.0000,1,0.138,0,supporting
وسع,32,system-peripheral,0.0000,1,0.744,0,supporting
وسق,2,outside-system,0.0000,0,0.0745,0,supporting
وسل,2,outside-system,0.0000,0,0.881,0,supporting
وسم,2,outside-system,0.0000,0,0.324,0,supporting
وسن,1,outside-system,0.0000,0,1,0,supporting
وسوس,5,outside-system,0.0000,0,0.0373,1,unit-defining
وسی,136,system-core,0.0000,1,0.0373,0,supporting
وشی,1,outside-system,0.0000,0,1,0,supporting
وصب,2,outside-system,0.0000,0,0.663,0,supporting
وصد,1,outside-system,0.0000,0,0.736,0,supporting
وصف,14,system-peripheral,0.0000,1,0.536,0,supporting
وصل,12,system-peripheral,0.0000,1,0.592,0,supporting
وصی,32,system-peripheral,0.0000,1,0.0373,1,unit-defining
وضع,26,system-peripheral,0.0000,1,0.206,0,supporting
وضن,1,outside-system,0.0000,0,0.357,0,supporting
وطء,6,system-peripheral,0.0000,1,0.46,0,supporting
وطر,2,outside-system,0.0000,0,0.516,0,supporting
وطن,1,outside-system,0.0000,0,0.857,0,supporting
وعد,151,system-core,0.0000,1,0.206,0,supporting
وعظ,25,system-peripheral,0.0000,1,0.961,0,supporting
وعی,7,outside-system,0.0000,0,0.186,0,supporting
وفد,1,outside-system,0.0000,0,0.584,0,supporting
وفر,1,outside-system,0.0000,0,0.739,0,supporting
وفض,1,outside-system,0.0000,0,0.273,0,supporting
وفق,4,system-peripheral,0.0000,1,0.468,0,supporting
وفی,66,system-peripheral,0.0000,1,0.933,0,supporting
وقب,1,outside-system,0.0000,0,0.0373,1,unit-defining
وقت,13,system-peripheral,0.0000,1,0.481,0,supporting
وقد,11,system-peripheral,0.0000,1,0.214,0,supporting
وقذ,1,outside-system,0.0000,0,0.863,0,supporting
وقر,9,system-peripheral,0.0000,1,0.407,0,supporting
وقع,24,system-peripheral,0.0000,1,0.23,0,supporting
وقف,4,system-peripheral,0.0000,1,0.733,0,supporting
وقی,258,system-core,0.0000,1,0.0745,0,supporting
ولت,1,outside-system,0.0000,0,0.325,0,supporting
ولج,14,system-peripheral,0.0000,1,0.349,0,supporting
ولد,102,system-peripheral,0.0000,1,0.0373,0,supporting
ولی,232,system-core,0.0000,1,0.0373,0,supporting
ونی,1,outside-system,0.0000,0,0.692,0,supporting
وهب,25,system-peripheral,0.0000,1,0.26,0,supporting
وهج,1,outside-system,0.0000,0,0.206,0,supporting
وهن,9,system-peripheral,0.0000,1,0.586,0,supporting
وهی,1,outside-system,0.0000,0,0.251,0,supporting
وکء,11,system-peripheral,0.0000,1,0.376,0,supporting
وکد,1,outside-system,0.0000,0,0.783,0,supporting
وکز,1,outside-system,0.0000,0,0.737,0,supporting
وکل,70,system-peripheral,0.0000,1,0.652,0,supporting
ویل,40,system-peripheral,0.0000,1,0.0373,1,unit-defining
کءس,6,outside-system,0.0000,0,0.236,0,supporting
کبب,2,outside-system,0.0000,0,0.362,0,supporting
کبت,3,outside-system,0.0000,0,0.294,0,supporting
کبد,1,outside-system,0.0000,0,0.132,0,supporting
کبر,161,system-core,0.0000,1,0.255,0,supporting
کبکب,1,outside-system,0.0000,0,0.674,0,supporting
کتب,319,system-core,0.0000,1,0.0584,0,supporting
کتم,21,system-peripheral,0.0000,1,0.845,0,supporting
کثب,1,outside-system,0.0000,0,0.201,0,supporting
کثر,167,system-core,0.0000,1,0.211,0,supporting
کدح,2,outside-system,0.0000,0,0.127,0,supporting
کدر,1,outside-system,0.0000,0,0.143,0,supporting
کدی,1,outside-system,0.0000,0,0.334,0,supporting
کذب,282,system-peripheral,0.0000,1,0.0373,0,supporting
کرب,4,system-peripheral,0.0000,1,0.536,0,supporting
کرر,6,system-peripheral,0.0000,1,0.439,0,supporting
کرس,2,outside-system,0.0000,0,0.721,0,supporting
کرم,47,system-peripheral,0.0000,1,0.0373,1,unit-defining
کره,41,system-peripheral,0.0000,1,0.442,0,supporting
کسب,67,system-peripheral,0.0000,1,0.348,0,supporting
کسد,1,outside-system,0.0000,0,0.82,0,supporting
کسف,5,system-peripheral,0.0000,1,0.566,0,supporting
کسل,2,outside-system,0.0000,0,0.978,0,supporting
کسو,5,system-peripheral,0.0000,1,0.995,0,supporting
کشط,1,outside-system,0.0000,0,0.132,0,supporting
کشف,20,system-peripheral,0.0000,1,0.501,0,supporting
کظم,6,outside-system,0.0000,0,0.662,0,supporting
کعب,4,system-peripheral,0.0000,1,0.354,0,supporting
کفء,1,outside-system,0.0000,0,0.0373,1,unit-defining
کفت,1,outside-system,0.0000,0,0.201,0,supporting
کفر,525,system-core,0.0000,1,0.0373,0,supporting
کفف,15,system-peripheral,0.0000,1,0.787,0,supporting
کفل,10,system-peripheral,0.0000,1,0.773,0,supporting
کفی,33,system-peripheral,0.0000,1,0.498,0,supporting
کلء,1,outside-system,0.0000,0,0.618,0,supporting
کلب,6,outside-system,0.0000,0,0.457,0,supporting
کلح,1,outside-system,0.0000,0,0.61,0,supporting
کلف,8,system-peripheral,0.0000,1,0.866,0,supporting
کلل,377,system-core,0.0000,1,0.716,0,supporting
کلم,75,system-core,0.0000,1,0.968,0,supporting
کمل,5,system-peripheral,0.0000,1,0.995,0,supporting
کمم,2,outside-system,0.0000,0,0.421,0,supporting
کمه,2,outside-system,0.0000,0,0.974,0,supporting
کند,1,outside-system,0.0000,0,0.0892,0,supporting
کنز,9,system-peripheral,0.0000,1,0.787,0,supporting
کنس,1,outside-system,0.0000,0,0.15,0,supporting
کنن,12,system-peripheral,0.0000,1,0.544,0,supporting
کهف,6,outside-system,0.0000,0,0.23,0,supporting
کهل,2,outside-system,0.0000,0,0.985,0,supporting
کهن,2,outside-system,0.0000,0,0.24,0,supporting
کوب,4,outside-system,0.0000,0,0.182,0,supporting
کود,24,system-peripheral,0.0000,1,0.755,0,supporting
کور,3,outside-system,0.0000,0,0.23,0,supporting
کون,1390,SYSTEM-CRITICAL(hub),0.0069,1,0.0373,0,system-critical
کوکب,5,outside-system,0.0000,0,0.274,0,supporting
کوی,1,outside-system,0.0000,0,0.816,0,supporting
کید,35,system-peripheral,0.0000,1,0.0373,1,unit-defining
کیل,16,system-peripheral,0.0000,1,0.23,0,supporting
یءس,13,system-peripheral,0.0000,1,0.362,0,supporting
یبس,4,outside-system,0.0000,0,0.773,0,supporting
یتم,23,system-peripheral,0.0000,1,0.0373,1,unit-defining
یدی,121,system-core,0.0000,1,0.301,0,supporting
یسر,44,system-peripheral,0.0000,1,0.0373,1,unit-defining
یسع,2,outside-system,0.0000,0,0.715,0,supporting
یقت,1,outside-system,0.0000,0,0.336,0,supporting
یقظ,1,outside-system,0.0000,0,0.746,0,supporting
یقن,28,system-peripheral,0.0000,1,0.0584,0,supporting
یمم,11,system-peripheral,0.0000,1,0.481,0,supporting
یمن,71,system-peripheral,0.0000,1,0.101,0,supporting
ینع,1,outside-system,0.0000,0,0.904,0,supporting
یوم,475,SYSTEM-CRITICAL(hub),0.0035,1,0.0373,0,system-critical
