rank,root,gloss,freq,n_forms,n_suras,concentration_z,integrated_score,score_pctile
1,عبد,,275,16,57,49.2,2.508,100.0
2,ءله,God,2848,6,86,61.0,2.471,99.9
3,کذب,,282,16,68,43.3,2.445,99.9
4,قول,say,1722,17,84,21.0,2.332,99.8
5,ءمن,believe,879,28,77,12.7,2.266,99.8
6,ربب,Lord,980,8,94,27.4,2.249,99.7
7,رءی,,328,25,72,12.1,2.157,99.6
8,کون,be,1390,18,86,12.2,2.157,99.6
9,قوم,people,660,45,79,7.1,2.115,99.5
10,یوم,,475,6,80,22.1,2.085,99.5
11,ءنس,,342,10,77,16.7,2.065,99.4
12,ذکر,,292,23,71,8.6,2.000,99.4
13,علم,know,854,20,85,7.2,1.933,99.3
14,شرر,,31,4,22,32.0,1.931,99.2
15,ءلی,bounties(ālāʾ),34,1,3,104.4,1.920,99.2
16,ولد,,102,17,39,10.3,1.888,99.1
17,کفر,,525,20,77,7.1,1.885,99.1
18,یسر,,44,11,27,14.8,1.864,99.0
19,قدر,,132,18,58,7.9,1.836,98.9
20,ویل,,40,4,25,23.9,1.821,98.9
21,رحم,,339,14,62,8.0,1.811,98.8
22,نفق,,111,14,31,9.6,1.793,98.8
23,وصی,,32,11,13,13.9,1.775,98.7
24,دین,,101,6,40,14.4,1.760,98.6
25,کید,,35,6,16,16.6,1.753,98.6
26,نذر,,130,11,50,9.1,1.750,98.5
27,ثقل,,28,12,19,12.5,1.746,98.5
28,ءلف,,22,8,12,15.4,1.735,98.4
29,رسل,,513,16,69,6.1,1.720,98.4
30,جعل,,346,9,66,8.2,1.715,98.3
31,قرء,,88,11,42,8.7,1.697,98.2
32,خلق,,261,12,75,7.0,1.688,98.2
33,دعو,,212,22,55,4.9,1.687,98.1
34,نجو,,84,22,31,6.2,1.686,98.1
35,وحد,,153,10,50,8.4,1.682,98.0
36,دری,,29,7,21,13.4,1.682,97.9
37,وقی,,258,21,63,4.2,1.660,97.9
38,عمل,,360,13,68,5.7,1.636,97.8
39,رضو,,73,20,32,5.8,1.627,97.8
40,ءبو,,117,9,37,8.1,1.615,97.7
41,وسوس,,5,4,4,21.4,1.614,97.6
42,هدی,,316,30,62,2.7,1.613,97.6
43,عسر,,12,7,9,13.4,1.611,97.5
44,ولی,,232,26,55,3.2,1.611,97.5
45,لیل,,92,5,49,9.9,1.610,97.4
46,حسد,,5,5,4,17.4,1.601,97.4
47,صحب,,97,6,47,8.8,1.593,97.3
48,کتب,,319,14,61,5.0,1.586,97.2
49,کرم,,47,12,29,7.3,1.586,97.2
50,صلو,,99,9,37,7.9,1.582,97.1
51,سمو,,381,12,81,4.2,1.581,97.1
52,لقی,,146,33,53,2.5,1.581,97.0
53,ءسف,,32,4,7,14.9,1.573,96.9
54,یقن,,28,9,19,8.5,1.551,96.9
55,نصر,,158,27,46,2.9,1.551,96.8
56,طوع,,129,24,40,3.5,1.541,96.8
57,شیء,,519,12,73,4.1,1.537,96.7
58,شهد,,160,23,48,3.2,1.520,96.6
59,ذوی,,143,8,55,6.8,1.510,96.6
60,شرک,,168,15,44,4.2,1.508,96.5
61,قتل,,170,18,33,3.8,1.506,96.5
62,عطو,,14,7,11,9.1,1.496,96.4
63,غفر,,234,19,56,3.0,1.483,96.4
64,تبب,,4,3,3,15.7,1.467,96.3
65,قلب,,168,15,48,3.7,1.458,96.2
66,خرج,,182,21,56,2.7,1.447,96.2
67,جنن,,201,9,70,4.4,1.438,96.1
68,غنی,,73,14,44,4.2,1.434,96.1
69,حسب,,109,12,40,4.5,1.434,96.0
70,وجد,,107,5,32,7.6,1.432,95.9
71,سلم,,157,19,50,2.8,1.429,95.9
72,صلی,,25,14,21,5.2,1.429,95.8
73,قرع,,5,1,3,28.2,1.403,95.8
74,طعم,,48,10,26,5.6,1.401,95.7
75,وزن,,23,6,14,7.9,1.400,95.6
76,فجر,,24,10,16,6.8,1.400,95.6
77,ءتی,,549,31,72,1.3,1.396,95.5
78,ءخذ,,273,23,55,2.1,1.389,95.5
79,بین,,523,16,71,2.3,1.386,95.4
80,توب,,87,16,25,3.7,1.386,95.4
81,نبو,,80,7,23,6.4,1.382,95.3
82,عدو,,106,22,34,2.6,1.377,95.2
83,ءمر,,248,13,61,3.0,1.373,95.2
84,حمل,,64,13,29,3.9,1.373,95.1
85,ءیی,,382,3,59,7.0,1.370,95.1
86,کبر,,161,25,57,1.9,1.362,95.0
87,مول,,86,5,38,6.3,1.347,94.9
88,سءل,,129,16,47,2.7,1.339,94.9
89,عذب,,373,11,68,2.8,1.335,94.8
90,ظنن,,69,9,32,4.5,1.332,94.8
91,حطم,,6,3,5,12.3,1.328,94.7
92,سحر,,63,12,27,3.7,1.312,94.7
93,زلزل,,6,4,4,9.4,1.307,94.6
94,نزل,,293,18,60,1.9,1.303,94.5
95,حیی,,189,25,50,1.5,1.303,94.5
96,لهب,,3,1,2,25.3,1.301,94.4
97,ءخو,,96,11,31,3.6,1.298,94.4
98,موت,,165,25,53,1.6,1.294,94.3
99,نشء,,28,9,14,5.2,1.293,94.2
100,یتم,,23,4,12,7.8,1.286,94.2
101,غشو,,29,15,23,3.1,1.281,94.1
102,سفل,,10,5,9,7.1,1.270,94.1
103,عصر,,5,5,4,7.8,1.269,94.0
104,ءوب,,21,7,11,6.1,1.268,93.9
105,عین,,65,9,37,3.7,1.267,93.9
106,نعم,,140,9,61,3.1,1.265,93.8
107,سبح,,92,10,49,3.1,1.262,93.8
108,سوو,,83,16,48,2.2,1.256,93.7
109,عدد,,57,13,26,3.0,1.255,93.7
110,جمع,,129,18,45,2.0,1.252,93.6
111,نهی,,56,24,26,1.9,1.251,93.5
112,بیت,,73,7,29,3.9,1.243,93.5
113,عقب,,96,15,36,2.4,1.234,93.4
114,لهو,,16,8,13,4.9,1.233,93.4
115,ظهر,,59,16,30,2.4,1.232,93.3
116,رفع,,29,9,21,4.1,1.232,93.2
117,نظر,,129,16,48,2.0,1.228,93.2
118,صبر,,103,15,45,2.3,1.224,93.1
119,وعد,,151,16,51,1.9,1.223,93.1
120,زید,,62,16,32,2.3,1.222,93.0
121,کفء,,1,1,1,29.7,1.215,92.9
122,قبر,,8,4,8,7.3,1.209,92.9
123,طلع,,19,9,13,4.1,1.199,92.8
124,حکم,,210,14,57,1.9,1.199,92.8
125,عوذ,,17,6,14,5.1,1.195,92.7
126,ضلل,,191,18,56,1.4,1.193,92.7
127,قسم,,33,11,24,2.8,1.180,92.6
128,وزر,,27,8,11,3.9,1.179,92.5
129,حقق,,287,7,59,2.6,1.176,92.5
130,یمن,,71,4,34,4.5,1.173,92.4
131,حضض,,3,2,3,10.7,1.172,92.4
132,سجد,,92,15,32,2.1,1.170,92.3
133,مرء,,38,8,22,3.5,1.170,92.2
134,ملک,,206,14,63,1.7,1.167,92.2
135,نور,,194,6,62,2.8,1.164,92.1
136,حفظ,,44,17,23,2.0,1.162,92.1
137,شنء,,3,2,2,11.9,1.162,92.0
138,صمد,Eternal,1,1,1,17.2,1.153,91.9
139,عصف,,7,5,6,5.7,1.149,91.9
140,علو,,70,21,41,1.4,1.144,91.8
141,بلد,,19,4,15,5.6,1.142,91.8
142,حسن,,194,17,50,1.4,1.141,91.7
143,نصب,,32,7,19,3.6,1.140,91.7
144,شقو,,12,9,7,3.8,1.139,91.6
145,جحم,,26,2,18,7.3,1.136,91.5
146,طغی,,39,14,27,2.1,1.135,91.5
147,سرر,,44,14,33,2.1,1.135,91.4
148,فکه,,19,6,12,4.2,1.134,91.4
149,طرق,,11,5,6,5.3,1.134,91.3
150,شرب,,39,11,22,2.6,1.132,91.2
151,ذوق,,63,13,32,2.1,1.130,91.2
152,غسق,,4,4,4,6.5,1.126,91.1
153,صبح,,45,10,25,2.5,1.122,91.1
154,صدر,,46,4,31,3.9,1.108,91.0
155,جزی,,118,15,47,1.6,1.108,90.9
156,حبب,,95,13,35,1.9,1.105,90.9
157,خیر,,196,11,55,1.7,1.101,90.8
158,ءول,,172,13,54,1.5,1.092,90.8
159,سوق,,17,10,13,2.9,1.091,90.7
160,زکو,,59,12,29,2.0,1.090,90.7
161,بشر,,123,18,47,1.2,1.090,90.6
162,ءذن,,102,13,38,1.8,1.086,90.5
163,صحف,,9,3,8,5.9,1.086,90.5
164,جیء,,278,4,62,2.6,1.082,90.4
165,نشر,,21,15,18,2.0,1.080,90.4
166,فعل,,108,11,44,1.9,1.079,90.3
167,فصل,,43,12,24,2.0,1.072,90.2
168,عزز,,120,10,48,1.9,1.066,90.2
169,بصر,,148,15,62,1.3,1.066,90.1
170,مدد,,32,16,24,1.7,1.065,90.1
171,کثر,abundance,167,10,51,1.7,1.062,90.0
172,هوی,,38,9,22,2.4,1.062,89.9
173,منن,,27,10,20,2.4,1.058,89.9
174,دکک,,7,4,4,5.6,1.058,89.8
175,دخل,,126,12,45,1.6,1.057,89.8
176,ضحو,,7,3,5,6.1,1.057,89.7
177,نفس,,298,7,63,1.8,1.055,89.7
178,طبق,,4,3,3,6.7,1.052,89.6
179,سکن,,71,18,40,1.2,1.051,89.5
180,حمد,praise,68,8,44,2.2,1.051,89.5
181,سمع,,185,16,57,1.0,1.049,89.4
182,سقی,,25,15,19,1.8,1.046,89.4
183,بتر,cut-off,1,1,1,46.2,1.046,89.3
184,رجع,,104,9,42,1.9,1.040,89.2
185,سوء,,166,17,45,1.0,1.039,89.2
186,مهل,,6,2,5,7.4,1.034,89.1
187,جوع,,5,2,5,6.9,1.034,89.1
188,شتو,,1,1,1,14.4,1.031,89.0
189,خشی,,48,10,24,2.0,1.030,88.9
190,سجن,,12,4,3,4.4,1.029,88.9
191,سعی,,30,7,20,2.7,1.028,88.8
192,فرغ,,6,4,6,4.6,1.028,88.8
193,صیف,,1,1,1,12.7,1.022,88.7
194,خسر,,65,14,35,1.5,1.020,88.7
195,فتح,,38,12,25,1.8,1.019,88.6
196,حدث,,36,8,28,2.3,1.019,88.5
197,نحر,sacrifice,1,1,1,21.1,1.018,88.5
198,رحل,,4,3,2,6.3,1.016,88.4
199,سهو,,2,1,2,8.6,1.014,88.4
200,وقع,,24,9,16,2.5,1.014,88.3
201,صدق,,155,25,49,0.5,1.013,88.2
202,ءکل,,109,10,40,1.6,1.011,88.2
203,وضع,,26,7,18,2.7,1.009,88.1
204,بلو,,37,16,24,1.4,1.008,88.1
205,ندو,,52,12,26,1.7,1.003,88.0
206,صفف,,14,5,11,3.4,1.002,87.9
207,رغب,,8,6,7,3.4,1.001,87.9
208,بنو,,162,10,46,1.6,1.001,87.8
209,رمی,,9,4,5,4.3,1.000,87.8
210,منی,,21,10,10,2.3,0.999,87.7
211,سبل,,176,5,47,2.1,0.995,87.7
212,زوج,,81,8,43,1.9,0.992,87.6
213,جود,,3,3,3,5.9,0.990,87.5
214,منع,,17,8,16,2.5,0.987,87.5
215,شرح,,5,4,5,4.0,0.982,87.4
216,حجر,,21,6,14,2.7,0.980,87.4
217,وحی,,78,8,33,1.9,0.980,87.3
218,فضل,,104,5,32,2.2,0.979,87.2
219,ذرر,,38,3,21,3.3,0.976,87.2
220,ءجر,,108,5,39,2.3,0.970,87.1
221,صلح,,180,15,54,0.8,0.962,87.1
222,فوج,,5,3,5,5.0,0.960,87.0
223,ءخر,,250,16,64,0.6,0.960,86.9
224,ءبل,,3,2,3,5.8,0.959,86.9
225,نبء,,80,13,36,1.3,0.956,86.8
226,ءرض,,461,2,80,2.3,0.951,86.8
227,خنس,,2,2,2,7.6,0.949,86.7
228,دعع,,3,2,2,7.3,0.947,86.7
229,زور,,6,4,5,3.7,0.946,86.6
230,نصو,,4,2,3,6.4,0.944,86.5
231,خوف,,124,16,42,0.8,0.941,86.5
232,فلق,,4,3,3,5.1,0.937,86.4
233,وعی,,7,6,4,3.0,0.936,86.4
234,سجل,,4,2,4,5.3,0.934,86.3
235,ءوی,,36,11,23,1.5,0.934,86.2
236,رشد,,19,7,9,2.4,0.931,86.2
237,ءصد,,2,1,2,7.3,0.931,86.1
238,وذر,,45,4,29,2.5,0.928,86.1
239,صبب,,5,4,4,3.9,0.928,86.0
240,شکر,,75,13,35,1.1,0.928,85.9
241,صرط,,45,2,25,3.7,0.927,85.9
242,مرج,,6,4,3,3.8,0.927,85.8
243,فیل,,1,1,1,12.0,0.926,85.8
244,عقد,,7,3,5,4.2,0.924,85.7
245,شقق,,28,14,21,1.3,0.924,85.7
246,حطب,,2,2,2,6.9,0.924,85.6
247,بعض,,158,3,38,2.3,0.921,85.5
248,نقض,,9,4,7,3.4,0.920,85.5
249,ظلل,,33,10,20,1.6,0.918,85.4
250,رزق,,123,9,44,1.4,0.916,85.4
251,شتت,,5,3,5,3.9,0.911,85.3
252,عمد,,7,4,7,3.4,0.911,85.2
253,عظم,,128,7,50,1.4,0.910,85.2
254,وجه,,78,7,38,1.6,0.909,85.1
255,ترب,,22,6,18,2.1,0.905,85.1
256,حمم,,21,3,15,3.2,0.904,85.0
257,قرش,,1,1,1,10.3,0.903,85.0
258,بثث,,9,5,9,2.8,0.903,84.9
259,ضحک,,10,6,8,2.5,0.901,84.8
260,طیر,,29,8,19,1.8,0.899,84.8
261,وسی,Musa,136,1,34,7.5,0.898,84.7
262,نهر,,113,7,51,1.4,0.897,84.7
263,حمی,,6,4,5,3.5,0.897,84.6
264,یدی,,121,5,48,1.6,0.896,84.5
265,همز,,3,3,3,4.2,0.895,84.5
266,قرض,,13,4,6,3.1,0.892,84.4
267,نسو,,59,4,16,2.3,0.892,84.4
268,جبل,,41,4,33,2.1,0.890,84.3
269,غیر,,154,5,46,1.6,0.888,84.2
270,حلل,,51,15,21,0.9,0.888,84.2
271,وقد,,11,6,10,2.4,0.884,84.1
272,عرف,,71,12,26,1.1,0.882,84.1
273,ودد,,29,7,18,1.9,0.881,84.0
274,کدح,,2,2,1,7.1,0.879,84.0
275,وری,,50,9,29,1.4,0.878,83.9
276,سجو,,1,1,1,8.3,0.877,83.8
277,معن,,1,1,1,12.7,0.871,83.8
278,سبق,,37,11,24,1.2,0.870,83.7
279,جلو,,5,4,4,3.4,0.868,83.7
280,خبر,,51,5,31,1.8,0.866,83.6
281,ثور,,5,3,4,3.4,0.864,83.5
282,غرر,,27,6,14,1.9,0.859,83.5
283,فرش,,6,4,6,2.8,0.859,83.4
284,دبر,,44,10,31,1.2,0.854,83.4
285,تلو,,63,15,33,0.7,0.853,83.3
286,مکر,,43,5,14,2.0,0.846,83.2
287,مثل,,169,9,50,0.8,0.842,83.2
288,وسق,,2,2,1,6.3,0.841,83.1
289,رود,,148,13,47,0.6,0.838,83.1
290,کیل,,16,6,7,2.1,0.831,83.0
291,فری,,60,15,24,0.7,0.831,83.0
292,بخل,,12,4,6,2.6,0.831,82.9
293,ءهل,,127,3,40,2.0,0.830,82.8
294,حرم,,83,12,25,0.9,0.830,82.8
295,نفش,,2,2,2,5.4,0.825,82.7
296,خلد,,87,10,40,0.9,0.824,82.7
297,مشی,,23,8,14,1.6,0.824,82.6
298,نفث,,1,1,1,13.4,0.822,82.5
299,نسی,,45,12,20,1.0,0.821,82.5
300,عیش,,8,4,8,2.4,0.819,82.4
301,قرب,,96,17,41,0.4,0.817,82.4
302,وسط,,5,4,4,2.7,0.806,82.3
303,سعر,,19,3,15,2.6,0.805,82.2
304,خلص,,31,9,17,1.3,0.805,82.2
305,ءمم,,119,13,42,0.5,0.797,82.1
306,هجر,,31,11,17,1.0,0.797,82.1
307,عیل,,2,2,2,4.5,0.796,82.0
308,فرعن,,74,1,27,3.7,0.796,82.0
309,فضض,,9,3,6,2.9,0.796,81.9
310,سبع,,28,5,16,1.7,0.796,81.8
311,رعی,,10,8,9,1.7,0.795,81.8
312,زیت,,7,4,5,2.5,0.794,81.7
313,بنی,,22,9,16,1.4,0.794,81.7
314,حبل,,7,2,5,3.4,0.792,81.6
315,لمز,,4,3,3,3.3,0.787,81.5
316,شدد,,102,11,48,0.6,0.787,81.5
317,قرن,,40,11,22,0.8,0.773,81.4
318,سفر,,12,7,9,1.6,0.772,81.4
319,قرر,,38,12,22,0.8,0.771,81.3
320,عذر,,12,6,8,1.7,0.766,81.2
321,ترک,,43,8,20,1.2,0.763,81.2
322,فرر,,11,7,9,1.6,0.761,81.1
323,عجل,,47,11,25,0.7,0.758,81.1
324,قلی,,2,2,2,4.2,0.758,81.0
325,سقر,,4,1,2,4.8,0.756,81.0
326,جهد,,41,8,19,1.1,0.756,80.9
327,فسق,,54,9,23,0.9,0.754,80.8
328,صرم,,3,3,1,3.6,0.752,80.8
329,حور,,13,6,10,1.6,0.748,80.7
330,نبذ,,12,4,10,2.0,0.748,80.7
331,حدد,,25,7,12,1.3,0.748,80.6
332,جوب,,43,15,23,0.5,0.746,80.5
333,جرم,,66,10,36,0.7,0.742,80.5
334,ختم,,8,6,7,1.8,0.740,80.4
335,ودع,,4,3,4,2.7,0.739,80.4
336,فکک,,2,2,2,4.0,0.737,80.3
337,سین,,2,2,2,3.4,0.731,80.2
338,لوم,,14,11,10,1.0,0.728,80.2
339,رقب,,24,9,14,1.1,0.727,80.1
340,رقم,,3,2,2,3.2,0.726,80.1
341,رهق,,10,4,7,2.1,0.725,80.0
342,مسد,,1,1,1,8.3,0.724,80.0
343,حصل,,1,1,1,7.1,0.720,79.9
344,عهن,,2,1,2,6.1,0.719,79.8
345,عون,,11,7,8,1.4,0.718,79.8
346,قمر,,27,2,23,2.2,0.711,79.7
347,وهب,,25,5,12,1.5,0.710,79.7
348,بقی,,21,10,16,0.8,0.709,79.6
349,صدع,,5,4,5,2.1,0.709,79.5
350,سخر,,42,9,21,0.7,0.708,79.5
351,فءد,,16,3,13,2.0,0.706,79.4
352,لیس,,89,3,33,1.5,0.706,79.4
353,فتی,,21,12,7,0.8,0.706,79.3
354,صوت,,8,2,4,2.9,0.701,79.2
355,رصد,,6,5,4,1.8,0.700,79.2
356,کره,,41,9,21,0.8,0.699,79.1
357,زنی,,9,6,4,1.5,0.699,79.1
358,مسک,,27,9,17,0.8,0.698,79.0
359,طلق,,23,5,10,1.4,0.698,79.0
360,ءفک,,30,10,21,0.7,0.697,78.9
361,صور,,19,5,17,1.4,0.694,78.8
362,ربص,,17,6,7,1.4,0.694,78.8
363,قعد,,31,14,15,0.5,0.689,78.7
364,بحر,,42,6,25,1.0,0.689,78.7
365,زجر,,6,5,3,1.7,0.686,78.6
366,رکب,,15,8,13,1.0,0.683,78.5
367,غلب,,31,9,18,0.7,0.681,78.5
368,شهر,,21,5,9,1.5,0.680,78.4
369,خصم,,18,11,12,0.7,0.680,78.4
370,ءثر,,21,8,16,0.9,0.679,78.3
371,قدح,,1,1,1,6.7,0.677,78.2
372,عرج,,10,5,9,1.5,0.677,78.2
373,جنب,,33,10,21,0.6,0.667,78.1
374,غیب,,60,6,35,0.7,0.667,78.1
375,ضبح,,1,1,1,5.5,0.665,78.0
376,کسب,,67,4,27,1.0,0.663,78.0
377,خون,,16,10,8,0.8,0.660,77.9
378,هلک,,68,13,40,0.3,0.659,77.8
379,لدی,,22,1,12,3.5,0.659,77.8
380,خطء,,22,8,13,0.9,0.659,77.7
381,دمدم,,1,1,1,4.8,0.656,77.7
382,برر,,32,5,18,1.2,0.655,77.6
383,ظلم,,315,17,59,-0.0,0.655,77.5
384,روح,,57,8,40,0.5,0.648,77.5
385,تین,,1,1,1,7.9,0.647,77.4
386,ذلل,,24,12,17,0.5,0.644,77.4
387,وقب,,1,1,1,12.7,0.643,77.3
388,کءس,,6,2,5,2.3,0.643,77.2
389,نشط,,2,2,1,3.7,0.636,77.2
390,رتل,,4,2,2,2.6,0.634,77.1
391,بلغ,,77,12,36,0.3,0.634,77.1
392,ءثم,,48,10,21,0.5,0.631,77.0
393,طوف,,41,10,22,0.5,0.630,77.0
394,غضب,,24,4,15,1.2,0.629,76.9
395,نجم,,13,2,12,2.1,0.628,76.8
396,طحو,,1,1,1,4.6,0.627,76.8
397,بعثر,,2,1,2,6.8,0.623,76.7
398,برأ,,2,1,1,8.5,0.622,76.7
399,نوب,,18,7,11,0.8,0.622,76.6
400,فسح,,3,3,1,2.5,0.618,76.5
401,سلک,,12,6,11,1.1,0.617,76.5
402,مجد,,4,1,3,4.3,0.617,76.4
403,رجف,,8,4,5,1.5,0.608,76.4
404,خشع,,17,9,16,0.6,0.606,76.3
405,دهن,,5,5,4,1.5,0.604,76.2
406,حلف,,13,3,5,1.7,0.601,76.2
407,بطش,,10,5,8,1.3,0.599,76.1
408,خوض,,12,6,7,1.0,0.598,76.1
409,حزب,,20,3,13,1.4,0.597,76.0
410,نفذ,,3,2,1,3.4,0.596,76.0
411,شءم,,3,1,2,3.1,0.595,75.9
412,ملء,,40,7,18,0.6,0.590,75.8
413,بعث,,67,10,33,0.3,0.590,75.8
414,صدد,,42,6,23,0.6,0.590,75.7
415,علق,,7,3,6,1.7,0.589,75.7
416,قوی,,42,6,25,0.6,0.588,75.6
417,لظی,,2,2,2,2.6,0.587,75.5
418,خفف,,17,9,13,0.6,0.583,75.5
419,طور,,11,2,9,2.1,0.580,75.4
420,ذنب,,39,3,26,1.1,0.580,75.4
421,جهر,,16,6,13,0.8,0.577,75.3
422,نقع,,1,1,1,7.9,0.575,75.2
423,ورث,,35,14,20,0.2,0.574,75.2
424,قهر,,10,4,9,1.2,0.572,75.1
425,رسو,,14,4,13,1.1,0.569,75.1
426,رجم,,14,9,12,0.5,0.568,75.0
427,نعج,,4,2,1,2.8,0.567,75.0
428,دسو,,1,1,1,3.7,0.567,74.9
429,بیع,,15,4,8,1.1,0.561,74.8
430,حوی,,2,2,2,2.5,0.559,74.8
431,قدم,,48,10,37,0.3,0.558,74.7
432,سیر,,27,9,21,0.4,0.557,74.7
433,قضی,,63,12,29,0.2,0.554,74.6
434,غوی,,22,8,11,0.6,0.553,74.5
435,سنن,,21,4,11,1.0,0.552,74.5
436,بتل,,2,2,1,2.8,0.549,74.4
437,سوع,,49,2,27,1.1,0.546,74.4
438,وثق,,34,8,13,0.5,0.546,74.3
439,قسط,,25,5,15,0.8,0.545,74.3
440,نکح,,23,8,6,0.6,0.544,74.2
441,حصی,,11,5,10,0.8,0.544,74.1
442,عرض,,79,13,35,0.1,0.544,74.1
443,دفق,,1,1,1,3.5,0.542,74.0
444,نقر,,4,3,2,1.7,0.541,74.0
445,خیب,,5,2,4,2.0,0.541,73.9
446,نوح,,43,2,28,1.3,0.539,73.8
447,ولج,,14,4,8,1.0,0.533,73.8
448,رکع,,13,7,8,0.7,0.533,73.7
449,فطر,,20,7,17,0.5,0.531,73.7
450,ءنث,,30,3,17,1.1,0.529,73.6
451,سطر,,14,5,13,0.7,0.529,73.5
452,ذهب,,56,10,30,0.2,0.526,73.5
453,فیء,,7,4,5,1.3,0.526,73.4
454,حضر,,25,11,16,0.3,0.525,73.4
455,ضرب,,58,6,28,0.4,0.525,73.3
456,سمن,,4,3,3,1.5,0.522,73.3
457,قلل,,76,7,33,0.3,0.517,73.2
458,ضعف,,52,16,21,0.0,0.516,73.1
459,سیطر,,2,2,2,2.0,0.515,73.1
460,خفی,,34,15,21,0.1,0.510,73.0
461,فلح,,40,6,24,0.4,0.509,73.0
462,زلف,,10,5,8,0.9,0.509,72.9
463,زیغ,,9,6,7,0.7,0.508,72.8
464,نسف,,5,4,2,1.2,0.506,72.8
465,لغو,,11,4,11,0.8,0.504,72.7
466,ردی,,6,5,6,0.9,0.503,72.7
467,ذرع,,5,4,4,1.2,0.499,72.6
468,بعد,,235,6,57,0.2,0.498,72.5
469,ءفق,,3,2,3,1.7,0.496,72.5
470,نفر,,18,9,10,0.4,0.494,72.4
471,یءس,,13,6,9,0.6,0.493,72.4
472,ءذی,,24,9,10,0.4,0.493,72.3
473,شفق,,11,4,9,1.0,0.491,72.3
474,نبت,,26,5,21,0.5,0.487,72.2
475,مرر,,35,9,22,0.3,0.486,72.1
476,لهم,,1,1,1,4.2,0.485,72.1
477,نقم,,17,7,12,0.4,0.483,72.0
478,عود,,63,13,39,0.0,0.483,72.0
479,مزق,,4,2,1,2.4,0.482,71.9
480,شهب,,5,3,4,1.3,0.481,71.8
481,کفی,,33,5,15,0.5,0.481,71.8
482,ءنی,,8,5,8,0.7,0.480,71.7
483,لمم,,2,2,2,1.9,0.474,71.7
484,خدد,,2,2,2,2.0,0.471,71.6
485,ءسر,,6,5,4,0.9,0.471,71.5
486,وکء,,11,5,10,0.6,0.470,71.5
487,نفخ,,20,6,17,0.5,0.469,71.4
488,عقر,,8,3,7,1.2,0.469,71.4
489,عتو,,10,5,7,0.7,0.467,71.3
490,زرع,,14,6,12,0.5,0.467,71.3
491,قنت,,13,7,8,0.5,0.467,71.2
492,لوح,,6,3,4,1.3,0.466,71.1
493,لبث,,31,4,17,0.5,0.466,71.1
494,جند,,29,4,18,0.5,0.464,71.0
495,سرق,,9,7,4,0.6,0.459,71.0
496,غدو,,16,7,13,0.4,0.449,70.9
497,سجر,,3,3,3,1.3,0.447,70.8
498,ثلث,,32,10,20,0.2,0.446,70.8
499,نثر,,3,2,3,1.8,0.444,70.7
500,غلم,,13,4,8,0.7,0.443,70.7
501,ثبر,,5,2,3,1.7,0.442,70.6
502,دور,,55,7,27,0.2,0.438,70.5
503,ءزف,,3,2,2,1.8,0.436,70.5
504,سدر,,4,2,3,1.4,0.433,70.4
505,مهد,,16,7,13,0.3,0.432,70.4
506,فرق,,72,21,30,-0.2,0.430,70.3
507,مور,,3,2,2,1.9,0.429,70.3
508,ثوب,,29,9,16,0.2,0.425,70.2
509,قلم,,4,2,4,1.5,0.423,70.1
510,لوط,,27,2,14,1.0,0.421,70.1
511,قصر,,11,7,9,0.4,0.421,70.0
512,حصن,,18,7,7,0.4,0.420,70.0
513,کوب,,4,1,4,1.6,0.419,69.9
514,فقه,,20,4,12,0.6,0.419,69.8
515,لفف,,3,3,3,1.3,0.418,69.8
516,نطق,,12,4,9,0.6,0.416,69.7
517,شمل,,12,3,9,0.7,0.415,69.7
518,طهر,,31,13,18,0.0,0.413,69.6
519,جلد,,13,4,6,0.6,0.411,69.5
520,بدل,,44,14,25,-0.1,0.406,69.5
521,بکی,,7,5,6,0.6,0.405,69.4
522,لسن,,25,3,18,0.6,0.405,69.4
523,غلی,,2,2,1,1.8,0.403,69.3
524,شفه,,1,1,1,2.9,0.402,69.3
525,موه,,63,1,41,1.4,0.396,69.2
526,کوکب,,5,3,5,1.0,0.390,69.1
527,شمس,,33,2,28,0.7,0.389,69.1
528,دود,,16,1,9,1.3,0.388,69.0
529,لعب,,20,5,13,0.3,0.387,69.0
530,ثمد,,26,1,21,1.7,0.387,68.9
531,جری,,64,7,43,0.1,0.385,68.8
532,سفع,,1,1,1,3.5,0.385,68.8
533,عمر,,27,11,16,0.0,0.384,68.7
534,عرش,,33,4,25,0.3,0.382,68.7
535,عبس,,3,2,3,1.5,0.381,68.6
536,غثو,,2,1,2,2.4,0.379,68.5
537,سطح,,1,1,1,2.5,0.377,68.5
538,نضر,,3,2,3,1.4,0.377,68.4
539,نجد,,1,1,1,3.9,0.375,68.4
540,مزج,,3,1,2,2.6,0.375,68.3
541,لبد,,2,1,2,2.6,0.375,68.3
542,عجز,,26,10,21,0.0,0.374,68.2
543,وتد,,3,2,3,1.1,0.373,68.1
544,ضرع,,8,5,4,0.5,0.371,68.1
545,ثقب,,2,1,2,2.7,0.370,68.0
546,جمل,,11,6,9,0.3,0.370,68.0
547,ءجل,,56,4,29,0.3,0.368,67.9
548,غلظ,,13,6,10,0.3,0.368,67.8
549,قحم,,2,2,2,1.5,0.368,67.8
550,ذرو,,3,3,2,1.1,0.366,67.7
551,عسعس,,1,1,1,2.3,0.365,67.7
552,کور,,3,2,2,1.4,0.365,67.6
553,مکن,,18,5,12,0.3,0.364,67.5
554,وجف,,2,2,2,1.2,0.363,67.5
555,رضع,,11,7,5,0.3,0.362,67.4
556,ثلل,,3,1,1,3.2,0.361,67.4
557,وقت,,13,6,10,0.3,0.360,67.3
558,بوب,,27,5,17,0.3,0.359,67.3
559,طمث,,2,1,1,2.1,0.351,67.2
560,بسر,,2,2,2,1.2,0.350,67.1
561,کند,,1,1,1,9.4,0.349,67.1
562,صلب,,8,4,7,0.5,0.347,67.0
563,بضع,,7,2,2,1.0,0.345,67.0
564,بسس,,2,2,1,1.7,0.343,66.9
565,عصی,,32,10,23,-0.0,0.342,66.8
566,جدد,,10,4,8,0.4,0.342,66.8
567,سغب,,1,1,1,3.1,0.337,66.7
568,حمء,,4,2,2,1.3,0.336,66.7
569,سدی,,1,1,1,2.2,0.333,66.6
570,نخل,,20,4,16,0.3,0.332,66.5
571,تسع,,7,4,5,0.4,0.331,66.5
572,صفح,,8,5,6,0.4,0.329,66.4
573,رجج,,2,2,1,1.3,0.327,66.4
574,کشف,,20,7,14,0.1,0.326,66.3
575,بدء,,15,4,11,0.3,0.324,66.3
576,صیح,,13,1,9,1.2,0.319,66.2
577,کبت,,3,2,2,1.0,0.317,66.1
578,فوز,,29,7,21,0.0,0.313,66.1
579,خلف,,127,31,40,-0.3,0.310,66.0
580,هون,,26,10,19,-0.0,0.308,66.0
581,شعب,,13,4,6,0.4,0.304,65.9
582,صعق,,11,5,8,0.3,0.302,65.8
583,ضنن,,1,1,1,2.0,0.300,65.8
584,عقم,,4,2,3,1.0,0.300,65.7
585,ثبت,,18,7,11,0.1,0.298,65.7
586,قتر,,5,5,5,0.3,0.295,65.6
587,وتر,,3,3,3,0.6,0.294,65.5
588,عجب,,27,7,17,0.1,0.292,65.5
589,کشط,,1,1,1,2.9,0.292,65.4
590,فتن,,60,8,32,-0.1,0.287,65.4
591,صرر,,6,4,5,0.4,0.287,65.3
592,دلل,,7,4,5,0.4,0.286,65.3
593,لءلء,,6,2,6,0.7,0.285,65.2
594,برج,,7,4,6,0.4,0.284,65.1
595,هزل,,1,1,1,4.2,0.280,65.1
596,زبد,,3,2,1,1.1,0.280,65.0
597,حیض,,4,2,2,0.9,0.276,65.0
598,ءرک,,5,1,4,3.1,0.272,64.9
599,عطل,,2,2,2,1.1,0.272,64.8
600,برق,,11,3,10,0.4,0.271,64.8
601,فرج,,9,2,8,0.6,0.267,64.7
602,وقر,,9,4,8,0.3,0.263,64.7
603,صلصل,,4,1,2,1.3,0.255,64.6
604,ورد,,11,8,7,0.1,0.252,64.6
605,وبل,,8,3,6,0.4,0.252,64.5
606,رهن,,3,3,3,0.6,0.251,64.4
607,غرم,,6,5,5,0.2,0.250,64.4
608,عفو,,35,11,11,-0.1,0.250,64.3
609,حمر,,6,3,6,0.5,0.248,64.3
610,حوط,,28,10,18,-0.1,0.247,64.2
611,مری,,20,8,16,-0.0,0.245,64.1
612,سیل,,4,3,2,0.5,0.242,64.1
613,رقی,,4,4,3,0.4,0.242,64.0
614,عرب,,22,4,15,0.1,0.241,64.0
615,غنم,,9,2,6,0.6,0.240,63.9
616,غمز,,1,1,1,1.7,0.239,63.8
617,قضب,,1,1,1,2.1,0.238,63.8
618,وکل,,70,9,29,-0.1,0.238,63.7
619,برد,,5,3,5,0.4,0.237,63.7
620,قنط,,6,5,5,0.2,0.234,63.6
621,قدد,,5,2,2,0.7,0.233,63.6
622,دون,,144,1,46,0.3,0.231,63.5
623,مدن,,27,3,15,0.2,0.230,63.4
624,عدل,,28,6,11,0.0,0.228,63.4
625,حجج,,33,8,10,-0.1,0.225,63.3
626,سلسل,,3,2,3,0.6,0.224,63.3
627,تبر,,6,5,4,0.2,0.224,63.2
628,تجر,,9,1,7,1.5,0.223,63.1
629,حرج,,15,2,9,0.5,0.221,63.1
630,قدس,,10,5,7,0.1,0.220,63.0
631,خطب,,12,6,11,0.0,0.220,63.0
632,زعم,,17,4,10,0.2,0.216,62.9
633,سرح,,7,5,3,0.2,0.214,62.8
634,لقم,,3,2,2,0.7,0.211,62.8
635,صدی,,2,2,2,0.9,0.211,62.7
636,بکر,,12,4,11,0.1,0.210,62.7
637,کلل,,377,4,74,-0.2,0.209,62.6
638,طمع,,12,5,10,0.1,0.207,62.6
639,علن,,16,5,12,0.0,0.206,62.5
640,زول,,4,3,2,0.5,0.205,62.4
641,طوی,,5,4,4,0.3,0.203,62.4
642,عنب,,11,4,10,0.2,0.202,62.3
643,نمل,,4,3,2,0.4,0.202,62.3
644,خزن,,13,3,11,0.3,0.201,62.2
645,کنن,,12,5,11,0.0,0.198,62.1
646,نشز,,5,4,3,0.3,0.197,62.1
647,خلو,,28,5,18,0.0,0.195,62.0
648,نکل,,5,4,5,0.3,0.192,62.0
649,حدق,,3,1,3,1.3,0.188,61.9
650,بسط,,25,8,15,-0.1,0.188,61.8
651,نحس,,3,3,3,0.4,0.187,61.8
652,حرک,,1,1,1,1.8,0.187,61.7
653,نصح,,13,6,6,0.0,0.187,61.7
654,حرق,,9,4,8,0.2,0.186,61.6
655,وزع,,5,2,3,0.5,0.185,61.6
656,قری,,57,4,26,-0.0,0.183,61.5
657,سرب,,4,4,4,0.3,0.182,61.4
658,طمس,,5,3,5,0.3,0.181,61.4
659,سرج,,4,1,4,0.7,0.180,61.3
660,صخخ,,1,1,1,1.6,0.179,61.3
661,رجو,,26,9,19,-0.1,0.178,61.2
662,سری,,8,4,8,0.2,0.177,61.1
663,فخر,,6,4,5,0.2,0.177,61.1
664,ودی,,12,4,11,0.1,0.176,61.0
665,وجل,,5,4,4,0.2,0.175,61.0
666,صیر,,29,3,22,0.1,0.174,60.9
667,سکر,,7,4,5,0.1,0.170,60.8
668,عسی,,30,2,16,0.2,0.170,60.8
669,صخر,,3,2,3,0.6,0.164,60.7
670,ردف,,3,3,3,0.4,0.159,60.7
671,نمرق,,1,1,1,2.7,0.159,60.6
672,غبر,,8,2,7,0.3,0.155,60.6
673,غوث,,4,4,4,0.2,0.153,60.5
674,جهنم,,77,1,39,0.4,0.152,60.4
675,وطء,,6,5,4,0.1,0.152,60.4
676,کعب,,4,3,2,0.3,0.151,60.3
677,حبط,,16,4,12,0.0,0.150,60.3
678,عشو,,14,5,11,-0.0,0.149,60.2
679,شءن,,4,1,4,0.7,0.149,60.1
680,نوق,,7,1,6,1.3,0.147,60.1
681,سوط,,1,1,1,1.2,0.144,60.0
682,جزع,,2,2,2,0.7,0.143,60.0
683,خسف,,8,3,7,0.2,0.139,59.9
684,قذف,,9,4,6,0.1,0.139,59.8
685,ءشر,,2,1,1,1.3,0.138,59.8
686,سند,,1,1,1,1.2,0.134,59.7
687,قصد,,6,5,5,0.1,0.132,59.7
688,صرصر,,3,2,3,0.5,0.132,59.6
689,حفر,,2,2,2,0.6,0.126,59.6
690,فوت,,5,3,5,0.3,0.126,59.5
691,غبن,,1,1,1,1.2,0.126,59.4
692,نفع,,50,6,31,-0.2,0.125,59.4
693,وفق,,4,4,3,0.1,0.120,59.3
694,دحو,,1,1,1,1.1,0.120,59.3
695,شیب,,3,2,3,0.5,0.117,59.2
696,نصف,,7,1,3,1.3,0.116,59.1
697,جدل,,29,6,16,-0.1,0.115,59.1
698,سنم,,1,1,1,1.1,0.115,59.0
699,کرر,,6,2,6,0.2,0.114,59.0
700,شرق,,17,7,13,-0.1,0.113,58.9
701,وءد,,1,1,1,2.7,0.111,58.8
702,صرخ,,5,5,4,0.1,0.111,58.8
703,رحق,,1,1,1,1.1,0.110,58.7
704,بور,,5,4,4,0.1,0.109,58.7
705,صوب,,77,12,27,-0.3,0.109,58.6
706,عتد,,16,2,10,0.3,0.106,58.6
707,صفر,,5,3,5,0.1,0.103,58.5
708,قمص,,6,1,1,1.1,0.103,58.4
709,وهن,,9,5,7,-0.0,0.102,58.4
710,وسم,,2,2,2,0.4,0.101,58.3
711,نقذ,,5,4,4,0.1,0.100,58.3
712,نطف,,12,1,11,0.8,0.097,58.2
713,مقت,,6,2,4,0.4,0.097,58.1
714,زبن,,1,1,1,3.3,0.096,58.1
715,کبد,,1,1,1,3.1,0.095,58.0
716,طول,,10,5,10,-0.1,0.095,58.0
717,طفف,,1,1,1,1.1,0.095,57.9
718,خبث,,16,7,9,-0.1,0.090,57.8
719,نوم,,9,3,9,0.0,0.090,57.8
720,لون,,9,2,5,0.3,0.088,57.7
721,مطر,,15,4,9,-0.0,0.088,57.7
722,وصف,,14,3,7,0.1,0.088,57.6
723,سبب,,11,5,6,-0.0,0.086,57.6
724,ءجج,,7,4,5,0.0,0.086,57.5
725,خشب,,1,1,1,1.0,0.086,57.4
726,عوق,,2,2,2,0.5,0.085,57.4
727,لحق,,6,2,6,0.2,0.080,57.3
728,طمم,,1,1,1,1.0,0.079,57.3
729,جسم,,2,2,2,0.5,0.078,57.2
730,شوی,,2,2,2,0.5,0.076,57.1
731,حقب,,2,2,2,0.4,0.076,57.1
732,مهن,,4,1,4,1.0,0.072,57.0
733,سمر,,4,2,2,0.3,0.071,57.0
734,زمل,,1,1,1,0.8,0.069,56.9
735,ربع,,22,6,11,-0.2,0.068,56.8
736,جلل,,2,1,1,1.3,0.067,56.8
737,حشر,,43,8,28,-0.2,0.066,56.7
738,مسح,,15,3,5,0.0,0.066,56.7
739,ضغن,,2,1,1,0.9,0.065,56.6
740,فرت,,3,2,3,0.3,0.063,56.6
741,عتل,,2,2,2,0.5,0.061,56.5
742,یمم,,11,2,7,0.1,0.061,56.4
743,غضض,,4,3,3,0.2,0.061,56.4
744,عجم,,4,3,3,0.1,0.060,56.3
745,لوی,,5,4,3,0.0,0.057,56.3
746,عدن,,11,1,11,0.4,0.056,56.2
747,سمم,,4,2,4,0.2,0.056,56.1
748,خضر,,8,4,7,-0.0,0.055,56.1
749,سور,,17,5,13,-0.1,0.050,56.0
750,کفت,,1,1,1,1.5,0.050,56.0
751,شجر,,27,2,19,-0.0,0.048,55.9
752,ضیف,,6,2,5,0.3,0.046,55.8
753,ریم,,34,1,12,1.1,0.044,55.8
754,غسل,,4,4,4,-0.0,0.044,55.7
755,ثوی,,14,4,10,-0.1,0.044,55.7
756,خمس,,8,4,7,-0.0,0.044,55.6
757,رصص,,1,1,1,0.8,0.042,55.6
758,شحح,,5,2,4,0.1,0.042,55.5
759,سیح,,3,3,2,0.1,0.041,55.4
760,غطش,,1,1,1,0.9,0.040,55.4
761,شطط,,3,2,3,0.2,0.039,55.3
762,میل,,6,5,1,0.1,0.038,55.3
763,سندس,,3,1,3,0.4,0.036,55.2
764,شرع,,5,4,4,-0.0,0.035,55.1
765,حجب,,8,3,8,0.0,0.034,55.1
766,وصل,,12,5,7,-0.1,0.034,55.0
767,سدد,,6,3,4,0.0,0.028,55.0
768,دثر,,1,1,1,0.7,0.028,54.9
769,زنم,,1,1,1,0.7,0.023,54.9
770,کلب,,6,2,3,0.1,0.021,54.8
771,جمم,,1,1,1,1.3,0.021,54.7
772,کبب,,2,2,2,0.2,0.019,54.7
773,زلق,,2,2,2,0.2,0.017,54.6
774,زمهر,,1,1,1,0.6,0.014,54.6
775,سءم,,3,2,2,0.2,0.014,54.5
776,دهر,,2,1,2,0.5,0.013,54.4
777,وحش,,1,1,1,2.4,0.010,54.4
778,غرب,,19,11,13,-0.2,0.010,54.3
779,غدق,,1,1,1,0.7,0.009,54.3
780,عزو,,1,1,1,0.7,0.008,54.2
781,لجج,,4,3,4,0.0,0.007,54.1
782,نکس,,3,3,3,0.1,0.007,54.1
783,جدث,,3,1,3,0.7,0.004,54.0
784,صعد,,9,5,8,-0.1,0.004,54.0
785,ءدم,,25,1,9,0.1,0.002,53.9
786,ذمم,,5,3,3,0.0,-0.001,53.9
787,صغو,,2,2,2,0.3,-0.001,53.8
788,دفع,,10,4,8,-0.1,-0.002,53.7
789,شفع,,31,6,19,-0.2,-0.002,53.7
790,بذر,,3,3,1,0.3,-0.003,53.6
791,ترف,,8,4,7,-0.1,-0.005,53.6
792,زبر,,11,4,10,-0.1,-0.006,53.5
793,جور,,13,9,10,-0.2,-0.007,53.4
794,ترق,,1,1,1,1.6,-0.009,53.4
795,فجج,,3,2,3,0.2,-0.011,53.3
796,زنجبل,,1,1,1,0.6,-0.011,53.3
797,حجز,,2,2,2,0.3,-0.011,53.2
798,برم,,2,2,1,0.4,-0.011,53.1
799,سهر,,1,1,1,1.1,-0.011,53.1
800,غصص,,1,1,1,0.7,-0.011,53.0
801,نزع,,20,9,16,-0.2,-0.012,53.0
802,جهز,,4,2,1,0.3,-0.012,52.9
803,ءلس,,3,2,2,0.1,-0.013,52.9
804,صید,,6,2,1,0.3,-0.013,52.8
805,زقم,,3,1,3,0.3,-0.014,52.7
806,حصب,,5,2,5,0.1,-0.014,52.7
807,کثب,,1,1,1,1.1,-0.016,52.6
808,حرث,,14,2,7,0.0,-0.018,52.6
809,حلی,,9,4,8,-0.1,-0.019,52.5
810,نکب,,2,2,2,0.3,-0.020,52.4
811,رحب,,4,2,2,0.1,-0.023,52.4
812,مءی,,10,2,5,0.1,-0.025,52.3
813,رکم,,3,3,3,0.0,-0.025,52.3
814,هزء,,34,9,21,-0.3,-0.026,52.2
815,ءبد,,28,1,15,0.8,-0.026,52.1
816,ءمد,,4,2,4,0.0,-0.027,52.1
817,جثو,,3,2,2,0.2,-0.029,52.0
818,نقص,,10,6,9,-0.2,-0.031,52.0
819,سمک,,1,1,1,1.1,-0.033,51.9
820,هیم,,2,2,2,0.1,-0.034,51.9
821,عتب,,5,2,4,0.1,-0.037,51.8
822,قطف,,2,1,2,0.6,-0.039,51.7
823,حری,,1,1,1,0.7,-0.043,51.7
824,وثن,,3,2,2,0.1,-0.044,51.6
825,نکث,,7,3,5,-0.1,-0.045,51.6
826,میز,,4,3,4,-0.0,-0.046,51.5
827,قبض,,9,5,6,-0.2,-0.046,51.4
828,مطو,,1,1,1,1.2,-0.047,51.4
829,برز,,9,3,8,-0.1,-0.053,51.3
830,عصو,,12,2,6,-0.0,-0.053,51.3
831,عبر,,9,4,8,-0.1,-0.054,51.2
832,سقم,,2,1,1,0.3,-0.054,51.1
833,هنء,,4,1,4,0.8,-0.057,51.1
834,شمخ,,1,1,1,0.7,-0.060,51.0
835,عیس,,25,1,11,0.1,-0.061,51.0
836,شیع,,12,5,9,-0.2,-0.063,50.9
837,غمر,,4,2,3,0.1,-0.064,50.9
838,ءصل,,10,4,10,-0.2,-0.065,50.8
839,نضد,,3,2,3,0.1,-0.068,50.7
840,دوم,,9,4,6,-0.1,-0.068,50.7
841,قفو,,5,2,4,0.0,-0.069,50.6
842,ءزز,,2,2,1,0.4,-0.069,50.6
843,سلسبل,,1,1,1,0.5,-0.071,50.5
844,ستت,,8,2,8,-0.1,-0.072,50.4
845,فءی,,11,3,6,-0.1,-0.073,50.4
846,عیی,,2,2,2,0.1,-0.074,50.3
847,حید,,1,1,1,0.6,-0.076,50.3
848,شهق,,2,2,2,0.2,-0.076,50.2
849,خضد,,1,1,1,0.5,-0.077,50.1
850,حنث,,2,2,2,0.2,-0.077,50.1
851,تحت,,51,1,30,0.2,-0.078,50.0
852,صبع,,2,1,2,0.3,-0.079,50.0
853,سقف,,4,2,4,-0.0,-0.081,49.9
854,رمم,,2,1,2,0.2,-0.083,49.9
855,ءسو,,3,1,2,1.3,-0.084,49.8
856,نفد,,5,4,4,-0.1,-0.088,49.7
857,بلس,,16,4,13,-0.2,-0.089,49.7
858,محن,,2,1,2,0.5,-0.090,49.6
859,مرض,,24,5,13,-0.2,-0.091,49.6
860,کدر,,1,1,1,1.8,-0.092,49.5
861,صرع,,1,1,1,0.5,-0.094,49.4
862,صنو,,2,1,1,0.4,-0.095,49.4
863,دهق,,1,1,1,0.7,-0.095,49.3
864,متن,,3,1,3,0.4,-0.096,49.3
865,عری,,3,2,3,0.1,-0.096,49.2
866,غور,,4,3,3,-0.1,-0.096,49.1
867,عهد,,46,4,17,-0.2,-0.096,49.1
868,فزز,,3,2,1,0.1,-0.098,49.0
869,هطع,,3,1,3,0.7,-0.099,49.0
870,رکض,,3,3,2,-0.0,-0.100,48.9
871,هزم,,3,3,3,-0.1,-0.103,48.9
872,نسک,,7,4,3,-0.2,-0.103,48.8
873,بنن,,2,1,2,0.6,-0.107,48.7
874,سلل,,3,2,3,0.0,-0.107,48.7
875,جدر,,4,4,3,-0.1,-0.110,48.6
876,قسور,,1,1,1,0.6,-0.112,48.6
877,هشم,,2,2,2,0.0,-0.112,48.5
878,سبغ,,2,2,2,0.0,-0.116,48.4
879,فنی,,1,1,1,0.5,-0.120,48.4
880,مسس,,61,7,29,-0.3,-0.122,48.3
881,نمم,,1,1,1,1.3,-0.122,48.3
882,ضیز,,1,1,1,0.4,-0.123,48.2
883,خرطم,,1,1,1,0.4,-0.124,48.1
884,درر,,4,2,4,0.0,-0.124,48.1
885,کنس,,1,1,1,3.0,-0.125,48.0
886,ذبب,,2,2,1,0.0,-0.126,48.0
887,حوت,,5,2,4,-0.0,-0.130,47.9
888,طفء,,3,2,3,0.0,-0.130,47.9
889,وهج,,1,1,1,1.7,-0.132,47.8
890,حنف,,12,2,9,-0.1,-0.134,47.7
891,صکک,,1,1,1,0.4,-0.136,47.7
892,حین,,35,1,23,-0.1,-0.136,47.6
893,برزخ,,3,2,3,-0.0,-0.136,47.6
894,حرس,,1,1,1,0.5,-0.137,47.5
895,رکن,,4,2,3,-0.1,-0.137,47.4
896,جنح,,34,5,14,-0.3,-0.138,47.4
897,عور,,4,2,2,0.0,-0.138,47.3
898,عبقر,,1,1,1,0.3,-0.138,47.3
899,لیت,,1,1,1,0.6,-0.139,47.2
900,رقق,,1,1,1,0.4,-0.143,47.1
901,لذذ,,3,2,3,-0.0,-0.146,47.1
902,طمءن,,13,7,11,-0.3,-0.146,47.0
903,قوب,,1,1,1,0.5,-0.149,47.0
904,ربو,,20,10,12,-0.3,-0.149,46.9
905,شهو,,13,5,13,-0.2,-0.150,46.9
906,شکو,,3,3,3,-0.1,-0.151,46.8
907,ملو,,10,5,8,-0.2,-0.151,46.7
908,روض,,2,2,2,-0.1,-0.152,46.7
909,لمس,,5,3,5,-0.1,-0.154,46.6
910,نسر,,1,1,1,0.9,-0.155,46.6
911,حسم,,1,1,1,0.5,-0.156,46.5
912,حرد,,1,1,1,0.5,-0.157,46.4
913,ثجج,,1,1,1,0.7,-0.158,46.4
914,خیم,,1,1,1,0.3,-0.158,46.3
915,نسل,,4,2,4,-0.1,-0.159,46.3
916,زرب,,1,1,1,2.6,-0.159,46.2
917,دسر,,1,1,1,0.3,-0.159,46.1
918,خفت,,3,2,3,0.0,-0.161,46.1
919,دخن,,2,1,2,0.2,-0.162,46.0
920,قطر,,5,4,5,-0.2,-0.163,46.0
921,رفق,,5,4,3,-0.2,-0.164,45.9
922,جنی,,2,2,2,0.0,-0.165,45.9
923,قمطر,,1,1,1,0.5,-0.168,45.8
924,کسف,,5,1,5,-0.1,-0.168,45.7
925,جذع,,3,2,2,0.0,-0.169,45.7
926,حظر,,2,2,2,0.0,-0.170,45.6
927,لقب,,1,1,1,0.6,-0.171,45.6
928,برک,,32,7,22,-0.3,-0.173,45.5
929,رسس,,2,1,2,0.1,-0.174,45.4
930,جرز,,2,2,2,0.0,-0.174,45.4
931,نقب,,3,3,3,-0.1,-0.176,45.3
932,منو,,1,1,1,0.7,-0.176,45.3
933,فزع,,6,1,4,0.1,-0.177,45.2
934,رفرف,,1,1,1,0.3,-0.177,45.1
935,نخر,,1,1,1,0.8,-0.180,45.1
936,بهج,,3,2,3,-0.0,-0.180,45.0
937,حیص,,5,2,5,-0.1,-0.181,45.0
938,عمم,,5,3,3,-0.2,-0.182,44.9
939,عنکب,,2,1,1,0.3,-0.182,44.9
940,خفض,,4,2,4,-0.1,-0.184,44.8
941,مشج,,1,1,1,0.6,-0.186,44.7
942,هیمن,,2,2,2,-0.1,-0.188,44.7
943,صبو,,3,2,2,-0.0,-0.192,44.6
944,هود,,30,6,12,-0.3,-0.192,44.6
945,طلح,,1,1,1,0.2,-0.194,44.5
946,بول,,4,1,3,0.3,-0.195,44.4
947,قعر,,1,1,1,0.4,-0.199,44.4
948,فور,,4,3,4,-0.2,-0.199,44.3
949,رجز,,10,2,7,-0.2,-0.199,44.3
950,بعل,,7,3,5,-0.2,-0.200,44.2
951,غلل,,16,7,12,-0.3,-0.202,44.2
952,غیث,,6,3,5,-0.2,-0.204,44.1
953,جءر,,3,2,2,-0.0,-0.206,44.0
954,ثخن,,2,2,2,-0.0,-0.208,44.0
955,حیث,,31,2,14,-0.2,-0.209,43.9
956,دهی,,1,1,1,0.4,-0.213,43.9
957,سحب,,11,3,10,-0.2,-0.215,43.8
958,دلو,,5,5,4,-0.2,-0.216,43.7
959,زمر,,2,1,1,0.1,-0.218,43.7
960,ذءب,,3,1,1,0.1,-0.220,43.6
961,سفن,,4,1,2,0.0,-0.221,43.6
962,فرد,,5,2,4,-0.1,-0.223,43.5
963,طفل,,4,3,3,-0.2,-0.224,43.4
964,حلقم,,1,1,1,0.3,-0.225,43.4
965,کهن,,2,1,2,1.1,-0.227,43.3
966,مضی,,5,5,5,-0.2,-0.228,43.3
967,تبع,,174,13,52,-0.5,-0.228,43.2
968,فرح,,22,5,13,-0.3,-0.228,43.2
969,کهف,,6,1,1,1.4,-0.230,43.1
970,ءبب,,1,1,1,2.2,-0.231,43.0
971,لبن,,2,2,2,-0.1,-0.234,43.0
972,عسل,,1,1,1,0.2,-0.234,42.9
973,جفو,,1,1,1,0.4,-0.234,42.9
974,شطء,,2,2,2,-0.1,-0.236,42.8
975,خرص,,5,3,4,-0.2,-0.237,42.7
976,ءمل,,2,2,2,-0.2,-0.238,42.7
977,خطف,,7,6,6,-0.3,-0.239,42.6
978,شکک,,15,1,11,-0.1,-0.242,42.6
979,شغل,,2,1,2,0.0,-0.243,42.5
980,هلع,,1,1,1,1.0,-0.243,42.4
981,عیر,,3,1,1,0.1,-0.243,42.4
982,قیض,,2,2,2,-0.1,-0.243,42.3
983,سنبل,,5,4,2,-0.2,-0.243,42.3
984,برهم,,69,1,25,0.0,-0.245,42.2
985,دهم,,1,1,1,0.3,-0.248,42.2
986,قنی,,1,1,1,0.3,-0.249,42.1
987,خرب,,2,2,2,-0.1,-0.249,42.0
988,لبس,,23,6,13,-0.3,-0.250,42.0
989,دول,,2,2,2,-0.1,-0.251,41.9
990,ءفل,,4,2,1,-0.0,-0.253,41.9
991,دمر,,10,3,8,-0.2,-0.253,41.8
992,شطن,,88,5,36,-0.3,-0.257,41.7
993,شوظ,,1,1,1,0.3,-0.258,41.7
994,خبت,,3,3,2,-0.2,-0.260,41.6
995,نبز,,1,1,1,0.5,-0.260,41.6
996,صعر,,1,1,1,0.2,-0.261,41.5
997,لفظ,,1,1,1,0.4,-0.261,41.4
998,لین,,5,5,5,-0.3,-0.263,41.4
999,جلس,,1,1,1,0.4,-0.267,41.3
1000,قوس,,1,1,1,0.3,-0.268,41.3
1001,حبک,,1,1,1,0.3,-0.270,41.2
1002,سرمد,,2,1,1,-0.0,-0.272,41.2
1003,خمد,,2,2,2,-0.1,-0.280,41.1
1004,ءثل,,1,1,1,-0.0,-0.283,41.0
1005,ختر,,1,1,1,0.1,-0.285,41.0
1006,ذقن,,3,1,2,-0.1,-0.285,40.9
1007,غدر,,2,2,1,-0.1,-0.285,40.9
1008,خسء,,4,3,4,-0.2,-0.286,40.8
1009,لغب,,2,1,2,0.1,-0.287,40.7
1010,سمد,,1,1,1,0.3,-0.288,40.7
1011,ردد,,59,17,30,-0.5,-0.289,40.6
1012,حوذ,,2,2,2,-0.1,-0.291,40.6
1013,ءلت,,1,1,1,0.4,-0.292,40.5
1014,عضو,,1,1,1,0.1,-0.293,40.4
1015,فنن,,1,1,1,0.2,-0.295,40.4
1016,بطن,,25,6,18,-0.3,-0.296,40.3
1017,صدف,,5,3,2,-0.2,-0.297,40.3
1018,سعد,,2,2,1,-0.2,-0.298,40.2
1019,رمن,,3,1,2,-0.1,-0.299,40.2
1020,مضغ,,3,1,2,0.1,-0.299,40.1
1021,نزغ,,6,2,4,-0.2,-0.301,40.0
1022,غوص,,2,2,2,-0.1,-0.307,40.0
1023,رقد,,2,2,2,-0.2,-0.308,39.9
1024,نزف,,2,1,2,0.2,-0.308,39.9
1025,همن,,6,1,3,0.2,-0.311,39.8
1026,محو,,3,3,3,-0.2,-0.312,39.7
1027,قفل,,1,1,1,0.2,-0.313,39.7
1028,عتق,,2,1,1,0.0,-0.313,39.6
1029,لحد,,6,3,6,-0.2,-0.316,39.6
1030,صرح,,4,2,3,-0.2,-0.316,39.5
1031,فضح,,1,1,1,0.1,-0.319,39.4
1032,ءنف,,3,2,2,-0.2,-0.320,39.4
1033,بغی,,96,24,41,-0.6,-0.322,39.3
1034,حفو,,3,3,3,-0.2,-0.323,39.3
1035,شخص,,2,2,2,-0.2,-0.324,39.2
1036,سکب,,1,1,1,0.2,-0.325,39.2
1037,ءرم,,1,1,1,1.6,-0.334,39.1
1038,رفت,,2,1,1,-0.1,-0.334,39.0
1039,عرر,,2,2,2,-0.1,-0.337,39.0
1040,صفد,,2,1,2,-0.1,-0.340,38.9
1041,رین,,1,1,1,0.9,-0.342,38.9
1042,لمح,,2,1,2,0.0,-0.342,38.8
1043,قبس,,3,2,3,-0.2,-0.343,38.7
1044,غطو,,2,1,2,0.0,-0.343,38.7
1045,جبر,,10,3,9,-0.3,-0.343,38.6
1046,کدی,,1,1,1,0.7,-0.344,38.6
1047,وهی,,1,1,1,0.8,-0.346,38.5
1048,جرد,,2,1,2,0.0,-0.347,38.4
1049,عشر,,27,10,19,-0.4,-0.348,38.4
1050,وفض,,1,1,1,0.9,-0.350,38.3
1051,مزن,,1,1,1,0.2,-0.351,38.3
1052,جسس,,1,1,1,0.2,-0.351,38.2
1053,نفل,,4,2,3,-0.2,-0.351,38.2
1054,وصب,,2,2,2,-0.2,-0.353,38.1
1055,طلب,,4,4,3,-0.3,-0.353,38.0
1056,رءف,,13,2,8,-0.3,-0.355,38.0
1057,جحد,,12,2,10,-0.2,-0.356,37.9
1058,أله,,3,3,3,-0.2,-0.356,37.9
1059,سول,,4,1,3,-0.2,-0.358,37.8
1060,وبق,,2,2,2,-0.2,-0.359,37.7
1061,سوغ,,3,3,3,-0.2,-0.360,37.7
1062,یقت,,1,1,1,0.2,-0.361,37.6
1063,لحن,,1,1,1,0.1,-0.361,37.6
1064,سربل,,3,1,2,-0.2,-0.362,37.5
1065,کظم,,6,3,6,-0.3,-0.363,37.4
1066,خوی,,5,1,5,-0.2,-0.363,37.4
1067,شرط,,1,1,1,0.1,-0.368,37.3
1068,سهم,,1,1,1,-0.0,-0.370,37.3
1069,صفن,,1,1,1,0.0,-0.373,37.2
1070,نسب,,3,2,3,-0.2,-0.374,37.2
1071,صنع,,20,8,14,-0.4,-0.374,37.1
1072,رفد,,2,2,1,-0.2,-0.375,37.0
1073,رخو,,1,1,1,-0.0,-0.377,37.0
1074,قمح,,1,1,1,0.1,-0.377,36.9
1075,حقف,,1,1,1,0.0,-0.379,36.9
1076,خردل,,2,1,2,-0.1,-0.381,36.8
1077,خمط,,1,1,1,-0.1,-0.381,36.7
1078,قطط,,1,1,1,0.0,-0.386,36.7
1079,عرم,,1,1,1,-0.1,-0.387,36.6
1080,ءید,,10,3,8,-0.3,-0.390,36.6
1081,سرد,,1,1,1,-0.1,-0.396,36.5
1082,مرح,,3,2,3,-0.2,-0.402,36.4
1083,بخس,,7,4,6,-0.3,-0.407,36.4
1084,هبو,,2,1,2,0.1,-0.408,36.3
1085,هیل,,1,1,1,0.5,-0.408,36.3
1086,قنع,,2,2,2,-0.2,-0.408,36.2
1087,هجع,,1,1,1,0.4,-0.409,36.2
1088,لقح,,1,1,1,0.1,-0.409,36.1
1089,شحن,,3,1,3,-0.2,-0.410,36.0
1090,سبء,,2,1,2,-0.2,-0.416,36.0
1091,ذرء,,6,2,6,-0.3,-0.417,35.9
1092,فقد,,3,2,2,-0.2,-0.421,35.9
1093,روغ,,3,1,2,0.5,-0.423,35.8
1094,رمد,,1,1,1,-0.1,-0.424,35.7
1095,هرب,,1,1,1,0.3,-0.424,35.7
1096,حوج,,3,1,3,-0.1,-0.425,35.6
1097,غرق,,23,8,18,-0.4,-0.428,35.6
1098,سوح,,1,1,1,-0.1,-0.431,35.5
1099,شکل,,2,2,2,-0.2,-0.431,35.4
1100,ضدد,,1,1,1,-0.1,-0.437,35.4
1101,سلط,,39,4,27,-0.4,-0.438,35.3
1102,سلح,,4,1,1,-0.2,-0.438,35.3
1103,معی,,1,1,1,0.1,-0.439,35.2
1104,عبء,,1,1,1,-0.1,-0.439,35.2
1105,جزء,,3,2,3,-0.2,-0.442,35.1
1106,خصص,,4,3,4,-0.3,-0.442,35.0
1107,کفل,,10,5,8,-0.4,-0.443,35.0
1108,خول,,7,3,5,-0.3,-0.446,34.9
1109,عجف,,2,1,1,-0.1,-0.447,34.9
1110,حلق,,2,2,2,-0.2,-0.448,34.8
1111,قطمر,,1,1,1,-0.0,-0.449,34.7
1112,ظفر,,2,2,2,-0.2,-0.453,34.7
1113,لحم,,12,3,10,-0.3,-0.453,34.6
1114,فسر,,1,1,1,-0.1,-0.455,34.6
1115,فرع,,1,1,1,-0.1,-0.456,34.5
1116,ءمس,,4,1,2,0.1,-0.457,34.5
1117,ءیک,,4,1,4,0.0,-0.458,34.4
1118,طین,,12,2,11,-0.3,-0.460,34.3
1119,رهط,,3,1,2,-0.2,-0.460,34.3
1120,سبت,,9,3,6,-0.3,-0.461,34.2
1121,نضخ,,1,1,1,0.2,-0.461,34.2
1122,لفت,,3,2,3,-0.3,-0.462,34.1
1123,طبع,,11,3,9,-0.3,-0.464,34.0
1124,غول,,1,1,1,-0.1,-0.469,34.0
1125,زفف,,1,1,1,-0.1,-0.470,33.9
1126,ثمن,,19,6,13,-0.4,-0.471,33.9
1127,جرح,,4,4,3,-0.3,-0.472,33.8
1128,عوم,,9,3,5,-0.3,-0.473,33.7
1129,فلن,,1,1,1,-0.1,-0.477,33.7
1130,ملح,,2,1,2,-0.1,-0.478,33.6
1131,هیه,,2,1,1,0.1,-0.478,33.6
1132,کود,,24,6,19,-0.4,-0.481,33.5
1133,لجء,,3,2,2,-0.3,-0.483,33.5
1134,ءنم,,1,1,1,0.2,-0.483,33.4
1135,سدس,,5,2,3,-0.3,-0.486,33.3
1136,ضجع,,3,1,3,-0.2,-0.487,33.3
1137,ءفف,,3,1,3,-0.2,-0.487,33.2
1138,حسر,,12,5,12,-0.4,-0.488,33.2
1139,وتن,,1,1,1,0.4,-0.489,33.1
1140,دحض,,4,3,4,-0.3,-0.491,33.0
1141,ذعن,,1,1,1,-0.2,-0.491,33.0
1142,بدع,,4,3,4,-0.3,-0.493,32.9
1143,شوب,,1,1,1,-0.1,-0.493,32.9
1144,ربط,,5,4,4,-0.4,-0.493,32.8
1145,زهق,,5,4,3,-0.3,-0.495,32.7
1146,خبء,,1,1,1,-0.1,-0.495,32.7
1147,صیص,,1,1,1,-0.1,-0.496,32.6
1148,لطف,,8,3,8,-0.3,-0.496,32.6
1149,حوش,,2,1,1,-0.1,-0.498,32.5
1150,غیض,,2,2,2,-0.2,-0.498,32.5
1151,نکص,,2,2,2,-0.2,-0.499,32.4
1152,نسء,,2,2,2,-0.2,-0.499,32.3
1153,فشل,,4,2,2,-0.3,-0.499,32.3
1154,رتق,,1,1,1,-0.2,-0.504,32.2
1155,همر,,1,1,1,0.3,-0.505,32.2
1156,صهر,,2,2,2,-0.2,-0.506,32.1
1157,لزب,,1,1,1,-0.1,-0.508,32.0
1158,ذود,,1,1,1,-0.2,-0.509,32.0
1159,تعس,,1,1,1,0.1,-0.509,31.9
1160,ندم,,7,2,6,-0.3,-0.512,31.9
1161,شعل,,1,1,1,-0.1,-0.513,31.8
1162,درس,,8,5,7,-0.4,-0.513,31.7
1163,خطط,,1,1,1,-0.1,-0.513,31.7
1164,سحت,,4,2,2,-0.3,-0.514,31.6
1165,نسخ,,4,4,4,-0.4,-0.515,31.6
1166,قطن,,1,1,1,-0.1,-0.515,31.5
1167,ءزر,,3,2,3,-0.3,-0.515,31.5
1168,مسخ,,1,1,1,-0.0,-0.515,31.4
1169,ولت,,1,1,1,0.4,-0.516,31.3
1170,مکک,,1,1,1,0.0,-0.517,31.3
1171,سحل,,1,1,1,-0.2,-0.520,31.2
1172,غرف,,7,5,5,-0.4,-0.520,31.2
1173,کمم,,2,1,2,0.2,-0.521,31.1
1174,بسق,,1,1,1,0.2,-0.522,31.0
1175,دءب,,6,3,5,-0.3,-0.522,31.0
1176,عمق,,1,1,1,-0.2,-0.523,30.9
1177,حسس,,6,4,4,-0.4,-0.524,30.9
1178,بغض,,5,1,3,-0.1,-0.524,30.8
1179,وقف,,4,3,3,-0.3,-0.524,30.7
1180,جفن,,1,1,1,-0.1,-0.531,30.7
1181,سقط,,8,6,8,-0.4,-0.531,30.6
1182,فکر,,18,3,13,-0.4,-0.531,30.6
1183,قوع,,2,2,2,-0.3,-0.532,30.5
1184,عزل,,10,6,8,-0.4,-0.533,30.5
1185,ستر,,3,3,3,-0.3,-0.533,30.4
1186,حتم,,1,1,1,-0.1,-0.534,30.3
1187,لزم,,5,3,5,-0.3,-0.534,30.3
1188,رهو,,1,1,1,0.5,-0.534,30.2
1189,طرو,,2,1,2,-0.2,-0.538,30.2
1190,خرر,,12,3,10,-0.4,-0.538,30.1
1191,محل,,1,1,1,-0.1,-0.540,30.0
1192,عبث,,2,2,2,-0.2,-0.540,30.0
1193,فتق,,1,1,1,-0.2,-0.541,29.9
1194,هزز,,5,3,5,-0.4,-0.542,29.9
1195,مسو,,1,1,1,-0.1,-0.543,29.8
1196,فدی,,13,8,10,-0.5,-0.547,29.7
1197,سلب,,1,1,1,-0.2,-0.548,29.7
1198,فقر,,14,5,11,-0.4,-0.548,29.6
1199,لبب,,16,1,10,-0.2,-0.548,29.6
1200,کرب,,4,1,3,-0.0,-0.549,29.5
1201,طود,,1,1,1,-0.2,-0.549,29.5
1202,ذهل,,1,1,1,-0.2,-0.549,29.4
1203,زفر,,3,2,3,-0.3,-0.550,29.3
1204,قصو,,4,3,4,-0.3,-0.550,29.3
1205,نکر,,37,10,26,-0.6,-0.553,29.2
1206,بطر,,2,2,2,-0.3,-0.555,29.2
1207,هضم,,2,2,2,-0.3,-0.556,29.1
1208,ضغث,,3,2,3,-0.3,-0.557,29.0
1209,قصی,,1,1,1,-0.1,-0.557,29.0
1210,فهم,,1,1,1,-0.2,-0.558,28.9
1211,دحر,,4,2,3,-0.3,-0.558,28.9
1212,لفح,,1,1,1,-0.1,-0.558,28.8
1213,نحت,,4,2,4,-0.3,-0.559,28.7
1214,ضیر,,1,1,1,-0.2,-0.560,28.7
1215,یبس,,4,3,3,-0.3,-0.561,28.6
1216,حیف,,1,1,1,-0.2,-0.562,28.6
1217,جبن,,1,1,1,-0.1,-0.562,28.5
1218,قصم,,1,1,1,-0.2,-0.566,28.5
1219,جرع,,1,1,1,-0.1,-0.566,28.4
1220,هیج,,2,1,2,-0.1,-0.570,28.3
1221,ضمر,,1,1,1,-0.2,-0.570,28.3
1222,جبب,,2,1,1,-0.1,-0.572,28.2
1223,شکس,,1,1,1,-0.2,-0.572,28.2
1224,فوض,,1,1,1,-0.2,-0.574,28.1
1225,بهم,,3,1,2,-0.2,-0.574,28.0
1226,وسع,,32,7,15,-0.5,-0.575,28.0
1227,وجس,,3,1,3,-0.1,-0.576,27.9
1228,عمی,,33,10,22,-0.6,-0.580,27.9
1229,ءرب,,2,2,2,-0.3,-0.582,27.8
1230,زهد,,1,1,1,-0.2,-0.582,27.7
1231,لدد,,2,2,2,-0.3,-0.583,27.7
1232,حدب,,1,1,1,-0.2,-0.583,27.6
1233,عنی,,1,1,1,-0.2,-0.584,27.6
1234,عیب,,1,1,1,-0.2,-0.585,27.5
1235,وضن,,1,1,1,0.3,-0.585,27.5
1236,موج,,7,2,5,-0.3,-0.586,27.4
1237,فتر,,3,2,3,-0.3,-0.587,27.3
1238,یسع,,2,1,2,-0.3,-0.588,27.3
1239,دلک,,1,1,1,-0.2,-0.589,27.2
1240,شمءز,,1,1,1,-0.2,-0.590,27.2
1241,شرد,,1,1,1,-0.2,-0.590,27.1
1242,جفء,,1,1,1,-0.1,-0.590,27.0
1243,شوک,,1,1,1,-0.2,-0.592,27.0
1244,سطو,,1,1,1,-0.2,-0.593,26.9
1245,عطف,,1,1,1,-0.2,-0.596,26.9
1246,جثث,,1,1,1,-0.1,-0.598,26.8
1247,قمع,,1,1,1,-0.2,-0.598,26.7
1248,حفف,,2,2,2,-0.3,-0.598,26.7
1249,عفرت,,1,1,1,-0.2,-0.599,26.6
1250,قشعر,,1,1,1,-0.2,-0.600,26.6
1251,قدو,,2,2,2,-0.3,-0.602,26.5
1252,جمد,,1,1,1,-0.1,-0.603,26.5
1253,نبع,,2,2,2,-0.3,-0.603,26.4
1254,حبر,,6,3,4,-0.4,-0.603,26.3
1255,ضیق,,13,6,10,-0.5,-0.604,26.3
1256,قوت,,2,2,2,-0.3,-0.608,26.2
1257,خزی,,26,8,15,-0.5,-0.610,26.2
1258,حیز,,1,1,1,-0.2,-0.616,26.1
1259,زهر,,1,1,1,-0.2,-0.617,26.0
1260,طرد,,5,3,3,-0.4,-0.619,26.0
1261,کلح,,1,1,1,-0.1,-0.620,25.9
1262,مخض,,1,1,1,-0.1,-0.621,25.9
1263,صفصف,,1,1,1,-0.2,-0.621,25.8
1264,نصت,,2,1,2,-0.2,-0.622,25.7
1265,ءثث,,2,1,2,-0.3,-0.622,25.7
1266,رعب,,5,2,5,-0.4,-0.623,25.6
1267,غصب,,1,1,1,-0.2,-0.624,25.6
1268,عضد,,2,2,2,-0.3,-0.624,25.5
1269,رتع,,1,1,1,-0.2,-0.624,25.5
1270,هور,,2,2,1,-0.3,-0.625,25.4
1271,حیق,,10,2,9,-0.4,-0.626,25.3
1272,ریب,,36,8,26,-0.6,-0.627,25.3
1273,قیل,,2,2,2,-0.3,-0.629,25.2
1274,رءس,,18,2,15,-0.4,-0.632,25.2
1275,عرو,,3,2,3,-0.3,-0.633,25.1
1276,مخر,,2,1,2,-0.2,-0.633,25.0
1277,جلب,,2,2,2,-0.3,-0.633,25.0
1278,ظعن,,1,1,1,-0.2,-0.634,24.9
1279,دفء,,1,1,1,-0.2,-0.635,24.9
1280,وطر,,2,1,1,-0.0,-0.635,24.8
1281,قطع,,36,9,23,-0.6,-0.636,24.8
1282,عضض,,2,2,2,-0.3,-0.637,24.7
1283,درهم,,1,1,1,-0.2,-0.637,24.6
1284,هیء,,4,3,3,-0.4,-0.637,24.6
1285,دسس,,1,1,1,-0.2,-0.637,24.5
1286,شرذم,,1,1,1,-0.2,-0.639,24.5
1287,تلل,,1,1,1,-0.1,-0.641,24.4
1288,رطب,,2,2,2,-0.3,-0.641,24.3
1289,ردء,,1,1,1,-0.2,-0.644,24.3
1290,ءدد,,1,1,1,-0.1,-0.645,24.2
1291,عفف,,4,2,3,-0.3,-0.646,24.2
1292,غیظ,,11,4,8,-0.4,-0.646,24.1
1293,عزب,,2,1,2,-0.2,-0.647,24.0
1294,خبر2,,1,1,1,-0.2,-0.648,24.0
1295,سرع,,23,6,14,-0.5,-0.650,23.9
1296,حرر,,15,7,10,-0.5,-0.652,23.9
1297,صرف,,30,11,17,-0.6,-0.652,23.8
1298,ضنک,,1,1,1,-0.2,-0.656,23.8
1299,ضمم,,2,1,2,-0.3,-0.657,23.7
1300,قرف,,5,3,3,-0.4,-0.659,23.6
1301,فرض,,18,5,7,-0.5,-0.662,23.6
1302,ءین,,27,2,20,-0.4,-0.663,23.5
1303,دمغ,,1,1,1,-0.2,-0.663,23.5
1304,قرطس,,2,2,1,-0.3,-0.666,23.4
1305,خبو,,1,1,1,-0.2,-0.667,23.3
1306,ظمء,,3,3,3,-0.4,-0.668,23.3
1307,فصح,,1,1,1,-0.2,-0.668,23.2
1308,فجو,,1,1,1,-0.2,-0.669,23.2
1309,حصد,,6,4,6,-0.4,-0.671,23.1
1310,کلء,,1,1,1,-0.2,-0.672,23.0
1311,نوش,,1,1,1,-0.1,-0.672,23.0
1312,لحی,,1,1,1,-0.2,-0.673,22.9
1313,طرف,,11,4,11,-0.5,-0.674,22.9
1314,صمع,,1,1,1,-0.2,-0.674,22.8
1315,نعس,,2,2,2,-0.3,-0.675,22.8
1316,ذبح,,9,4,6,-0.4,-0.676,22.7
1317,بعر,,2,1,1,-0.1,-0.679,22.6
1318,زکر,,7,1,4,-0.3,-0.680,22.6
1319,رعد,,2,1,2,-0.3,-0.681,22.5
1320,نوص,,1,1,1,-0.1,-0.681,22.5
1321,سلف,,8,3,7,-0.4,-0.681,22.4
1322,حفد,,1,1,1,-0.2,-0.682,22.3
1323,زجج,,2,1,1,0.0,-0.683,22.3
1324,قصف,,1,1,1,-0.2,-0.683,22.2
1325,مکو,,1,1,1,-0.2,-0.685,22.2
1326,صوع,,1,1,1,-0.2,-0.687,22.1
1327,قرح,,3,1,1,-0.3,-0.689,22.0
1328,فره,,1,1,1,-0.2,-0.690,22.0
1329,کنز,,9,4,6,-0.4,-0.693,21.9
1330,تفث,,1,1,1,-0.2,-0.693,21.9
1331,فند,,1,1,1,-0.2,-0.695,21.8
1332,هرن,,20,1,13,-0.3,-0.695,21.8
1333,نفح,,1,1,1,-0.1,-0.697,21.7
1334,خضع,,2,2,2,-0.3,-0.697,21.6
1335,ثرب,,2,2,2,-0.3,-0.697,21.6
1336,قبح,,1,1,1,-0.2,-0.697,21.5
1337,طیب,,50,9,23,-0.6,-0.698,21.5
1338,غزو,,1,1,1,-0.3,-0.698,21.4
1339,عنق,,9,2,8,-0.4,-0.699,21.3
1340,دخر,,4,2,4,-0.4,-0.699,21.3
1341,جذذ,,2,2,2,-0.3,-0.702,21.2
1342,ردم,,1,1,1,-0.3,-0.703,21.2
1343,ثری,,1,1,1,-0.2,-0.704,21.1
1344,قضض,,1,1,1,-0.2,-0.705,21.0
1345,ءبق,,1,1,1,-0.1,-0.705,21.0
1346,ودق,,2,1,2,-0.2,-0.705,20.9
1347,ءسی,,4,2,3,-0.4,-0.705,20.9
1348,ینع,,1,1,1,-0.3,-0.706,20.8
1349,مرد,,5,5,5,-0.5,-0.706,20.8
1350,ندی,,1,1,1,-0.2,-0.707,20.7
1351,قبل,,294,15,64,-0.9,-0.707,20.6
1352,بهت,,8,4,6,-0.5,-0.708,20.6
1353,ضءن,,1,1,1,-0.3,-0.709,20.5
1354,قلد,,4,2,3,-0.4,-0.710,20.5
1355,شعر,,40,9,23,-0.6,-0.711,20.4
1356,حنک,,1,1,1,-0.3,-0.712,20.3
1357,کفف,,15,5,9,-0.5,-0.712,20.3
1358,صوف,,1,1,1,-0.3,-0.714,20.2
1359,مصر,,5,2,4,-0.4,-0.715,20.2
1360,عزر,,4,3,4,-0.4,-0.716,20.1
1361,صوم,,14,7,6,-0.5,-0.716,20.0
1362,حنجر,,2,1,2,-0.3,-0.716,20.0
1363,خنق,,1,1,1,-0.3,-0.716,19.9
1364,رغم,,1,1,1,-0.3,-0.717,19.9
1365,خلع,,1,1,1,-0.2,-0.718,19.8
1366,فتء,,1,1,1,-0.3,-0.718,19.8
1367,جذو,,1,1,1,-0.2,-0.719,19.7
1368,غلق,,1,1,1,-0.3,-0.719,19.6
1369,ءدی,,6,4,4,-0.4,-0.719,19.6
1370,سردق,,1,1,1,-0.3,-0.721,19.5
1371,مید,,5,2,4,-0.4,-0.721,19.5
1372,قسطس,,2,1,2,-0.3,-0.722,19.4
1373,سلق,,1,1,1,-0.2,-0.722,19.3
1374,ءلل,,2,1,1,-0.3,-0.722,19.3
1375,خرق,,4,2,3,-0.4,-0.723,19.2
1376,کبکب,,1,1,1,-0.2,-0.724,19.2
1377,حنن,,2,2,2,-0.3,-0.725,19.1
1378,سلخ,,3,2,3,-0.4,-0.727,19.0
1379,ثقف,,6,3,6,-0.5,-0.727,19.0
1380,بسل,,2,2,1,-0.3,-0.728,18.9
1381,عصب,,5,2,4,-0.4,-0.729,18.9
1382,غرو,,2,2,2,-0.4,-0.729,18.8
1383,صلد,,1,1,1,-0.3,-0.730,18.8
1384,لوذ,,1,1,1,-0.2,-0.730,18.7
1385,مکث,,7,5,7,-0.5,-0.733,18.6
1386,طرح,,1,1,1,-0.3,-0.735,18.6
1387,جیب,,3,2,3,-0.4,-0.735,18.5
1388,NA,,20,1,19,-0.4,-0.741,18.5
1389,نجل,,12,1,6,-0.3,-0.741,18.4
1390,سوم,,15,5,10,-0.5,-0.743,18.3
1391,جوو,,1,1,1,-0.2,-0.743,18.3
1392,خذل,,3,3,3,-0.4,-0.744,18.2
1393,زلم,,2,1,1,-0.3,-0.744,18.2
1394,فردس,,2,1,2,-0.3,-0.745,18.1
1395,نکف,,3,2,1,-0.4,-0.746,18.0
1396,شری,,25,10,8,-0.6,-0.748,18.0
1397,غمض,,1,1,1,-0.3,-0.748,17.9
1398,مجس,,1,1,1,-0.2,-0.751,17.9
1399,شحم,,1,1,1,-0.3,-0.753,17.8
1400,تنر,,2,1,2,-0.3,-0.753,17.8
1401,تقن,,1,1,1,-0.2,-0.754,17.7
1402,سخط,,4,3,4,-0.4,-0.756,17.6
1403,فرث,,1,1,1,-0.3,-0.757,17.6
1404,هدد,,1,1,1,-0.2,-0.759,17.5
1405,بزغ,,2,2,1,-0.3,-0.759,17.5
1406,سفه,,11,6,5,-0.5,-0.760,17.4
1407,جوس,,1,1,1,-0.2,-0.761,17.3
1408,وفی,,66,24,27,-0.9,-0.763,17.3
1409,جوف,,1,1,1,-0.2,-0.764,17.2
1410,زجو,,3,2,3,-0.4,-0.766,17.2
1411,ءسن,,1,1,1,0.2,-0.770,17.1
1412,صمت,,1,1,1,-0.3,-0.772,17.0
1413,عزم,,9,3,7,-0.5,-0.773,17.0
1414,فسد,,50,10,23,-0.7,-0.774,16.9
1415,شغف,,1,1,1,-0.3,-0.775,16.9
1416,نءی,,3,2,3,-0.4,-0.775,16.8
1417,خصف,,2,1,2,-0.3,-0.777,16.8
1418,خیل,,10,5,10,-0.6,-0.777,16.7
1419,کلف,,8,4,7,-0.5,-0.781,16.6
1420,میر,,1,1,1,-0.2,-0.782,16.6
1421,فوه,,13,2,10,-0.4,-0.783,16.5
1422,رجأ,,2,1,2,-0.3,-0.784,16.5
1423,نون,,1,1,1,-0.2,-0.785,16.4
1424,نغض,,1,1,1,-0.2,-0.785,16.3
1425,درک,,12,8,9,-0.6,-0.786,16.3
1426,قسس,,1,1,1,-0.3,-0.790,16.2
1427,هرع,,2,1,2,-0.2,-0.791,16.2
1428,ءمو,,2,2,2,-0.4,-0.792,16.1
1429,برح,,3,2,3,-0.4,-0.792,16.0
1430,ضهء,,1,1,1,-0.3,-0.792,16.0
1431,یقظ,,1,1,1,-0.3,-0.798,15.9
1432,رذل,,4,3,4,-0.4,-0.801,15.9
1433,خور,,2,1,2,-0.3,-0.801,15.8
1434,کوی,,1,1,1,-0.3,-0.801,15.8
1435,بسم,,1,1,1,-0.2,-0.801,15.7
1436,دبب,,18,2,14,-0.5,-0.808,15.6
1437,حنذ,,1,1,1,-0.3,-0.808,15.6
1438,بدر,,2,2,2,-0.4,-0.809,15.5
1439,هدم,,1,1,1,-0.2,-0.812,15.5
1440,طفق,,3,1,3,-0.4,-0.812,15.4
1441,نوء,,1,1,1,-0.2,-0.813,15.3
1442,قنطر,,4,4,2,-0.5,-0.813,15.3
1443,هدهد,,1,1,1,-0.2,-0.813,15.2
1444,رمح,,1,1,1,-0.3,-0.817,15.2
1445,نحل,,2,2,2,-0.4,-0.822,15.1
1446,خبز,,1,1,1,-0.3,-0.822,15.0
1447,عثر,,2,2,2,-0.4,-0.823,15.0
1448,زین,,46,5,28,-0.7,-0.824,14.9
1449,حصحص,,1,1,1,-0.3,-0.825,14.9
1450,خلل,,13,4,11,-0.6,-0.825,14.8
1451,لقط,,2,2,2,-0.4,-0.827,14.8
1452,سرف,,23,8,17,-0.7,-0.830,14.7
1453,شید,,2,2,2,-0.4,-0.831,14.6
1454,شبه,,12,6,6,-0.6,-0.833,14.6
1455,حبس,,2,2,2,-0.4,-0.837,14.5
1456,قلع,,1,1,1,-0.3,-0.837,14.5
1457,عنت,,5,2,5,-0.5,-0.839,14.4
1458,ءمت,,1,1,1,-0.2,-0.839,14.3
1459,خبط,,1,1,1,-0.3,-0.840,14.3
1460,حذر,,21,7,12,-0.7,-0.845,14.2
1461,شور,,4,4,4,-0.5,-0.846,14.2
1462,لفو,,3,2,3,-0.4,-0.852,14.1
1463,نعل,,1,1,1,-0.2,-0.856,14.1
1464,ذخر,,1,1,1,-0.3,-0.857,14.0
1465,نحب,,1,1,1,-0.2,-0.862,13.9
1466,عکف,,9,6,7,-0.6,-0.868,13.9
1467,درء,,5,4,5,-0.5,-0.873,13.8
1468,بیض,,12,5,10,-0.6,-0.878,13.8
1469,زخرف,,4,2,4,-0.5,-0.878,13.7
1470,فرط,,8,4,6,-0.6,-0.879,13.6
1471,کتم,,21,4,7,-0.6,-0.879,13.6
1472,لعن,,41,10,18,-0.8,-0.880,13.5
1473,ءلم,,75,4,42,-0.7,-0.884,13.5
1474,سود,,10,9,8,-0.7,-0.884,13.4
1475,حثث,,1,1,1,-0.3,-0.886,13.3
1476,شفی,,6,3,6,-0.5,-0.887,13.3
1477,همد,,1,1,1,-0.2,-0.887,13.2
1478,جمح,,1,1,1,-0.3,-0.888,13.2
1479,شیخ,,4,3,4,-0.5,-0.888,13.1
1480,برء,,29,15,19,-0.8,-0.889,13.1
1481,ونی,,1,1,1,-0.2,-0.891,13.0
1482,سفک,,2,2,1,-0.4,-0.893,12.9
1483,بلی,,1,1,1,-0.2,-0.893,12.9
1484,شفو,,2,1,2,-0.4,-0.893,12.8
1485,حوب,,1,1,1,-0.3,-0.895,12.8
1486,ثمر,,24,4,12,-0.6,-0.904,12.7
1487,سنو,,20,3,17,-0.6,-0.905,12.6
1488,کسل,,2,1,2,-0.4,-0.906,12.6
1489,بقع,,1,1,1,-0.2,-0.906,12.5
1490,جبه,,1,1,1,-0.3,-0.908,12.5
1491,بقر,,9,3,3,-0.6,-0.910,12.4
1492,فظظ,,1,1,1,-0.3,-0.910,12.3
1493,خمر,,7,2,5,-0.5,-0.911,12.3
1494,رهب,,12,10,10,-0.7,-0.912,12.2
1495,وفد,,1,1,1,-0.2,-0.918,12.2
1496,سهل,,1,1,1,-0.4,-0.920,12.1
1497,ءسس,,3,1,1,-0.2,-0.924,12.1
1498,بدو,,31,11,16,-0.8,-0.925,12.0
1499,جبی,,12,5,12,-0.7,-0.932,11.9
1500,جثم,,5,1,3,-0.4,-0.932,11.9
1501,جسد,,4,1,4,-0.4,-0.932,11.8
1502,حیر,,1,1,1,-0.4,-0.933,11.8
1503,بءر,,1,1,1,-0.2,-0.934,11.7
1504,کرس,,2,1,2,-0.3,-0.935,11.6
1505,رکد,,1,1,1,-0.1,-0.935,11.6
1506,ذءم,,1,1,1,-0.4,-0.936,11.5
1507,کسو,,5,4,4,-0.6,-0.939,11.5
1508,ءلو,,3,3,3,-0.5,-0.940,11.4
1509,سیب,,1,1,1,-0.3,-0.941,11.3
1510,ذکو,,1,1,1,-0.4,-0.941,11.3
1511,ضرر,,74,17,31,-1.0,-0.941,11.2
1512,زلل,,4,4,3,-0.6,-0.945,11.2
1513,قنو,,1,1,1,-0.3,-0.945,11.1
1514,روم,,1,1,1,-0.1,-0.948,11.1
1515,بدن,,2,1,2,-0.3,-0.949,11.0
1516,همس,,1,1,1,-0.2,-0.952,10.9
1517,وکد,,1,1,1,-0.3,-0.953,10.9
1518,ءبی,,13,6,8,-0.7,-0.953,10.8
1519,غزل,,1,1,1,-0.4,-0.954,10.8
1520,وکز,,1,1,1,-0.2,-0.954,10.7
1521,حرض,,3,2,3,-0.5,-0.954,10.6
1522,جنف,,2,2,2,-0.5,-0.954,10.6
1523,هجد,,1,1,1,-0.3,-0.956,10.5
1524,لهث,,2,1,1,-0.4,-0.957,10.5
1525,برهن,,8,2,7,-0.6,-0.957,10.4
1526,نجس,,1,1,1,-0.3,-0.959,10.3
1527,هیت,,5,2,5,-0.6,-0.964,10.3
1528,خطو,,5,1,3,-0.4,-0.966,10.2
1529,نضج,,1,1,1,-0.3,-0.966,10.2
1530,وفر,,1,1,1,-0.2,-0.969,10.1
1531,فتل,,3,1,2,-0.4,-0.974,10.1
1532,بهل,,1,1,1,-0.3,-0.976,10.0
1533,فلک,,25,1,20,-0.5,-0.977,9.9
1534,بلع,,1,1,1,-0.3,-0.977,9.9
1535,تبت,,2,1,2,-0.4,-0.980,9.8
1536,وجب,,1,1,1,-0.2,-0.981,9.8
1537,زود,,2,2,1,-0.5,-0.982,9.7
1538,رمض,,1,1,1,-0.4,-0.984,9.6
1539,نفی,,1,1,1,-0.3,-0.985,9.6
1540,ءیم,,1,1,1,-0.2,-0.986,9.5
1541,رسخ,,2,1,2,-0.4,-0.986,9.5
1542,لدن,,18,1,10,-0.5,-0.986,9.4
1543,جرر,,1,1,1,-0.3,-0.988,9.3
1544,زحزح,,2,2,2,-0.5,-0.989,9.3
1545,ذیع,,1,1,1,-0.4,-0.990,9.2
1546,فصم,,1,1,1,-0.4,-0.991,9.2
1547,فضو,,1,1,1,-0.4,-0.994,9.1
1548,حرب,,11,5,9,-0.7,-0.995,9.1
1549,تور,,2,1,2,-0.4,-0.995,9.0
1550,محص,,2,1,1,-0.4,-0.995,8.9
1551,ءصر,,3,2,3,-0.6,-0.997,8.9
1552,هشش,,1,1,1,-0.2,-0.998,8.8
1553,بید,,1,1,1,-0.3,-0.999,8.8
1554,نبط,,1,1,1,-0.3,-1.000,8.7
1555,بغل,,1,1,1,-0.3,-1.002,8.6
1556,طلل,,1,1,1,-0.4,-1.004,8.6
1557,قصص,,30,9,14,-0.8,-1.004,8.5
1558,زیل,,10,6,10,-0.7,-1.005,8.5
1559,لقف,,3,1,3,-0.4,-1.005,8.4
1560,صنم,,5,2,5,-0.6,-1.007,8.3
1561,خمص,,2,1,2,-0.4,-1.008,8.3
1562,قمل,,1,1,1,-0.4,-1.010,8.2
1563,سلو,,3,1,3,-0.5,-1.011,8.2
1564,کمل,,5,4,3,-0.6,-1.013,8.1
1565,تمم,,22,6,12,-0.7,-1.015,8.1
1566,بوء,,17,8,12,-0.8,-1.015,8.0
1567,شمت,,1,1,1,-0.4,-1.016,7.9
1568,نیل,,12,3,7,-0.7,-1.019,7.9
1569,نطح,,1,1,1,-0.3,-1.019,7.8
1570,صبغ,,3,2,2,-0.5,-1.021,7.8
1571,فوم,,1,1,1,-0.4,-1.022,7.7
1572,عوج,,9,2,7,-0.6,-1.023,7.6
1573,رکز,,1,1,1,-0.1,-1.025,7.6
1574,قسو,,7,3,6,-0.6,-1.026,7.5
1575,وبر,,1,1,1,-0.3,-1.027,7.5
1576,وءل,,1,1,1,-0.3,-1.028,7.4
1577,سفح,,4,3,3,-0.6,-1.030,7.3
1578,طوق,,4,3,2,-0.6,-1.033,7.3
1579,رمز,,1,1,1,-0.4,-1.034,7.2
1580,طعن,,2,2,2,-0.5,-1.036,7.2
1581,عصم,,13,6,10,-0.7,-1.037,7.1
1582,بخع,,2,1,2,-0.4,-1.039,7.1
1583,ملق,,2,1,2,-0.4,-1.041,7.0
1584,جرف,,1,1,1,-0.4,-1.042,6.9
1585,ثبط,,1,1,1,-0.3,-1.042,6.9
1586,ءوه,,2,1,2,-0.3,-1.043,6.8
1587,بکک,,1,1,1,-0.3,-1.046,6.8
1588,جوز,,5,2,5,-0.6,-1.048,6.7
1589,ورق,,4,2,4,-0.6,-1.048,6.6
1590,رجل,,73,7,32,-0.9,-1.050,6.6
1591,تیه,,1,1,1,-0.3,-1.052,6.5
1592,غلو,,2,1,2,-0.4,-1.056,6.5
1593,صغر,,13,7,11,-0.8,-1.057,6.4
1594,ثعب,,2,1,2,-0.4,-1.057,6.3
1595,حرف,,6,3,5,-0.6,-1.057,6.3
1596,سکت,,1,1,1,-0.4,-1.058,6.2
1597,مرو,,1,1,1,-0.4,-1.059,6.2
1598,بکم,,6,3,5,-0.7,-1.061,6.1
1599,غوط,,2,1,2,-0.4,-1.062,6.1
1600,مرت,,1,1,1,-0.4,-1.063,6.0
1601,وعظ,,25,9,14,-0.9,-1.066,5.9
1602,شطر,,5,1,1,-0.4,-1.067,5.9
1603,عول,,1,1,1,-0.4,-1.068,5.8
1604,بحث,,1,1,1,-0.3,-1.072,5.8
1605,ضیع,,10,4,8,-0.7,-1.072,5.7
1606,معز,,1,1,1,-0.4,-1.074,5.6
1607,ضفدع,,1,1,1,-0.4,-1.075,5.6
1608,سحق,,19,3,14,-0.7,-1.075,5.5
1609,عدس,,1,1,1,-0.4,-1.076,5.5
1610,ثنی,,29,12,18,-1.0,-1.077,5.4
1611,رغد,,3,1,2,-0.5,-1.078,5.3
1612,دنر,,1,1,1,-0.4,-1.085,5.3
1613,ضوء,,6,3,5,-0.7,-1.087,5.2
1614,ذبذب,,1,1,1,-0.5,-1.089,5.2
1615,وصد,,1,1,1,-0.3,-1.089,5.1
1616,فقع,,1,1,1,-0.4,-1.090,5.1
1617,صبء,,3,2,3,-0.6,-1.092,5.0
1618,جلت,,3,1,1,-0.4,-1.092,4.9
1619,رفث,,2,1,1,-0.5,-1.097,4.9
1620,نتق,,1,1,1,-0.4,-1.103,4.8
1621,صفو,,18,9,12,-0.9,-1.103,4.8
1622,قثء,,1,1,1,-0.4,-1.106,4.7
1623,خدع,,5,3,3,-0.6,-1.108,4.6
1624,ریع,,1,1,1,-0.2,-1.110,4.6
1625,دمع,,2,1,2,-0.5,-1.112,4.5
1626,نهج,,1,1,1,-0.3,-1.116,4.5
1627,فحش,,24,3,15,-0.7,-1.118,4.4
1628,کلم,,75,12,32,-1.1,-1.121,4.4
1629,زحف,,1,1,1,-0.2,-1.125,4.3
1630,نکد,,1,1,1,-0.3,-1.126,4.2
1631,ندد,,6,1,5,-0.5,-1.127,4.2
1632,خلط,,6,4,6,-0.7,-1.128,4.1
1633,خیط,,3,2,2,-0.6,-1.132,4.1
1634,حصر,,6,5,5,-0.8,-1.135,4.0
1635,حرص,,5,4,5,-0.7,-1.136,3.9
1636,عمه,,7,1,7,-0.6,-1.140,3.9
1637,خبل,,2,1,2,-0.5,-1.141,3.8
1638,خدن,,2,1,2,-0.5,-1.146,3.8
1639,خنزر,,5,2,4,-0.6,-1.155,3.7
1640,زرق,,1,1,1,-0.2,-1.157,3.6
1641,غمم,,11,4,8,-0.8,-1.159,3.6
1642,حلم,,21,4,16,-0.8,-1.159,3.5
1643,همم,,9,2,6,-0.7,-1.162,3.5
1644,هرت,,1,1,1,-0.3,-1.167,3.4
1645,نوی,,1,1,1,-0.4,-1.169,3.4
1646,هبط,,8,2,4,-0.7,-1.174,3.3
1647,ربح,,1,1,1,-0.5,-1.174,3.2
1648,فیض,,9,4,7,-0.8,-1.178,3.2
1649,رجس,,10,2,7,-0.7,-1.179,3.1
1650,بطل,,36,6,24,-0.9,-1.184,3.1
1651,سبط,,5,2,4,-0.7,-1.189,3.0
1652,حطط,,2,1,2,-0.5,-1.190,2.9
1653,بجس,,1,1,1,-0.3,-1.191,2.9
1654,درج,,20,3,16,-0.8,-1.202,2.8
1655,حظظ,,7,2,5,-0.7,-1.203,2.8
1656,بصل,,1,1,1,-0.4,-1.204,2.7
1657,وسل,,2,1,2,-0.4,-1.205,2.6
1658,عند,,201,3,62,-1.0,-1.207,2.6
1659,طلت,,2,1,1,-0.5,-1.211,2.5
1660,لحف,,1,1,1,-0.5,-1.211,2.5
1661,دنو,,133,6,46,-1.1,-1.218,2.4
1662,غلف,,2,1,2,-0.5,-1.220,2.4
1663,سیء,,1,1,1,-0.5,-1.222,2.3
1664,فوق,,43,3,27,-0.9,-1.223,2.2
1665,نعق,,1,1,1,-0.4,-1.223,2.2
1666,وطن,,1,1,1,-0.3,-1.227,2.1
1667,سنه,,1,1,1,-0.5,-1.228,2.1
1668,بتک,,1,1,1,-0.3,-1.229,2.0
1669,جهل,,24,8,17,-1.0,-1.245,1.9
1670,کسد,,1,1,1,-0.3,-1.250,1.9
1671,برص,,2,1,2,-0.5,-1.254,1.8
1672,روع,,1,1,1,-0.3,-1.263,1.8
1673,وقذ,,1,1,1,-0.3,-1.266,1.7
1674,زری,,1,1,1,-0.3,-1.276,1.6
1675,هلل,,5,2,4,-0.7,-1.278,1.6
1676,عثو,,5,1,5,-0.7,-1.282,1.5
1677,بقل,,1,1,1,-0.4,-1.283,1.5
1678,ثبو,,1,1,1,-0.4,-1.285,1.4
1679,متع,,70,11,38,-1.2,-1.289,1.4
1680,محق,,2,1,2,-0.6,-1.299,1.3
1681,بطء,,1,1,1,-0.4,-1.300,1.2
1682,عضل,,2,1,2,-0.6,-1.302,1.2
1683,هلم,,2,1,2,-0.5,-1.304,1.1
1684,دمو,,10,3,7,-0.9,-1.309,1.1
1685,بءس,,73,7,33,-1.1,-1.315,1.0
1686,حول,,25,8,19,-1.1,-1.323,0.9
1687,وشی,,1,1,1,-0.4,-1.325,0.9
1688,ءود,,1,1,1,-0.3,-1.333,0.8
1689,صمم,,15,3,13,-0.9,-1.339,0.8
1690,قرد,,3,1,3,-0.6,-1.344,0.7
1691,ریش,,1,1,1,-0.3,-1.381,0.6
1692,جبت,,1,1,1,-0.5,-1.402,0.6
1693,بغت,,13,1,10,-0.7,-1.420,0.5
1694,ملل,,18,3,11,-1.0,-1.423,0.5
1695,رکس,,2,1,1,-0.4,-1.443,0.4
1696,ببل,,1,1,1,-0.4,-1.470,0.4
1697,عقل,,49,4,30,-1.2,-1.479,0.3
1698,غفل,,35,8,21,-1.2,-1.491,0.2
1699,کهل,,2,1,2,-0.5,-1.508,0.2
1700,کمه,,2,1,2,-0.5,-1.510,0.1
1701,وسن,,1,1,1,-0.5,-1.510,0.1
1702,حزن,,42,4,25,-1.4,-1.701,0.0
