root,freq,n_forms,n_suras,n_ayat,PROMINENCE_pctile,morph_resid(living=+/frozen=-),CONCENTRATION_q(sura),signature_sig,classification
ءله,2848,6,86,1877,100.0,-0.74,0.0243,1,Prominent·FROZEN +signature
قول,1722,17,84,1383,99.9,-0.25,0.0243,1,Prominent·LIVING +signature
کون,1390,18,86,1176,99.9,-0.19,0.0243,1,Prominent·LIVING +signature
ربب,980,8,94,871,99.8,-0.46,0.0243,1,Prominent·FROZEN +signature
ءمن,879,28,77,723,99.8,+0.07,0.0243,1,Prominent·LIVING +signature
علم,854,20,85,728,99.7,-0.07,0.0243,1,Prominent·LIVING +signature
قوم,660,45,79,597,99.6,+0.31,0.0243,1,Prominent·LIVING +signature
ءتی,549,31,72,486,99.6,+0.18,0.353,0,Prominent·LIVING
کفر,525,20,77,465,99.5,+0.01,0.0243,1,Prominent·LIVING +signature
بین,523,16,71,454,99.5,-0.08,0.162,0,Prominent·LIVING
شیء,519,12,73,449,99.4,-0.20,0.04,1,Prominent·LIVING +signature
رسل,513,16,69,429,99.4,-0.08,0.0243,1,Prominent·LIVING +signature
یوم,475,6,80,437,99.3,-0.45,0.0243,1,Prominent·FROZEN +signature
ءرض,461,2,80,440,99.2,-0.82,0.183,0,Prominent·FROZEN
ءیی,382,3,59,353,99.2,-0.66,0.0243,1,Prominent·FROZEN +signature
سمو,381,12,81,352,99.1,-0.15,0.04,1,Prominent·LIVING +signature
کلل,377,4,74,355,99.1,-0.56,0.712,0,Prominent·FROZEN
عذب,373,11,68,336,99.0,-0.18,0.115,0,Prominent·LIVING
عمل,360,13,68,313,98.9,-0.11,0.04,1,Prominent·LIVING +signature
جعل,346,9,66,311,98.9,-0.25,0.0243,1,Prominent·LIVING +signature
ءنس,342,10,77,321,98.8,-0.20,0.0243,1,Prominent·LIVING +signature
رحم,339,14,62,313,98.8,-0.07,0.0243,1,Prominent·LIVING +signature
رءی,328,25,72,297,98.7,+0.18,0.0243,1,Prominent·LIVING +signature
کتب,319,14,61,279,98.6,-0.06,0.0531,0,Prominent·LIVING
هدی,316,30,62,268,98.6,+0.26,0.153,0,Prominent·LIVING
ظلم,315,17,59,290,98.5,+0.02,0.663,0,Prominent·LIVING
نفس,298,7,63,270,98.5,-0.32,0.226,0,Prominent·LIVING
قبل,294,15,64,282,98.4,-0.02,0.897,0,Prominent·LIVING
نزل,293,18,60,257,98.4,+0.06,0.215,0,Prominent·LIVING
ذکر,292,23,71,264,98.3,+0.16,0.0243,1,Prominent·LIVING +signature
حقق,287,7,59,263,98.2,-0.31,0.153,0,Prominent·LIVING
کذب,282,16,68,257,98.2,+0.02,0.0243,1,Prominent·LIVING +signature
جیء,278,4,62,262,98.1,-0.51,0.157,0,Prominent·FROZEN
عبد,275,16,57,251,98.1,+0.02,0.0243,1,Prominent·LIVING +signature
ءخذ,273,23,55,244,98.0,+0.17,0.201,0,Prominent·LIVING
خلق,261,12,75,218,97.9,-0.09,0.0243,1,Prominent·LIVING +signature
وقی,258,21,63,237,97.9,+0.14,0.0531,0,Prominent·LIVING
ءخر,250,16,64,242,97.8,+0.04,0.487,0,Prominent·LIVING
ءمر,248,13,61,226,97.8,-0.05,0.0857,0,Prominent·LIVING
بعد,235,6,57,223,97.7,-0.34,0.608,0,Prominent·LIVING
غفر,234,19,56,202,97.6,+0.12,0.127,0,Prominent·LIVING
ولی,232,26,55,202,97.6,+0.25,0.115,0,Prominent·LIVING
دعو,212,22,55,182,97.5,+0.19,0.0531,0,Prominent·LIVING
حکم,210,14,57,189,97.5,+0.01,0.201,0,Prominent·LIVING
ملک,206,14,63,191,97.4,+0.01,0.266,0,Prominent·LIVING
عند,201,3,62,189,97.4,-0.56,0.919,0,Prominent·FROZEN
جنن,201,9,70,196,97.3,-0.16,0.0531,0,Prominent·LIVING
خیر,196,11,55,178,97.2,-0.08,0.21,0,Prominent·LIVING
حسن,194,17,50,177,97.2,+0.10,0.312,0,Prominent·LIVING
نور,194,6,62,174,97.1,-0.31,0.137,0,Prominent·LIVING
ضلل,191,18,56,170,97.1,+0.13,0.308,0,Prominent·LIVING
حیی,189,25,50,166,97.0,+0.27,0.271,0,Prominent·LIVING
سمع,185,16,57,163,96.9,+0.08,0.39,0,Prominent·LIVING
خرج,182,21,56,157,96.9,+0.20,0.134,0,Prominent·LIVING
صلح,180,15,54,170,96.8,+0.06,0.431,0,Prominent·LIVING
سبل,176,5,47,164,96.8,-0.36,0.21,0,Prominent·LIVING
تبع,174,13,52,158,96.7,+0.01,0.786,0,Prominent·LIVING
ءول,172,13,54,160,96.6,+0.01,0.283,0,Prominent·LIVING
قتل,170,18,33,122,96.6,+0.15,0.0857,0,Prominent·LIVING
مثل,169,9,50,148,96.5,-0.13,0.415,0,Prominent·LIVING
شرک,168,15,44,143,96.5,+0.07,0.0531,0,Prominent·LIVING
قلب,168,15,48,155,96.4,+0.07,0.0531,0,Prominent·LIVING
کثر,167,10,51,162,96.4,-0.09,0.233,0,Prominent·LIVING
سوء,166,17,45,150,96.3,+0.13,0.385,0,Prominent·LIVING
موت,165,25,53,143,96.2,+0.29,0.252,0,Prominent·LIVING
بنو,162,10,46,132,96.2,-0.08,0.264,0,Prominent·LIVING
کبر,161,25,57,153,96.1,+0.29,0.24,0,Prominent·LIVING
شهد,160,23,48,123,96.1,+0.26,0.0857,0,Prominent·LIVING
نصر,158,27,46,137,96.0,+0.33,0.141,0,Prominent·LIVING
بعض,158,3,38,87,95.9,-0.52,0.19,0,Prominent·FROZEN
سلم,157,19,50,142,95.9,+0.18,0.145,0,Prominent·LIVING
صدق,155,25,49,144,95.8,+0.30,0.52,0,Prominent·LIVING
غیر,154,5,46,146,95.8,-0.34,0.251,0,Prominent·LIVING
وحد,153,10,50,148,95.7,-0.07,0.0243,1,Prominent·LIVING +signature
وعد,151,16,51,130,95.6,+0.12,0.209,0,Prominent·LIVING
بصر,148,15,62,139,95.6,+0.09,0.331,0,Prominent·LIVING
رود,148,13,47,120,95.5,+0.04,0.478,0,Prominent·LIVING
لقی,146,33,53,135,95.5,+0.42,0.157,0,Prominent·LIVING
دون,144,1,46,142,95.4,-0.80,0.557,0,Prominent·FROZEN
ذوی,143,8,55,136,95.4,-0.15,0.0243,1,Prominent·LIVING +signature
نعم,140,9,61,128,95.3,-0.10,0.103,0,Prominent·LIVING
وسی,136,1,34,131,95.2,-0.79,0.0243,1,Prominent·FROZEN +signature
دنو,133,6,46,128,95.2,-0.25,0.945,0,Prominent·LIVING
قدر,132,18,58,121,95.1,+0.19,0.0243,1,Prominent·LIVING +signature
نذر,130,11,50,115,95.1,-0.01,0.0243,1,Prominent·LIVING +signature
نظر,129,16,48,115,95.0,+0.14,0.192,0,Prominent·LIVING
سءل,129,16,47,118,94.9,+0.14,0.145,0,Prominent·LIVING
طوع,129,24,40,118,94.9,+0.31,0.103,0,Prominent·LIVING
جمع,129,18,45,123,94.8,+0.19,0.196,0,Prominent·LIVING
عظم,128,7,50,127,94.8,-0.18,0.312,0,Prominent·LIVING
خلف,127,31,40,116,94.7,+0.42,0.745,0,Prominent·LIVING
ءهل,127,3,40,120,94.7,-0.48,0.21,0,Prominent·FROZEN
دخل,126,12,45,111,94.6,+0.03,0.236,0,Prominent·LIVING
خوف,124,16,42,112,94.5,+0.15,0.45,0,Prominent·LIVING
رزق,123,9,44,109,94.5,-0.08,0.304,0,Prominent·LIVING
بشر,123,18,47,119,94.4,+0.20,0.34,0,Prominent·LIVING
یدی,121,5,48,111,94.4,-0.30,0.277,0,Prominent·LIVING
عزز,120,10,48,117,94.3,-0.03,0.238,0,Prominent·LIVING
ءمم,119,13,42,108,94.2,+0.07,0.508,0,Prominent·LIVING
جزی,118,15,47,109,94.2,+0.13,0.272,0,Prominent·LIVING
ءبو,117,9,37,104,94.1,-0.07,0.0243,1,Prominent·LIVING +signature
نهر,113,7,51,102,94.1,-0.16,0.324,0,Prominent·LIVING
نفق,111,14,31,86,94.0,+0.11,0.0243,1,Prominent·LIVING +signature
ءکل,109,10,40,101,93.9,-0.02,0.263,0,Prominent·LIVING
حسب,109,12,40,102,93.9,+0.05,0.0648,0,Prominent·LIVING
ءجر,108,5,39,99,93.8,-0.28,0.197,0,Prominent·LIVING
فعل,108,11,44,102,93.8,+0.02,0.219,0,Prominent·LIVING
وجد,107,5,32,99,93.7,-0.28,0.0243,1,Prominent·LIVING +signature
عدو,106,22,34,92,93.7,+0.31,0.177,0,Prominent·LIVING
فضل,104,5,32,92,93.6,-0.27,0.178,0,Prominent·LIVING
رجع,104,9,42,103,93.5,-0.05,0.219,0,Prominent·LIVING
صبر,103,15,45,93,93.5,+0.15,0.186,0,Prominent·LIVING
شدد,102,11,48,99,93.4,+0.03,0.466,0,Prominent·LIVING
ولد,102,17,39,80,93.4,+0.21,0.0243,1,Prominent·LIVING +signature
ءذن,102,13,38,90,93.3,+0.10,0.21,0,Prominent·LIVING
دین,101,6,40,87,93.2,-0.20,0.0243,1,Prominent·LIVING +signature
صلو,99,9,37,90,93.2,-0.04,0.0243,1,Prominent·LIVING +signature
صحب,97,6,47,89,93.1,-0.20,0.0243,1,Prominent·LIVING +signature
قرب,96,17,41,91,93.1,+0.22,0.511,0,Prominent·LIVING
ءخو,96,11,31,80,93.0,+0.04,0.0888,0,Prominent·LIVING
عقب,96,15,36,90,92.9,+0.16,0.177,0,Prominent·LIVING
بغی,96,24,41,90,92.9,+0.36,0.815,0,Prominent·LIVING
حبب,95,13,35,85,92.8,+0.11,0.24,0,Prominent·LIVING
سبح,92,10,49,87,92.8,+0.01,0.121,0,Prominent·LIVING
سجد,92,15,32,81,92.7,+0.17,0.207,0,Prominent·LIVING
لیل,92,5,49,81,92.7,-0.25,0.0243,1,Prominent·LIVING +signature
لیس,89,3,33,85,92.6,-0.43,0.266,0,Prominent·FROZEN
شطن,88,5,36,78,92.5,-0.25,0.745,0,Prominent·LIVING
قرء,88,11,42,79,92.5,+0.05,0.0243,1,Prominent·LIVING +signature
توب,87,16,25,69,92.4,+0.21,0.103,0,Prominent·LIVING
خلد,87,10,40,86,92.4,+0.02,0.418,0,Prominent·LIVING
مول,86,5,38,80,92.3,-0.24,0.0243,1,Prominent·LIVING +signature
نجو,84,22,31,75,92.2,+0.34,0.0243,1,Prominent·LIVING +signature
سوو,83,16,48,80,92.2,+0.21,0.204,0,Prominent·LIVING
حرم,83,12,25,71,92.1,+0.10,0.393,0,Prominent·LIVING
زوج,81,8,43,72,92.1,-0.06,0.219,0,Prominent·LIVING
نبء,80,13,36,75,92.0,+0.14,0.331,0,Prominent·LIVING
نبو,80,7,23,77,91.9,-0.11,0.0243,1,Prominent·LIVING +signature
عرض,79,13,35,72,91.9,+0.14,0.617,0,Prominent·LIVING
وحی,78,8,33,70,91.8,-0.05,0.207,0,Prominent·LIVING
وجه,78,7,38,71,91.8,-0.10,0.266,0,Prominent·LIVING
جهنم,77,1,39,77,91.7,-0.70,0.509,0,Prominent·FROZEN
صوب,77,12,27,56,91.7,+0.11,0.713,0,Prominent·LIVING
بلغ,77,12,36,73,91.6,+0.11,0.574,0,Prominent·LIVING
قلل,76,7,33,74,91.5,-0.10,0.566,0,Prominent·LIVING
شکر,75,13,35,69,91.5,+0.15,0.363,0,Prominent·LIVING
ءلم,75,4,42,73,91.4,-0.30,0.846,0,Prominent·LIVING
کلم,75,12,32,71,91.4,+0.11,0.971,0,Prominent·LIVING
فرعن,74,1,27,67,91.3,-0.70,0.0759,0,Prominent·FROZEN
ضرر,74,17,31,70,91.2,+0.26,0.927,0,Prominent·LIVING
بءس,73,7,33,70,91.2,-0.09,0.967,0,Prominent·LIVING
بیت,73,7,29,54,91.1,-0.09,0.0531,0,Prominent·LIVING
رجل,73,7,32,66,91.1,-0.09,0.914,0,Prominent·LIVING
رضو,73,20,32,64,91.0,+0.33,0.0243,1,Prominent·LIVING +signature
غنی,73,14,44,72,90.9,+0.18,0.0648,0,Prominent·LIVING
فرق,72,21,30,66,90.9,+0.35,0.7,0,Prominent·LIVING
یمن,71,4,34,63,90.8,-0.29,0.04,1,Prominent·LIVING +signature
عرف,71,12,26,63,90.8,+0.12,0.339,0,Prominent·LIVING
سکن,71,18,40,68,90.7,+0.29,0.335,0,Prominent·LIVING
متع,70,11,38,65,90.7,+0.09,0.974,0,Prominent·LIVING
وکل,70,9,29,61,90.6,+0.01,0.666,0,Prominent·LIVING
علو,70,21,41,68,90.5,+0.35,0.309,0,Prominent·LIVING
برهم,69,1,25,63,90.5,-0.69,0.625,0,Prominent·FROZEN
ظنن,69,9,32,57,90.4,+0.01,0.0243,1,Prominent·LIVING +signature
هلک,68,13,40,63,90.4,+0.16,0.544,0,Prominent·LIVING
حمد,68,8,44,66,90.3,-0.03,0.207,0,Prominent·LIVING
کسب,67,4,27,60,90.2,-0.28,0.373,0,Prominent·LIVING
بعث,67,10,33,64,90.2,+0.06,0.552,0,Prominent·LIVING
جرم,66,10,36,65,90.1,+0.06,0.444,0,Prominent·LIVING
وفی,66,24,27,64,90.1,+0.42,0.93,0,Prominent·LIVING
خسر,65,14,35,60,90.0,+0.20,0.29,0,Prominent·LIVING
عین,65,9,37,63,89.9,+0.02,0.0888,0,ordinary
حمل,64,13,29,50,89.9,+0.17,0.0648,0,ordinary
جری,64,7,43,64,89.8,-0.07,0.62,0,ordinary
ذوق,63,13,32,61,89.8,+0.17,0.204,0,ordinary
تلو,63,15,33,61,89.7,+0.23,0.457,0,ordinary
موه,63,1,41,60,89.7,-0.67,0.312,0,ordinary
قضی,63,12,29,59,89.6,+0.14,0.574,0,ordinary
سحر,63,12,27,59,89.5,+0.14,0.121,0,ordinary
عود,63,13,39,58,89.5,+0.17,0.632,0,ordinary
زید,62,16,32,60,89.4,+0.26,0.196,0,ordinary
مسس,61,7,29,57,89.4,-0.06,0.729,0,ordinary
فری,60,15,24,54,89.3,+0.24,0.452,0,ordinary
فتن,60,8,32,58,89.2,-0.01,0.663,0,ordinary
غیب,60,6,35,59,89.2,-0.12,0.424,0,ordinary
ظهر,59,16,30,57,89.1,+0.27,0.188,0,ordinary
نسو,59,4,16,53,89.1,-0.26,0.18,0,ordinary
ردد,59,17,30,57,89.0,+0.29,0.79,0,ordinary
زکو,59,12,29,56,88.9,+0.15,0.228,0,ordinary
ضرب,58,6,28,54,88.9,-0.11,0.529,0,ordinary
روح,57,8,40,52,88.8,-0.00,0.478,0,ordinary
عدد,57,13,26,50,88.8,+0.19,0.162,0,ordinary
قری,57,4,26,54,88.7,-0.26,0.63,0,ordinary
ءجل,56,4,29,48,88.7,-0.25,0.555,0,ordinary
نهی,56,24,26,54,88.6,+0.45,0.225,0,ordinary
ذهب,56,10,30,56,88.5,+0.09,0.566,0,ordinary
دور,55,7,27,53,88.5,-0.05,0.574,0,ordinary
فسق,54,9,23,54,88.4,+0.05,0.394,0,ordinary
ضعف,52,16,21,45,88.4,+0.29,0.617,0,ordinary
ندو,52,12,26,49,88.3,+0.17,0.257,0,ordinary
خبر,51,5,31,51,88.2,-0.16,0.264,0,ordinary
تحت,51,1,30,50,88.2,-0.64,0.574,0,ordinary
حلل,51,15,21,43,88.1,+0.27,0.376,0,ordinary
فسد,50,10,23,47,88.1,+0.11,0.855,0,ordinary
نفع,50,6,31,49,88.0,-0.09,0.691,0,ordinary
طیب,50,9,23,46,87.9,+0.07,0.832,0,ordinary
وری,50,9,29,47,87.9,+0.07,0.309,0,ordinary
عقل,49,4,30,49,87.8,-0.23,0.993,0,ordinary
سوع,49,2,27,44,87.8,-0.45,0.365,0,ordinary
ءثم,48,10,21,42,87.7,+0.11,0.5,0,ordinary
قدم,48,10,37,48,87.7,+0.11,0.555,0,ordinary
خشی,48,10,24,40,87.6,+0.11,0.209,0,ordinary
طعم,48,10,26,41,87.5,+0.11,0.0243,1,SIGNATURE(local)
کرم,47,12,29,46,87.5,+0.19,0.0243,1,SIGNATURE(local)
عجل,47,11,25,44,87.4,+0.15,0.45,0,ordinary
صدر,46,4,31,43,87.4,-0.22,0.0888,0,ordinary
زین,46,5,28,43,87.3,-0.14,0.834,0,ordinary
عهد,46,4,17,36,87.2,-0.22,0.7,0,ordinary
صرط,45,2,25,45,87.2,-0.44,0.115,0,ordinary
وذر,45,4,29,43,87.1,-0.22,0.192,0,ordinary
نسی,45,12,20,37,87.1,+0.20,0.375,0,ordinary
صبح,45,10,25,43,87.0,+0.12,0.151,0,ordinary
حفظ,44,17,23,42,86.9,+0.34,0.219,0,ordinary
دبر,44,10,31,44,86.9,+0.13,0.343,0,ordinary
بدل,44,14,25,40,86.8,+0.26,0.64,0,ordinary
یسر,44,11,27,40,86.8,+0.17,0.0243,1,SIGNATURE(local)
سرر,44,14,33,43,86.7,+0.26,0.219,0,ordinary
حشر,43,8,28,43,86.7,+0.04,0.694,0,ordinary
فصل,43,12,24,42,86.6,+0.20,0.226,0,ordinary
نوح,43,2,28,43,86.5,-0.43,0.329,0,ordinary
جوب,43,15,23,41,86.5,+0.29,0.478,0,ordinary
ترک,43,8,20,37,86.4,+0.04,0.329,0,ordinary
مکر,43,5,14,23,86.4,-0.13,0.226,0,ordinary
فوق,43,3,27,41,86.3,-0.31,0.93,0,ordinary
بحر,42,6,25,40,86.2,-0.06,0.394,0,ordinary
قوی,42,6,25,39,86.2,-0.06,0.446,0,ordinary
حزن,42,4,25,42,86.1,-0.21,1,0,ordinary
سخر,42,9,21,35,86.1,+0.09,0.45,0,ordinary
صدد,42,6,23,41,86.0,-0.06,0.45,0,ordinary
طوف,41,10,22,35,85.9,+0.14,0.466,0,ordinary
لعن,41,10,18,36,85.9,+0.14,0.868,0,ordinary
کره,41,9,21,35,85.8,+0.10,0.42,0,ordinary
جبل,41,4,33,39,85.8,-0.20,0.219,0,ordinary
جهد,41,8,19,36,85.7,+0.05,0.364,0,ordinary
ویل,40,4,25,38,85.7,-0.20,0.0243,1,SIGNATURE(local)
قرن,40,11,22,38,85.6,+0.18,0.419,0,ordinary
ملء,40,7,18,40,85.5,+0.00,0.462,0,ordinary
فلح,40,6,24,40,85.5,-0.05,0.506,0,ordinary
شعر,40,9,23,40,85.4,+0.10,0.832,0,ordinary
شرب,39,11,22,34,85.4,+0.18,0.178,0,ordinary
طغی,39,14,27,39,85.3,+0.28,0.192,0,ordinary
ذنب,39,3,26,37,85.2,-0.29,0.378,0,ordinary
سلط,39,4,27,39,85.2,-0.20,0.741,0,ordinary
ذرر,38,3,21,36,85.1,-0.29,0.113,0,ordinary
مرء,38,8,22,37,85.1,+0.06,0.103,0,ordinary
فتح,38,12,25,33,85.0,+0.22,0.233,0,ordinary
هوی,38,9,22,37,85.0,+0.11,0.183,0,ordinary
قرر,38,12,22,37,84.9,+0.22,0.441,0,ordinary
سبق,37,11,24,35,84.8,+0.19,0.343,0,ordinary
نکر,37,10,26,37,84.8,+0.16,0.791,0,ordinary
بلو,37,16,24,34,84.7,+0.34,0.339,0,ordinary
قطع,36,9,23,36,84.7,+0.12,0.818,0,ordinary
ءوی,36,11,23,36,84.6,+0.20,0.308,0,ordinary
ریب,36,8,26,35,84.5,+0.07,0.797,0,ordinary
بطل,36,6,24,34,84.5,-0.04,0.956,0,ordinary
حدث,36,8,28,36,84.4,+0.07,0.197,0,ordinary
کید,35,6,16,29,84.4,-0.03,0.0243,1,SIGNATURE(local)
ورث,35,14,20,34,84.3,+0.30,0.558,0,ordinary
حین,35,1,23,33,84.2,-0.58,0.627,0,ordinary
مرر,35,9,22,32,84.2,+0.12,0.52,0,ordinary
غفل,35,8,21,35,84.1,+0.08,1,0,ordinary
عفو,35,11,11,31,84.1,+0.20,0.64,0,ordinary
خفی,34,15,21,31,84.0,+0.33,0.577,0,ordinary
ریم,34,1,12,31,84.0,-0.57,0.355,0,ordinary
هزء,34,9,21,32,83.9,+0.13,0.698,0,ordinary
ءلی,34,1,3,34,83.8,-0.57,0.0243,1,SIGNATURE(local)
جنح,34,5,14,32,83.8,-0.09,0.7,0,ordinary
وثق,34,8,13,29,83.7,+0.08,0.462,0,ordinary
عرش,33,4,25,32,83.7,-0.17,0.524,0,ordinary
ظلل,33,10,20,31,83.6,+0.17,0.253,0,ordinary
جنب,33,10,21,31,83.5,+0.17,0.443,0,ordinary
کفی,33,5,15,32,83.5,-0.09,0.482,0,ordinary
قسم,33,11,24,31,83.4,+0.21,0.174,0,ordinary
حجج,33,8,10,26,83.4,+0.09,0.609,0,ordinary
عمی,33,10,22,30,83.3,+0.17,0.797,0,ordinary
شمس,33,2,28,32,83.2,-0.39,0.444,0,ordinary
ثلث,32,10,20,28,83.2,+0.18,0.557,0,ordinary
وصی,32,11,13,21,83.1,+0.22,0.0243,1,SIGNATURE(local)
ءسف,32,4,7,30,83.1,-0.16,0.0243,1,SIGNATURE(local)
وسع,32,7,15,29,83.0,+0.04,0.773,0,ordinary
عصی,32,10,23,32,83.0,+0.18,0.611,0,ordinary
برر,32,5,18,30,82.9,-0.08,0.353,0,ordinary
نصب,32,7,19,29,82.8,+0.04,0.103,0,ordinary
مدد,32,16,24,29,82.8,+0.37,0.266,0,ordinary
برک,32,7,22,32,82.7,+0.04,0.71,0,ordinary
لبث,31,4,17,27,82.7,-0.16,0.454,0,ordinary
قعد,31,14,15,26,82.6,+0.32,0.46,0,ordinary
غلب,31,9,18,28,82.5,+0.14,0.435,0,ordinary
بدو,31,11,16,29,82.5,+0.22,0.933,0,ordinary
هجر,31,11,17,27,82.4,+0.22,0.385,0,ordinary
طهر,31,13,18,26,82.4,+0.29,0.595,0,ordinary
شفع,31,6,19,26,82.3,-0.01,0.663,0,ordinary
حیث,31,2,14,29,82.2,-0.38,0.663,0,ordinary
شرر,31,4,22,30,82.2,-0.16,0.0243,1,SIGNATURE(local)
خلص,31,9,17,30,82.1,+0.14,0.335,0,ordinary
ءنث,30,3,17,26,82.1,-0.25,0.372,0,ordinary
سعی,30,7,20,28,82.0,+0.05,0.18,0,ordinary
هود,30,6,12,29,82.0,-0.01,0.7,0,ordinary
عسی,30,2,16,28,81.9,-0.38,0.52,0,ordinary
ءفک,30,10,21,29,81.8,+0.19,0.444,0,ordinary
صرف,30,11,17,29,81.8,+0.23,0.836,0,ordinary
قصص,30,9,14,25,81.7,+0.15,0.939,0,ordinary
برء,29,15,19,26,81.7,+0.36,0.944,0,ordinary
طیر,29,8,19,24,81.6,+0.11,0.245,0,ordinary
جند,29,4,18,27,81.5,-0.15,0.448,0,ordinary
ثوب,29,9,16,24,81.5,+0.15,0.54,0,ordinary
ودد,29,7,18,28,81.4,+0.06,0.248,0,ordinary
غشو,29,15,23,26,81.4,+0.36,0.141,0,ordinary
رفع,29,9,21,29,81.3,+0.15,0.115,0,ordinary
فوز,29,7,21,27,81.2,+0.06,0.585,0,ordinary
جدل,29,6,16,27,81.2,-0.00,0.617,0,ordinary
صیر,29,3,22,29,81.1,-0.24,0.56,0,ordinary
دری,29,7,21,28,81.1,+0.06,0.0243,1,SIGNATURE(local)
ثنی,29,12,18,24,81.0,+0.27,0.981,0,ordinary
ثقل,28,12,19,26,81.0,+0.27,0.0243,1,SIGNATURE(local)
ءبد,28,1,15,28,80.9,-0.54,0.377,0,ordinary
نشء,28,9,14,25,80.8,+0.16,0.0648,0,ordinary
حوط,28,10,18,27,80.8,+0.20,0.618,0,ordinary
شقق,28,14,21,25,80.7,+0.33,0.331,0,ordinary
یقن,28,9,19,28,80.7,+0.16,0.0243,1,SIGNATURE(local)
خلو,28,5,18,28,80.6,-0.06,0.587,0,ordinary
سبع,28,5,16,24,80.5,-0.06,0.263,0,ordinary
عدل,28,6,11,24,80.5,+0.00,0.584,0,ordinary
لوط,27,2,14,27,80.4,-0.36,0.366,0,ordinary
عجب,27,7,17,24,80.4,+0.07,0.595,0,ordinary
بوب,27,5,17,24,80.3,-0.06,0.509,0,ordinary
مسک,27,9,17,24,80.2,+0.16,0.401,0,ordinary
عشر,27,10,19,26,80.2,+0.21,0.741,0,ordinary
شجر,27,2,19,26,80.1,-0.36,0.564,0,ordinary
غرر,27,6,14,21,80.1,+0.01,0.221,0,ordinary
عمر,27,11,16,22,80.0,+0.24,0.587,0,ordinary
وزر,27,8,11,14,80.0,+0.12,0.127,0,ordinary
سیر,27,9,21,25,79.9,+0.16,0.494,0,ordinary
قمر,27,2,23,26,79.8,-0.36,0.207,0,ordinary
ءین,27,2,20,27,79.8,-0.36,0.744,0,ordinary
مدن,27,3,15,27,79.7,-0.23,0.555,0,ordinary
منن,27,10,20,25,79.7,+0.21,0.186,0,ordinary
رجو,26,9,19,25,79.6,+0.17,0.632,0,ordinary
نبت,26,5,21,23,79.5,-0.05,0.45,0,ordinary
خزی,26,8,15,24,79.5,+0.12,0.79,0,ordinary
وضع,26,7,18,24,79.4,+0.07,0.18,0,ordinary
عجز,26,10,21,25,79.4,+0.21,0.577,0,ordinary
هون,26,10,19,26,79.3,+0.21,0.598,0,ordinary
ثمد,26,1,21,25,79.2,-0.53,0.264,0,ordinary
جحم,26,2,18,26,79.2,-0.35,0.04,1,SIGNATURE(local)
شری,25,10,8,23,79.1,+0.22,0.852,0,ordinary
بسط,25,8,15,23,79.1,+0.13,0.618,0,ordinary
بطن,25,6,18,25,79.0,+0.02,0.709,0,ordinary
لسن,25,3,18,24,79.0,-0.22,0.45,0,ordinary
صلی,25,14,21,25,78.9,+0.35,0.0648,0,ordinary
حول,25,8,19,25,78.8,+0.13,0.994,0,ordinary
عیس,25,1,11,25,78.8,-0.52,0.556,0,ordinary
حدد,25,7,12,20,78.7,+0.08,0.319,0,ordinary
قسط,25,5,15,22,78.7,-0.04,0.419,0,ordinary
حضر,25,11,16,25,78.6,+0.26,0.512,0,ordinary
فلک,25,1,20,25,78.5,-0.52,0.769,0,ordinary
سقی,25,15,19,24,78.5,+0.38,0.253,0,ordinary
وعظ,25,9,14,24,78.4,+0.18,0.971,0,ordinary
وهب,25,5,12,22,78.4,-0.04,0.251,0,ordinary
ءدم,25,1,9,25,78.3,-0.52,0.566,0,ordinary
وقع,24,9,16,22,78.2,+0.18,0.192,0,ordinary
رقب,24,9,14,20,78.2,+0.18,0.347,0,ordinary
ثمر,24,4,12,22,78.1,-0.12,0.856,0,ordinary
مرض,24,5,13,23,78.1,-0.04,0.663,0,ordinary
ذلل,24,12,17,23,78.0,+0.30,0.46,0,ordinary
فحش,24,3,15,23,78.0,-0.21,0.916,0,ordinary
غضب,24,4,15,21,77.9,-0.12,0.343,0,ordinary
کود,24,6,19,24,77.8,+0.03,0.767,0,ordinary
فجر,24,10,16,21,77.8,+0.23,0.0531,0,ordinary
ءذی,24,9,10,22,77.7,+0.18,0.46,0,ordinary
جهل,24,8,17,24,77.7,+0.14,1,0,ordinary
سرع,23,6,14,23,77.6,+0.04,0.791,0,ordinary
وزن,23,6,14,21,77.5,+0.04,0.0243,1,SIGNATURE(local)
سرف,23,8,17,21,77.5,+0.14,0.87,0,ordinary
لبس,23,6,13,20,77.4,+0.04,0.704,0,ordinary
غرق,23,8,18,23,77.4,+0.14,0.748,0,ordinary
طلق,23,5,10,21,77.3,-0.03,0.302,0,ordinary
نکح,23,8,6,19,77.2,+0.14,0.444,0,ordinary
مشی,23,8,14,20,77.2,+0.14,0.282,0,ordinary
یتم,23,4,12,22,77.1,-0.11,0.0243,1,SIGNATURE(local)
ربع,22,6,11,21,77.1,+0.04,0.64,0,ordinary
بنی,22,9,16,18,77.0,+0.20,0.309,0,ordinary
لدی,22,1,12,21,77.0,-0.50,0.137,0,ordinary
غوی,22,8,11,18,76.9,+0.15,0.444,0,ordinary
ترب,22,6,18,22,76.8,+0.04,0.236,0,ordinary
خطء,22,8,13,20,76.8,+0.15,0.374,0,ordinary
فرح,22,5,13,21,76.7,-0.02,0.691,0,ordinary
تمم,22,6,12,20,76.7,+0.04,0.926,0,ordinary
ءلف,22,8,12,19,76.6,+0.15,0.0243,1,SIGNATURE(local)
عرب,22,4,15,22,76.5,-0.10,0.52,0,ordinary
فتی,21,12,7,19,76.5,+0.32,0.422,0,ordinary
حلم,21,4,16,20,76.4,-0.10,0.95,0,ordinary
حذر,21,7,12,19,76.4,+0.11,0.868,0,ordinary
کتم,21,4,7,20,76.3,-0.10,0.846,0,ordinary
بقی,21,10,16,21,76.2,+0.25,0.394,0,ordinary
سنن,21,4,11,15,76.2,-0.10,0.372,0,ordinary
ءوب,21,7,11,21,76.1,+0.11,0.04,1,SIGNATURE(local)
حمم,21,3,15,20,76.1,-0.19,0.141,0,ordinary
منی,21,10,10,18,76.0,+0.25,0.201,0,ordinary
نشر,21,15,18,20,76.0,+0.41,0.219,0,ordinary
حجر,21,6,14,18,75.9,+0.05,0.19,0,ordinary
ءثر,21,8,16,21,75.8,+0.16,0.375,0,ordinary
شهر,21,5,9,17,75.8,-0.02,0.307,0,ordinary
فقه,20,4,12,20,75.7,-0.09,0.431,0,ordinary
هرن,20,1,13,20,75.7,-0.49,0.696,0,ordinary
صنع,20,8,14,19,75.6,+0.17,0.741,0,ordinary
حزب,20,3,13,17,75.5,-0.18,0.308,0,ordinary
فطر,20,7,17,19,75.5,+0.12,0.422,0,ordinary
لعب,20,5,13,20,75.4,-0.01,0.459,0,ordinary
کشف,20,7,14,20,75.4,+0.12,0.533,0,ordinary
سنو,20,3,17,20,75.3,-0.18,0.84,0,ordinary
درج,20,3,16,20,75.2,-0.18,0.981,0,ordinary
نفخ,20,6,17,18,75.2,+0.06,0.435,0,ordinary
نخل,20,4,16,20,75.1,-0.09,0.488,0,ordinary
نزع,20,9,16,20,75.1,+0.21,0.669,0,ordinary
ربو,20,10,12,15,75.0,+0.25,0.702,0,ordinary
NA,20,1,19,20,75.0,-0.49,0.753,0,ordinary
مری,20,8,16,19,74.9,+0.17,0.57,0,ordinary
سحق,19,3,14,18,74.8,-0.18,0.914,0,ordinary
سعر,19,3,15,19,74.8,-0.18,0.177,0,ordinary
غرب,19,11,13,17,74.7,+0.30,0.663,0,ordinary
رشد,19,7,9,19,74.7,+0.12,0.19,0,ordinary
صور,19,5,17,17,74.6,-0.00,0.329,0,ordinary
بلد,19,4,15,19,74.5,-0.08,0.0759,0,ordinary
طلع,19,9,13,18,74.5,+0.22,0.0888,0,ordinary
فکه,19,6,12,19,74.4,+0.07,0.115,0,ordinary
ثمن,19,6,13,19,74.4,+0.07,0.744,0,ordinary
فکر,18,3,13,18,74.3,-0.17,0.729,0,ordinary
خصم,18,11,12,17,74.3,+0.31,0.385,0,ordinary
فرض,18,5,7,14,74.2,+0.01,0.772,0,ordinary
نفر,18,9,10,16,74.1,+0.23,0.45,0,ordinary
دبب,18,2,14,18,74.1,-0.29,0.783,0,ordinary
صفو,18,9,12,17,74.0,+0.23,0.971,0,ordinary
رءس,18,2,15,17,74.0,-0.29,0.745,0,ordinary
مکن,18,5,12,16,73.9,+0.01,0.454,0,ordinary
حصن,18,7,7,12,73.8,+0.13,0.456,0,ordinary
لدن,18,1,10,17,73.8,-0.47,0.775,0,ordinary
نوب,18,7,11,18,73.7,+0.13,0.361,0,ordinary
ثبت,18,7,11,17,73.7,+0.13,0.543,0,ordinary
ملل,18,3,11,16,73.6,-0.17,1,0,ordinary
نقم,17,7,12,16,73.5,+0.14,0.429,0,ordinary
بوء,17,8,12,16,73.5,+0.19,0.971,0,ordinary
خفف,17,9,13,17,73.4,+0.24,0.394,0,ordinary
عوذ,17,6,14,17,73.4,+0.08,0.0648,0,ordinary
ربص,17,6,7,12,73.3,+0.08,0.29,0,ordinary
شرق,17,7,13,17,73.3,+0.14,0.651,0,ordinary
زعم,17,4,10,16,73.2,-0.06,0.52,0,ordinary
سوق,17,10,13,16,73.1,+0.28,0.153,0,ordinary
خشع,17,9,16,16,73.1,+0.24,0.398,0,ordinary
منع,17,8,16,17,73.0,+0.19,0.204,0,ordinary
سور,17,5,13,16,73.0,+0.02,0.617,0,ordinary
مهد,16,7,13,15,72.9,+0.15,0.444,0,ordinary
غلل,16,7,12,13,72.8,+0.15,0.7,0,ordinary
کیل,16,6,7,13,72.8,+0.09,0.221,0,ordinary
دود,16,1,9,16,72.7,-0.45,0.293,0,ordinary
بلس,16,4,13,16,72.7,-0.05,0.642,0,ordinary
لبب,16,1,10,16,72.6,-0.45,0.666,0,ordinary
عتد,16,2,10,16,72.5,-0.27,0.466,0,ordinary
حبط,16,4,12,16,72.5,-0.05,0.555,0,ordinary
خون,16,10,8,11,72.4,+0.29,0.366,0,ordinary
لهو,16,8,13,15,72.4,+0.20,0.0979,0,ordinary
جهر,16,6,13,15,72.3,+0.09,0.357,0,ordinary
غدو,16,7,13,16,72.3,+0.15,0.45,0,ordinary
خبث,16,7,9,10,72.2,+0.15,0.617,0,ordinary
فءد,16,3,13,15,72.1,-0.15,0.252,0,ordinary
علن,16,5,12,16,72.1,+0.03,0.557,0,ordinary
کفف,15,5,9,14,72.0,+0.04,0.79,0,ordinary
رکب,15,8,13,15,72.0,+0.21,0.347,0,ordinary
سوم,15,5,10,15,71.9,+0.04,0.797,0,ordinary
صمم,15,3,13,14,71.8,-0.14,0.982,0,ordinary
مطر,15,4,9,9,71.8,-0.04,0.558,0,ordinary
مسح,15,3,5,12,71.7,-0.14,0.548,0,ordinary
حرج,15,2,9,11,71.7,-0.26,0.435,0,ordinary
حرر,15,7,10,11,71.6,+0.16,0.797,0,ordinary
بدء,15,4,11,14,71.5,-0.04,0.437,0,ordinary
شکک,15,1,11,15,71.5,-0.44,0.618,0,ordinary
بیع,15,4,8,11,71.4,-0.04,0.34,0,ordinary
وصف,14,3,7,14,71.4,-0.13,0.543,0,ordinary
صفف,14,5,11,12,71.3,+0.05,0.145,0,ordinary
رجم,14,9,12,14,71.3,+0.27,0.388,0,ordinary
عطو,14,7,11,12,71.2,+0.17,0.0243,1,SIGNATURE(local)
فقر,14,5,11,14,71.1,+0.05,0.769,0,ordinary
سطر,14,5,13,14,71.1,+0.05,0.377,0,ordinary
رسو,14,4,13,14,71.0,-0.03,0.34,0,ordinary
زرع,14,6,12,12,71.0,+0.12,0.422,0,ordinary
لوم,14,11,10,12,70.9,+0.35,0.357,0,ordinary
صوم,14,7,6,11,70.8,+0.17,0.823,0,ordinary
ولج,14,4,8,9,70.8,-0.03,0.357,0,ordinary
حرث,14,2,7,11,70.7,-0.25,0.562,0,ordinary
عشو,14,5,11,14,70.7,+0.05,0.564,0,ordinary
ثوی,14,4,10,14,70.6,-0.03,0.577,0,ordinary
وقت,13,6,10,13,70.5,+0.13,0.478,0,ordinary
یءس,13,6,9,11,70.5,+0.13,0.372,0,ordinary
رکع,13,7,8,10,70.4,+0.19,0.372,0,ordinary
جلد,13,4,6,9,70.4,-0.02,0.357,0,ordinary
صغر,13,7,11,13,70.3,+0.19,0.983,0,ordinary
شهو,13,5,13,13,70.3,+0.06,0.658,0,ordinary
شعب,13,4,6,12,70.2,-0.02,0.413,0,ordinary
رءف,13,2,8,13,70.1,-0.24,0.675,0,ordinary
ضیق,13,6,10,12,70.1,+0.13,0.785,0,ordinary
جور,13,9,10,10,70.0,+0.28,0.661,0,ordinary
بغت,13,1,10,13,70.0,-0.42,0.913,0,ordinary
خلل,13,4,11,13,69.9,-0.02,0.873,0,ordinary
نصح,13,6,6,11,69.8,+0.13,0.555,0,ordinary
صیح,13,1,9,13,69.8,-0.42,0.329,0,ordinary
طمءن,13,7,11,12,69.7,+0.19,0.69,0,ordinary
قنت,13,7,8,12,69.7,+0.19,0.413,0,ordinary
قرض,13,4,6,7,69.6,-0.02,0.153,0,ordinary
عصم,13,6,10,12,69.5,+0.13,0.967,0,ordinary
خزن,13,3,11,13,69.5,-0.12,0.46,0,ordinary
حور,13,6,10,12,69.4,+0.13,0.283,0,ordinary
غلظ,13,6,10,13,69.4,+0.13,0.451,0,ordinary
غلم,13,4,8,13,69.3,-0.02,0.375,0,ordinary
نجم,13,2,12,13,69.3,-0.24,0.233,0,ordinary
حلف,13,3,5,12,69.2,-0.12,0.264,0,ordinary
فدی,13,8,10,13,69.1,+0.24,0.786,0,ordinary
فوه,13,2,10,13,69.1,-0.24,0.77,0,ordinary
ءبی,13,6,8,12,69.0,+0.13,0.911,0,ordinary
شقو,12,9,7,12,69.0,+0.30,0.103,0,ordinary
شمل,12,3,9,11,68.9,-0.10,0.364,0,ordinary
بخل,12,4,6,7,68.8,-0.01,0.207,0,ordinary
شبه,12,6,6,9,68.8,+0.14,0.944,0,ordinary
شیع,12,5,9,11,68.7,+0.07,0.621,0,ordinary
نیل,12,3,7,10,68.7,-0.10,0.939,0,ordinary
نبذ,12,4,10,12,68.6,-0.01,0.24,0,ordinary
حنف,12,2,9,12,68.5,-0.23,0.611,0,ordinary
سفر,12,7,9,12,68.5,+0.20,0.252,0,ordinary
عسر,12,7,9,12,68.4,+0.20,0.0243,1,SIGNATURE(local)
بکر,12,4,11,12,68.4,-0.01,0.508,0,ordinary
عصو,12,2,6,12,68.3,-0.23,0.543,0,ordinary
نطق,12,4,9,11,68.3,-0.01,0.38,0,ordinary
سلک,12,6,11,12,68.2,+0.14,0.329,0,ordinary
کنن,12,5,11,12,68.1,+0.07,0.551,0,ordinary
طین,12,2,11,12,68.1,-0.23,0.701,0,ordinary
طمع,12,5,10,12,68.0,+0.07,0.54,0,ordinary
خوض,12,6,7,9,68.0,+0.14,0.309,0,ordinary
ودی,12,4,11,11,67.9,-0.01,0.52,0,ordinary
بیض,12,5,10,12,67.8,+0.07,0.893,0,ordinary
رهب,12,10,10,12,67.8,+0.34,0.95,0,ordinary
جبی,12,5,12,12,67.7,+0.07,0.919,0,ordinary
خطب,12,6,11,12,67.7,+0.14,0.543,0,ordinary
حسر,12,5,12,12,67.6,+0.07,0.728,0,ordinary
خرر,12,3,10,12,67.5,-0.10,0.728,0,ordinary
جحد,12,2,10,12,67.5,-0.23,0.657,0,ordinary
درک,12,8,9,11,67.4,+0.25,0.898,0,ordinary
نجل,12,1,6,12,67.4,-0.40,0.708,0,ordinary
لحم,12,3,10,12,67.3,-0.10,0.72,0,ordinary
عذر,12,6,8,11,67.3,+0.14,0.286,0,ordinary
نطف,12,1,11,12,67.2,-0.40,0.331,0,ordinary
سجن,12,4,3,12,67.1,-0.01,0.115,0,ordinary
وصل,12,5,7,10,67.1,+0.07,0.593,0,ordinary
طرق,11,5,6,11,67.0,+0.09,0.0857,0,ordinary
طرف,11,4,11,11,67.0,+0.01,0.797,0,ordinary
قصر,11,7,9,11,66.9,+0.21,0.444,0,ordinary
غمم,11,4,8,10,66.8,+0.01,1,0,ordinary
جمل,11,6,9,11,66.8,+0.15,0.422,0,ordinary
رضع,11,7,5,6,66.7,+0.21,0.424,0,ordinary
طبع,11,3,9,11,66.7,-0.09,0.708,0,ordinary
عون,11,7,8,10,66.6,+0.21,0.27,0,ordinary
شفق,11,4,9,11,66.5,+0.01,0.312,0,ordinary
برق,11,3,10,11,66.5,-0.09,0.424,0,ordinary
حصی,11,5,10,11,66.4,+0.09,0.356,0,ordinary
یمم,11,2,7,10,66.4,-0.21,0.506,0,ordinary
فرر,11,7,9,10,66.3,+0.21,0.271,0,ordinary
وکء,11,5,10,11,66.3,+0.09,0.392,0,ordinary
فءی,11,3,6,9,66.2,-0.09,0.601,0,ordinary
غیظ,11,4,8,10,66.1,+0.01,0.786,0,ordinary
صعق,11,5,8,10,66.1,+0.09,0.45,0,ordinary
ورد,11,8,7,9,66.0,+0.26,0.524,0,ordinary
سفه,11,6,5,10,66.0,+0.15,0.861,0,ordinary
حرب,11,5,9,11,65.9,+0.09,0.946,0,ordinary
عدن,11,1,11,11,65.8,-0.39,0.418,0,ordinary
طور,11,2,9,11,65.8,-0.21,0.255,0,ordinary
وقد,11,6,10,11,65.7,+0.15,0.197,0,ordinary
عنب,11,4,10,11,65.7,+0.01,0.466,0,ordinary
زبر,11,4,10,11,65.6,+0.01,0.595,0,ordinary
لغو,11,4,11,11,65.5,+0.01,0.374,0,ordinary
سبب,11,5,6,10,65.5,+0.09,0.566,0,ordinary
سحب,11,3,10,11,65.4,-0.09,0.656,0,ordinary
ضیع,10,4,8,10,65.4,+0.02,0.998,0,ordinary
جدد,10,4,8,10,65.3,+0.02,0.413,0,ordinary
زیل,10,6,10,10,65.3,+0.17,0.972,0,ordinary
مءی,10,2,5,7,65.2,-0.20,0.508,0,ordinary
ملو,10,5,8,9,65.1,+0.10,0.663,0,ordinary
قدس,10,5,7,10,65.1,+0.10,0.511,0,ordinary
رجز,10,2,7,9,65.0,-0.20,0.627,0,ordinary
رجس,10,2,7,9,65.0,-0.20,0.954,0,ordinary
حیق,10,2,9,10,64.9,-0.20,0.748,0,ordinary
بطش,10,5,8,8,64.8,+0.10,0.283,0,ordinary
رعی,10,8,9,9,64.8,+0.28,0.272,0,ordinary
نقص,10,6,9,10,64.7,+0.17,0.622,0,ordinary
رهق,10,4,7,10,64.7,+0.02,0.25,0,ordinary
عرج,10,5,9,10,64.6,+0.10,0.264,0,ordinary
طول,10,5,10,10,64.6,+0.10,0.585,0,ordinary
عتو,10,5,7,9,64.5,+0.10,0.378,0,ordinary
سود,10,9,8,9,64.4,+0.32,0.954,0,ordinary
ضحک,10,6,8,10,64.4,+0.17,0.192,0,ordinary
دفع,10,4,8,9,64.3,+0.02,0.574,0,ordinary
دمر,10,3,8,8,64.3,-0.07,0.66,0,ordinary
دمو,10,3,7,10,64.2,-0.07,1,0,ordinary
جبر,10,3,9,10,64.1,-0.07,0.682,0,ordinary
قهر,10,4,9,10,64.1,+0.02,0.302,0,ordinary
خیل,10,5,10,10,64.0,+0.10,0.856,0,ordinary
ءید,10,3,8,10,64.0,-0.07,0.691,0,ordinary
کفل,10,5,8,10,63.9,+0.10,0.745,0,ordinary
عزل,10,6,8,10,63.8,+0.17,0.785,0,ordinary
سفل,10,5,9,9,63.8,+0.10,0.0243,1,SIGNATURE(local)
ءصل,10,4,10,10,63.7,+0.02,0.598,0,ordinary
زلف,10,5,8,10,63.7,+0.10,0.343,0,ordinary
فیض,9,4,7,8,63.6,+0.04,0.994,0,ordinary
غنم,9,2,6,9,63.6,-0.18,0.371,0,ordinary
وهن,9,5,7,8,63.5,+0.12,0.557,0,ordinary
حلی,9,4,8,9,63.4,+0.04,0.564,0,ordinary
دوم,9,4,6,9,63.4,+0.04,0.611,0,ordinary
بقر,9,3,3,9,63.3,-0.06,0.897,0,ordinary
عوج,9,2,7,9,63.3,-0.18,0.908,0,ordinary
قذف,9,4,6,8,63.2,+0.04,0.478,0,ordinary
زنی,9,6,4,5,63.1,+0.19,0.268,0,ordinary
عزم,9,3,7,9,63.1,-0.06,0.818,0,ordinary
عبر,9,4,8,9,63.0,+0.04,0.593,0,ordinary
سرق,9,7,4,7,63.0,+0.24,0.371,0,ordinary
کنز,9,4,6,7,62.9,+0.04,0.786,0,ordinary
نقض,9,4,7,9,62.8,+0.04,0.178,0,ordinary
وقر,9,4,8,9,62.8,+0.04,0.429,0,ordinary
رمی,9,4,5,7,62.7,+0.04,0.0979,0,ordinary
سبت,9,3,6,7,62.7,-0.06,0.708,0,ordinary
حرق,9,4,8,9,62.6,+0.04,0.484,0,ordinary
نوم,9,3,9,9,62.6,-0.06,0.543,0,ordinary
عنق,9,2,8,9,62.5,-0.18,0.748,0,ordinary
عکف,9,6,7,9,62.4,+0.19,0.876,0,ordinary
عوم,9,3,5,7,62.4,-0.06,0.739,0,ordinary
تجر,9,1,7,8,62.3,-0.36,0.257,0,ordinary
زیغ,9,6,7,8,62.3,+0.19,0.334,0,ordinary
بثث,9,5,9,9,62.2,+0.12,0.188,0,ordinary
قبض,9,5,6,7,62.1,+0.12,0.631,0,ordinary
فرج,9,2,8,9,62.1,-0.18,0.361,0,ordinary
صعد,9,5,8,9,62.0,+0.12,0.611,0,ordinary
فضض,9,3,6,9,62.0,-0.06,0.206,0,ordinary
لون,9,2,5,7,61.9,-0.18,0.455,0,ordinary
ذبح,9,4,6,9,61.8,+0.04,0.787,0,ordinary
صحف,9,3,8,9,61.8,-0.06,0.0531,0,ordinary
برز,9,3,8,9,61.7,-0.06,0.616,0,ordinary
همم,9,2,6,8,61.7,-0.18,0.971,0,ordinary
ترف,8,4,7,8,61.6,+0.06,0.596,0,ordinary
ءنی,8,5,8,8,61.6,+0.14,0.339,0,ordinary
ستت,8,2,8,8,61.5,-0.16,0.566,0,ordinary
سقط,8,6,8,8,61.4,+0.21,0.791,0,ordinary
سلف,8,3,7,8,61.4,-0.04,0.789,0,ordinary
خمس,8,4,7,8,61.3,+0.06,0.555,0,ordinary
بهت,8,4,6,8,61.3,+0.06,0.792,0,ordinary
رغب,8,6,7,8,61.2,+0.21,0.174,0,ordinary
درس,8,5,7,8,61.1,+0.14,0.769,0,ordinary
ختم,8,6,7,8,61.1,+0.21,0.238,0,ordinary
حجب,8,3,8,8,61.0,-0.04,0.533,0,ordinary
صوت,8,2,4,5,61.0,-0.16,0.192,0,ordinary
هبط,8,2,4,8,60.9,-0.16,0.977,0,ordinary
فرط,8,4,6,8,60.8,+0.06,0.914,0,ordinary
صفح,8,5,6,7,60.8,+0.14,0.41,0,ordinary
صلب,8,4,7,8,60.7,+0.06,0.357,0,ordinary
برهن,8,2,7,8,60.7,-0.16,0.912,0,ordinary
رجف,8,4,5,7,60.6,+0.06,0.253,0,ordinary
سری,8,4,8,8,60.6,+0.06,0.45,0,ordinary
وبل,8,3,6,7,60.5,-0.04,0.424,0,ordinary
کلف,8,4,7,8,60.4,+0.06,0.858,0,ordinary
عقر,8,3,7,8,60.4,-0.04,0.283,0,ordinary
غبر,8,2,7,8,60.3,-0.16,0.422,0,ordinary
عیش,8,4,8,8,60.3,+0.06,0.207,0,ordinary
ضرع,8,5,4,8,60.2,+0.14,0.392,0,ordinary
قبر,8,4,8,8,60.1,+0.06,0.04,1,SIGNATURE(local)
خسف,8,3,7,8,60.1,-0.04,0.424,0,ordinary
خضر,8,4,7,8,60.0,+0.06,0.557,0,ordinary
لطف,8,3,8,8,60.0,-0.04,0.727,0,ordinary
حظظ,7,2,5,7,59.9,-0.14,0.957,0,ordinary
ءجج,7,4,5,5,59.8,+0.08,0.524,0,ordinary
زکر,7,1,4,6,59.8,-0.32,0.73,0,ordinary
سرح,7,5,3,5,59.7,+0.16,0.448,0,ordinary
ندم,7,2,6,7,59.7,-0.14,0.729,0,ordinary
دکک,7,4,4,4,59.6,+0.08,0.0759,0,ordinary
بضع,7,2,2,6,59.6,-0.14,0.257,0,ordinary
برج,7,4,6,6,59.5,+0.08,0.398,0,ordinary
سکر,7,4,5,6,59.4,+0.08,0.463,0,ordinary
بخس,7,4,6,7,59.4,+0.08,0.722,0,ordinary
تسع,7,4,5,6,59.3,+0.08,0.394,0,ordinary
زیت,7,4,5,6,59.3,+0.08,0.211,0,ordinary
مکث,7,5,7,7,59.2,+0.16,0.861,0,ordinary
نسک,7,4,3,6,59.1,+0.08,0.623,0,ordinary
فیء,7,4,5,6,59.1,+0.08,0.266,0,ordinary
بعل,7,3,5,5,59.0,-0.02,0.647,0,ordinary
دلل,7,4,5,7,59.0,+0.08,0.399,0,ordinary
موج,7,2,5,6,58.9,-0.14,0.692,0,ordinary
غرف,7,5,5,5,58.8,+0.16,0.751,0,ordinary
حبل,7,2,5,6,58.8,-0.14,0.178,0,ordinary
علق,7,3,6,6,58.7,-0.02,0.245,0,ordinary
نوق,7,1,6,7,58.7,-0.32,0.272,0,ordinary
ضحو,7,3,5,7,58.6,-0.02,0.103,0,ordinary
عقد,7,3,5,7,58.6,-0.02,0.115,0,ordinary
عمه,7,1,7,7,58.5,-0.32,0.939,0,ordinary
عمد,7,4,7,7,58.4,+0.08,0.17,0,ordinary
نکث,7,3,5,6,58.4,-0.02,0.564,0,ordinary
نصف,7,1,3,7,58.3,-0.32,0.27,0,ordinary
خول,7,3,5,6,58.3,-0.02,0.716,0,ordinary
خمر,7,2,5,7,58.2,-0.14,0.811,0,ordinary
خطف,7,6,6,6,58.1,+0.23,0.698,0,ordinary
قسو,7,3,6,6,58.1,-0.02,0.953,0,ordinary
عصف,7,5,6,6,58.0,+0.16,0.0888,0,ordinary
بکی,7,5,6,7,58.0,+0.16,0.363,0,ordinary
وعی,7,6,4,4,57.9,+0.23,0.183,0,ordinary
زجر,6,5,3,5,57.8,+0.19,0.233,0,ordinary
ءسر,6,5,4,6,57.8,+0.19,0.296,0,ordinary
همن,6,1,3,6,57.7,-0.29,0.45,0,ordinary
کلب,6,2,3,4,57.7,-0.12,0.455,0,ordinary
مهل,6,2,5,5,57.6,-0.12,0.04,1,SIGNATURE(local)
وطء,6,5,4,5,57.6,+0.19,0.474,0,ordinary
بکم,6,3,5,6,57.5,+0.01,1,0,ordinary
نزغ,6,2,4,4,57.4,-0.12,0.628,0,ordinary
کظم,6,3,6,6,57.4,+0.01,0.683,0,ordinary
تبر,6,5,4,4,57.3,+0.19,0.418,0,ordinary
قمص,6,1,1,6,57.3,-0.29,0.255,0,ordinary
قنط,6,5,5,6,57.2,+0.19,0.435,0,ordinary
کهف,6,1,1,6,57.1,-0.29,0.238,0,ordinary
خلط,6,4,6,6,57.1,+0.11,0.98,0,ordinary
ضیف,6,2,5,6,57.0,-0.12,0.387,0,ordinary
حرف,6,3,5,6,57.0,+0.01,0.976,0,ordinary
حبر,6,3,4,6,56.9,+0.01,0.786,0,ordinary
لحد,6,3,6,6,56.8,+0.01,0.663,0,ordinary
دءب,6,3,5,6,56.8,+0.01,0.744,0,ordinary
قصد,6,5,5,6,56.7,+0.19,0.499,0,ordinary
مقت,6,2,4,5,56.7,-0.12,0.374,0,ordinary
شفی,6,3,6,6,56.6,+0.01,0.912,0,ordinary
ردی,6,5,6,6,56.6,+0.19,0.279,0,ordinary
ءدی,6,4,4,5,56.5,+0.11,0.832,0,ordinary
زلزل,6,4,4,4,56.4,+0.11,0.04,1,SIGNATURE(local)
زور,6,4,5,6,56.4,+0.11,0.157,0,ordinary
حصد,6,4,6,6,56.3,+0.11,0.79,0,ordinary
رصد,6,5,4,6,56.3,+0.19,0.219,0,ordinary
حمی,6,4,5,5,56.2,+0.11,0.162,0,ordinary
ذرء,6,2,6,6,56.1,-0.12,0.704,0,ordinary
سدد,6,3,4,5,56.1,+0.01,0.503,0,ordinary
حصر,6,5,5,6,56.0,+0.19,1,0,ordinary
غیث,6,3,5,5,56.0,+0.01,0.629,0,ordinary
فرش,6,4,6,6,55.9,+0.11,0.183,0,ordinary
ثقف,6,3,6,6,55.8,+0.01,0.815,0,ordinary
فزع,6,1,4,6,55.8,-0.29,0.455,0,ordinary
فرغ,6,4,6,6,55.7,+0.11,0.127,0,ordinary
لحق,6,2,6,6,55.7,-0.12,0.424,0,ordinary
مرج,6,4,3,6,55.6,+0.11,0.174,0,ordinary
ندد,6,1,5,6,55.6,-0.29,0.811,0,ordinary
کرر,6,2,6,6,55.5,-0.12,0.422,0,ordinary
غرم,6,5,5,6,55.4,+0.19,0.415,0,ordinary
صید,6,2,1,5,55.4,-0.12,0.393,0,ordinary
ضوء,6,3,5,6,55.3,+0.01,0.972,0,ordinary
لءلء,6,2,6,6,55.3,-0.12,0.309,0,ordinary
حسس,6,4,4,6,55.2,+0.11,0.745,0,ordinary
صرر,6,4,5,6,55.1,+0.11,0.36,0,ordinary
کءس,6,2,5,6,55.1,-0.12,0.206,0,ordinary
حمر,6,3,6,6,55.0,+0.01,0.375,0,ordinary
لوح,6,3,4,6,55.0,+0.01,0.276,0,ordinary
فخر,6,4,5,6,54.9,+0.11,0.418,0,ordinary
میل,6,5,1,3,54.9,+0.19,0.495,0,ordinary
حطم,6,3,5,6,54.8,+0.01,0.0243,1,SIGNATURE(local)
خنزر,5,2,4,5,54.7,-0.09,0.994,0,ordinary
رفق,5,4,3,5,54.7,+0.14,0.654,0,ordinary
کسف,5,1,5,5,54.6,-0.26,0.557,0,ordinary
نقذ,5,4,4,5,54.6,+0.14,0.487,0,ordinary
ذرع,5,4,4,4,54.5,+0.14,0.251,0,ordinary
دهن,5,5,4,4,54.4,+0.21,0.219,0,ordinary
لزم,5,3,5,5,54.4,+0.04,0.753,0,ordinary
صدع,5,4,5,5,54.3,+0.14,0.209,0,ordinary
طوی,5,4,4,4,54.3,+0.14,0.422,0,ordinary
ربط,5,4,4,5,54.2,+0.14,0.744,0,ordinary
لوی,5,4,3,5,54.1,+0.14,0.511,0,ordinary
مید,5,2,4,5,54.1,-0.09,0.758,0,ordinary
مضی,5,5,5,5,54.0,+0.21,0.693,0,ordinary
مصر,5,2,4,5,54.0,-0.09,0.79,0,ordinary
قتر,5,5,5,5,53.9,+0.21,0.393,0,ordinary
قدد,5,2,2,5,53.9,-0.09,0.335,0,ordinary
هلل,5,2,4,5,53.8,-0.09,1,0,ordinary
صنم,5,2,5,5,53.7,-0.09,0.893,0,ordinary
ذمم,5,3,3,5,53.7,+0.04,0.535,0,ordinary
حوت,5,2,4,5,53.6,-0.09,0.556,0,ordinary
نکل,5,4,5,5,53.6,+0.14,0.392,0,ordinary
صفر,5,3,5,5,53.5,+0.04,0.45,0,ordinary
صدف,5,3,2,3,53.4,+0.04,0.663,0,ordinary
فرد,5,2,4,5,53.4,-0.09,0.617,0,ordinary
صبب,5,4,4,4,53.3,+0.14,0.137,0,ordinary
طرد,5,3,3,4,53.3,+0.04,0.803,0,ordinary
درء,5,4,5,5,53.2,+0.14,0.948,0,ordinary
عمم,5,3,3,3,53.1,+0.04,0.628,0,ordinary
قطر,5,4,5,5,53.1,+0.14,0.617,0,ordinary
عثو,5,1,5,5,53.0,-0.26,0.974,0,ordinary
نفد,5,4,4,4,53.0,+0.14,0.619,0,ordinary
سنبل,5,4,2,4,52.9,+0.14,0.667,0,ordinary
نسف,5,4,2,3,52.9,+0.14,0.268,0,ordinary
حرص,5,4,5,5,52.8,+0.14,1,0,ordinary
بور,5,4,4,5,52.7,+0.14,0.45,0,ordinary
قفو,5,2,4,4,52.7,-0.09,0.52,0,ordinary
حسد,5,5,4,4,52.6,+0.21,0.0243,1,SIGNATURE(local)
جوع,5,2,5,5,52.6,-0.09,0.0857,0,ordinary
جثم,5,1,3,5,52.5,-0.26,0.786,0,ordinary
رعب,5,2,5,5,52.4,-0.09,0.745,0,ordinary
کمل,5,4,3,5,52.4,+0.14,0.993,0,ordinary
عتب,5,2,4,4,52.3,-0.09,0.444,0,ordinary
خطو,5,1,3,4,52.3,-0.26,0.805,0,ordinary
خیب,5,2,4,5,52.2,-0.09,0.204,0,ordinary
خوی,5,1,5,5,52.1,-0.26,0.625,0,ordinary
عصب,5,2,4,5,52.1,-0.09,0.786,0,ordinary
کسو,5,4,4,5,52.0,+0.14,1,0,ordinary
وسوس,5,4,4,5,52.0,+0.14,0.0243,1,SIGNATURE(local)
طمس,5,3,5,5,51.9,+0.04,0.397,0,ordinary
عصر,5,5,4,5,51.9,+0.21,0.0243,1,SIGNATURE(local)
جوز,5,2,5,5,51.8,-0.09,0.93,0,ordinary
عنت,5,2,5,5,51.7,-0.09,0.858,0,ordinary
مرد,5,5,5,5,51.7,+0.21,0.893,0,ordinary
سبط,5,2,4,5,51.6,-0.09,1,0,ordinary
ثور,5,3,4,5,51.6,+0.04,0.178,0,ordinary
کوکب,5,3,5,5,51.5,+0.04,0.307,0,ordinary
لمس,5,3,5,5,51.4,+0.04,0.615,0,ordinary
ءرک,5,1,4,5,51.4,-0.26,0.178,0,ordinary
زهق,5,4,3,4,51.3,+0.14,0.743,0,ordinary
شرح,5,4,5,5,51.3,+0.14,0.141,0,ordinary
شحح,5,2,4,4,51.2,-0.09,0.429,0,ordinary
شرع,5,4,4,5,51.1,+0.14,0.518,0,ordinary
فوج,5,3,5,5,51.1,+0.04,0.0759,0,ordinary
شطر,5,1,1,3,51.0,-0.26,0.803,0,ordinary
هزز,5,3,5,5,51.0,+0.04,0.767,0,ordinary
فوت,5,3,5,5,50.9,+0.04,0.435,0,ordinary
شتت,5,3,5,5,50.9,+0.04,0.166,0,ordinary
ثبر,5,2,3,4,50.8,-0.09,0.219,0,ordinary
برد,5,3,5,5,50.7,+0.04,0.372,0,ordinary
صرخ,5,5,4,4,50.7,+0.21,0.487,0,ordinary
وزع,5,2,3,5,50.6,-0.09,0.37,0,ordinary
وجل,5,4,4,5,50.6,+0.14,0.426,0,ordinary
هیت,5,2,5,5,50.5,-0.09,0.938,0,ordinary
لین,5,5,5,5,50.4,+0.21,0.708,0,ordinary
وسط,5,4,4,5,50.4,+0.14,0.188,0,ordinary
شهب,5,3,4,5,50.3,+0.04,0.231,0,ordinary
خدع,5,3,3,3,50.3,+0.04,0.983,0,ordinary
حصب,5,2,5,5,50.2,-0.09,0.478,0,ordinary
سدس,5,2,3,4,50.1,-0.09,0.722,0,ordinary
جلو,5,4,4,5,50.1,+0.14,0.153,0,ordinary
حیص,5,2,5,5,50.0,-0.09,0.611,0,ordinary
نشز,5,4,3,4,50.0,+0.14,0.418,0,ordinary
دلو,5,5,4,4,49.9,+0.21,0.664,0,ordinary
خرص,5,3,4,5,49.9,+0.04,0.633,0,ordinary
قرف,5,3,3,4,49.8,+0.04,0.764,0,ordinary
قرع,5,1,3,5,49.7,-0.26,0.0243,1,SIGNATURE(local)
بغض,5,1,3,5,49.7,-0.26,0.609,0,ordinary
رقی,4,4,3,3,49.6,+0.17,0.314,0,ordinary
سقف,4,2,4,4,49.6,-0.05,0.54,0,ordinary
کعب,4,3,2,4,49.5,+0.07,0.404,0,ordinary
سقر,4,1,2,4,49.4,-0.23,0.137,0,ordinary
سفن,4,1,2,3,49.4,-0.23,0.508,0,ordinary
سمن,4,3,3,4,49.3,+0.07,0.207,0,ordinary
ءمس,4,1,2,4,49.3,-0.23,0.472,0,ordinary
ءسی,4,2,3,4,49.2,-0.05,0.769,0,ordinary
قلد,4,2,3,4,49.1,-0.05,0.751,0,ordinary
لمز,4,3,3,4,49.1,+0.07,0.17,0,ordinary
سجل,4,2,4,4,49.0,-0.05,0.127,0,ordinary
بدع,4,3,4,4,49.0,+0.07,0.73,0,ordinary
زلل,4,4,3,4,48.9,+0.17,1,0,ordinary
یبس,4,3,3,4,48.9,+0.07,0.776,0,ordinary
ءیک,4,1,4,4,48.8,-0.23,0.503,0,ordinary
عزر,4,3,4,4,48.7,+0.07,0.873,0,ordinary
وفق,4,4,3,4,48.7,+0.17,0.474,0,ordinary
وقف,4,3,3,4,48.6,+0.07,0.733,0,ordinary
بول,4,1,3,4,48.6,-0.23,0.375,0,ordinary
ءفل,4,2,1,3,48.5,-0.05,0.574,0,ordinary
نسل,4,2,4,4,48.4,-0.05,0.568,0,ordinary
عفف,4,2,3,4,48.4,-0.05,0.744,0,ordinary
قلم,4,2,4,4,48.3,-0.05,0.207,0,ordinary
تبب,4,3,3,3,48.3,+0.07,0.0243,1,SIGNATURE(local)
عجم,4,3,3,3,48.2,+0.07,0.474,0,ordinary
طوق,4,3,2,4,48.1,+0.07,0.993,0,ordinary
کوب,4,1,4,4,48.1,-0.23,0.197,0,ordinary
طلب,4,4,3,3,48.0,+0.17,0.691,0,ordinary
نمل,4,3,2,2,48.0,+0.07,0.373,0,ordinary
نقر,4,3,2,3,47.9,+0.07,0.221,0,ordinary
نسخ,4,4,4,4,47.9,+0.17,0.791,0,ordinary
نعج,4,2,1,2,47.8,-0.05,0.174,0,ordinary
نصو,4,2,3,4,47.7,-0.05,0.0759,0,ordinary
نفل,4,2,3,3,47.7,-0.05,0.628,0,ordinary
دحض,4,3,4,4,47.6,+0.07,0.721,0,ordinary
دخر,4,2,4,4,47.6,-0.05,0.782,0,ordinary
درر,4,2,4,4,47.5,-0.05,0.533,0,ordinary
طبق,4,3,3,3,47.4,+0.07,0.0888,0,ordinary
عور,4,2,2,3,47.4,-0.05,0.524,0,ordinary
غسل,4,4,4,4,47.3,+0.17,0.54,0,ordinary
غسق,4,4,4,4,47.3,+0.17,0.0648,0,ordinary
عقم,4,2,3,4,47.2,-0.05,0.277,0,ordinary
لجج,4,3,4,4,47.1,+0.07,0.543,0,ordinary
غضض,4,3,3,4,47.1,+0.07,0.415,0,ordinary
مزق,4,2,1,2,47.0,-0.05,0.188,0,ordinary
قنطر,4,4,2,3,47.0,+0.17,0.856,0,ordinary
قصو,4,3,4,4,46.9,+0.07,0.741,0,ordinary
طفل,4,3,3,4,46.9,+0.07,0.657,0,ordinary
سمم,4,2,4,4,46.8,-0.05,0.42,0,ordinary
سمر,4,2,2,4,46.7,-0.05,0.424,0,ordinary
خفض,4,2,4,4,46.7,-0.05,0.566,0,ordinary
ودع,4,3,4,4,46.6,+0.07,0.186,0,ordinary
سلح,4,1,1,1,46.6,-0.23,0.663,0,ordinary
خصص,4,3,4,4,46.5,+0.07,0.741,0,ordinary
دحر,4,2,3,4,46.4,-0.05,0.729,0,ordinary
خرق,4,2,3,3,46.4,-0.05,0.771,0,ordinary
خسء,4,3,4,4,46.3,+0.07,0.657,0,ordinary
جدر,4,4,3,4,46.3,+0.17,0.617,0,ordinary
غمر,4,2,3,4,46.2,-0.05,0.457,0,ordinary
غوث,4,4,4,4,46.1,+0.17,0.444,0,ordinary
غور,4,3,3,4,46.1,+0.07,0.577,0,ordinary
نحت,4,2,4,4,46.0,-0.05,0.729,0,ordinary
مجد,4,1,3,4,46.0,-0.23,0.137,0,ordinary
سول,4,1,3,4,45.9,-0.23,0.628,0,ordinary
جرح,4,4,3,4,45.9,+0.17,0.727,0,ordinary
کرب,4,1,3,4,45.8,-0.23,0.52,0,ordinary
صلصل,4,1,2,4,45.7,-0.23,0.219,0,ordinary
سدر,4,2,3,4,45.7,-0.05,0.242,0,ordinary
سرج,4,1,4,4,45.6,-0.23,0.308,0,ordinary
سرب,4,4,4,4,45.6,+0.17,0.408,0,ordinary
حیض,4,2,2,2,45.5,-0.05,0.242,0,ordinary
سفح,4,3,3,4,45.4,+0.07,0.994,0,ordinary
رکن,4,2,3,4,45.4,-0.05,0.558,0,ordinary
جسد,4,1,4,4,45.3,-0.23,0.791,0,ordinary
سخط,4,3,4,4,45.3,+0.07,0.832,0,ordinary
سحت,4,2,2,4,45.2,-0.05,0.708,0,ordinary
هیء,4,3,3,4,45.1,+0.07,0.791,0,ordinary
شیخ,4,3,4,4,45.1,+0.07,0.875,0,ordinary
صرح,4,2,3,3,45.0,-0.05,0.617,0,ordinary
شءن,4,1,4,4,45.0,-0.23,0.301,0,ordinary
سیل,4,3,2,3,44.9,+0.07,0.337,0,ordinary
ورق,4,2,4,4,44.9,-0.05,0.971,0,ordinary
فشل,4,2,2,4,44.8,-0.05,0.67,0,ordinary
میز,4,3,4,4,44.7,+0.07,0.543,0,ordinary
فلق,4,3,3,4,44.7,+0.07,0.115,0,ordinary
مهن,4,1,4,4,44.6,-0.23,0.29,0,ordinary
حمء,4,2,2,4,44.6,-0.05,0.252,0,ordinary
رتل,4,2,2,2,44.5,-0.05,0.178,0,ordinary
شور,4,4,4,4,44.4,+0.17,0.883,0,ordinary
فور,4,3,4,4,44.4,+0.07,0.628,0,ordinary
رذل,4,3,4,4,44.3,+0.07,0.872,0,ordinary
جهز,4,2,1,2,44.3,-0.05,0.357,0,ordinary
رحل,4,3,2,4,44.2,+0.07,0.0888,0,ordinary
رحب,4,2,2,4,44.2,-0.05,0.452,0,ordinary
هنء,4,1,4,4,44.1,-0.23,0.289,0,ordinary
زول,4,3,2,3,44.0,+0.07,0.347,0,ordinary
ءمد,4,2,4,4,44.0,-0.05,0.488,0,ordinary
زخرف,4,2,4,4,43.9,-0.05,0.855,0,ordinary
ءبل,3,2,3,3,43.9,-0.00,0.0759,0,ordinary
زفر,3,2,3,3,43.8,-0.00,0.748,0,ordinary
زقم,3,1,3,3,43.7,-0.18,0.35,0,ordinary
کور,3,2,2,2,43.7,-0.00,0.211,0,ordinary
ءلو,3,3,3,3,43.6,+0.12,0.979,0,ordinary
ءنف,3,2,2,2,43.6,-0.00,0.628,0,ordinary
ستر,3,3,3,3,43.5,+0.12,0.734,0,ordinary
سجر,3,3,3,3,43.4,+0.12,0.248,0,ordinary
سءم,3,2,2,3,43.4,-0.00,0.438,0,ordinary
زبد,3,2,1,1,43.3,-0.00,0.253,0,ordinary
بذر,3,3,1,2,43.3,+0.12,0.415,0,ordinary
شحن,3,1,3,3,43.2,-0.18,0.64,0,ordinary
ردف,3,3,3,3,43.2,+0.12,0.364,0,ordinary
شنء,3,2,2,3,43.1,-0.00,0.0243,1,SIGNATURE(local)
شطط,3,2,3,3,43.0,-0.00,0.422,0,ordinary
هزم,3,3,3,3,43.0,+0.12,0.566,0,ordinary
جزء,3,2,3,3,42.9,-0.00,0.663,0,ordinary
لهب,3,1,2,3,42.9,-0.18,0.0243,1,SIGNATURE(local)
کبت,3,2,2,2,42.8,-0.00,0.219,0,ordinary
سیح,3,3,2,3,42.7,+0.12,0.424,0,ordinary
شءم,3,1,2,2,42.7,-0.18,0.186,0,ordinary
وتد,3,2,3,3,42.6,-0.00,0.238,0,ordinary
وتر,3,3,3,3,42.6,+0.12,0.279,0,ordinary
وثن,3,2,2,3,42.5,-0.00,0.485,0,ordinary
وجس,3,1,3,3,42.4,-0.18,0.568,0,ordinary
شکو,3,3,3,3,42.4,+0.12,0.596,0,ordinary
شیب,3,2,3,3,42.3,-0.00,0.343,0,ordinary
صبء,3,2,3,3,42.3,-0.00,0.971,0,ordinary
برح,3,2,3,3,42.2,-0.00,0.856,0,ordinary
برزخ,3,2,3,3,42.2,-0.00,0.54,0,ordinary
صرم,3,3,1,3,42.1,+0.12,0.166,0,ordinary
صبغ,3,2,2,2,42.0,-0.00,0.916,0,ordinary
صبو,3,2,2,3,42.0,-0.00,0.526,0,ordinary
صخر,3,2,3,3,41.9,-0.00,0.253,0,ordinary
ذءب,3,1,1,3,41.9,-0.18,0.478,0,ordinary
ذرو,3,3,2,2,41.8,+0.12,0.266,0,ordinary
ذقن,3,1,2,3,41.7,-0.18,0.557,0,ordinary
صرصر,3,2,3,3,41.7,-0.00,0.317,0,ordinary
هطع,3,1,3,3,41.6,-0.18,0.302,0,ordinary
همز,3,3,3,3,41.6,+0.12,0.121,0,ordinary
سوغ,3,3,3,3,41.5,+0.12,0.666,0,ordinary
جلت,3,1,1,3,41.4,-0.18,0.933,0,ordinary
لذذ,3,2,3,3,41.4,-0.00,0.536,0,ordinary
جثو,3,2,2,3,41.3,-0.00,0.392,0,ordinary
جدث,3,1,3,3,41.3,-0.18,0.271,0,ordinary
متن,3,1,3,3,41.2,-0.18,0.361,0,ordinary
محو,3,3,3,3,41.2,+0.12,0.646,0,ordinary
جذع,3,2,2,3,41.1,-0.00,0.487,0,ordinary
جود,3,3,3,3,41.0,+0.12,0.0979,0,ordinary
دعع,3,2,2,2,41.0,-0.00,0.04,1,SIGNATURE(local)
ضجع,3,1,3,3,40.9,-0.18,0.642,0,ordinary
طفء,3,2,3,3,40.9,-0.00,0.479,0,ordinary
ضغث,3,2,3,3,40.8,-0.00,0.704,0,ordinary
لجء,3,2,2,3,40.7,-0.00,0.7,0,ordinary
جیب,3,2,3,3,40.7,-0.00,0.781,0,ordinary
رغد,3,1,2,3,40.6,-0.18,0.982,0,ordinary
سلل,3,2,3,3,40.6,-0.00,0.533,0,ordinary
سلو,3,1,3,3,40.5,-0.18,0.993,0,ordinary
ظمء,3,3,3,3,40.4,+0.12,0.846,0,ordinary
طفق,3,1,3,3,40.4,-0.18,0.751,0,ordinary
نکس,3,3,3,3,40.3,+0.12,0.466,0,ordinary
نکف,3,2,1,2,40.3,-0.00,0.769,0,ordinary
نقب,3,3,3,3,40.2,+0.12,0.628,0,ordinary
نفذ,3,2,1,1,40.2,-0.00,0.17,0,ordinary
خیط,3,2,2,2,40.1,-0.00,1,0,ordinary
عبس,3,2,3,3,40.0,-0.00,0.211,0,ordinary
بهج,3,2,3,3,40.0,-0.00,0.57,0,ordinary
بهم,3,1,2,3,39.9,-0.18,0.629,0,ordinary
ءفق,3,2,3,3,39.9,-0.00,0.221,0,ordinary
ءلس,3,2,2,3,39.8,-0.00,0.482,0,ordinary
حدق,3,1,3,3,39.7,-0.18,0.211,0,ordinary
حرض,3,2,3,3,39.7,-0.00,0.926,0,ordinary
مرح,3,2,3,3,39.6,-0.00,0.642,0,ordinary
سندس,3,1,3,3,39.6,-0.18,0.331,0,ordinary
أله,3,3,3,3,39.5,+0.12,0.669,0,ordinary
عری,3,2,3,3,39.4,-0.00,0.466,0,ordinary
ءسو,3,1,2,3,39.4,-0.18,0.231,0,ordinary
ءصر,3,2,3,3,39.3,-0.00,1,0,ordinary
ءفف,3,1,3,3,39.3,-0.18,0.663,0,ordinary
نضد,3,2,3,3,39.2,-0.00,0.429,0,ordinary
نضر,3,2,3,3,39.2,-0.00,0.207,0,ordinary
نسب,3,2,3,3,39.1,-0.00,0.647,0,ordinary
خفت,3,2,3,3,39.0,-0.00,0.509,0,ordinary
عرو,3,2,3,3,39.0,-0.00,0.728,0,ordinary
سلخ,3,2,3,3,38.9,-0.00,0.797,0,ordinary
سلسل,3,2,3,3,38.9,-0.00,0.29,0,ordinary
رقم,3,2,2,3,38.8,-0.00,0.17,0,ordinary
رمن,3,1,2,3,38.7,-0.18,0.581,0,ordinary
رهط,3,1,2,3,38.7,-0.18,0.663,0,ordinary
رهن,3,3,3,3,38.6,+0.12,0.353,0,ordinary
مزج,3,1,2,3,38.6,-0.18,0.177,0,ordinary
جءر,3,2,2,3,38.5,-0.00,0.518,0,ordinary
خذل,3,3,3,3,38.4,+0.12,0.835,0,ordinary
عیر,3,1,1,3,38.4,-0.18,0.46,0,ordinary
قرح,3,1,1,2,38.3,-0.18,0.733,0,ordinary
قرد,3,1,3,3,38.3,-0.18,1,0,ordinary
قبس,3,2,3,3,38.2,-0.00,0.654,0,ordinary
مور,3,2,2,2,38.2,-0.00,0.192,0,ordinary
نحس,3,3,3,3,38.1,+0.12,0.366,0,ordinary
خبت,3,3,2,3,38.0,+0.12,0.62,0,ordinary
روغ,3,1,2,3,38.0,-0.18,0.339,0,ordinary
رکض,3,3,2,3,37.9,+0.12,0.487,0,ordinary
رکم,3,3,3,3,37.9,+0.12,0.494,0,ordinary
سربل,3,1,2,2,37.8,-0.18,0.62,0,ordinary
نثر,3,2,3,3,37.7,-0.00,0.21,0,ordinary
فرت,3,2,3,3,37.7,-0.00,0.329,0,ordinary
فتر,3,2,3,3,37.6,-0.00,0.739,0,ordinary
فتل,3,1,2,3,37.6,-0.18,0.902,0,ordinary
حوج,3,1,3,3,37.5,-0.18,0.611,0,ordinary
فزز,3,2,1,3,37.4,-0.00,0.443,0,ordinary
فسح,3,3,1,1,37.4,+0.12,0.183,0,ordinary
فجج,3,2,3,3,37.3,-0.00,0.395,0,ordinary
نءی,3,2,3,3,37.3,-0.00,0.79,0,ordinary
حفو,3,3,3,3,37.2,+0.12,0.657,0,ordinary
مضغ,3,1,2,2,37.2,-0.18,0.488,0,ordinary
حضض,3,2,3,3,37.1,-0.00,0.0648,0,ordinary
فقد,3,2,2,3,37.0,-0.00,0.663,0,ordinary
ثلل,3,1,1,3,37.0,-0.18,0.145,0,ordinary
لفت,3,2,3,3,36.9,-0.00,0.739,0,ordinary
لفف,3,3,3,3,36.9,+0.12,0.257,0,ordinary
لفو,3,2,3,3,36.8,-0.00,0.834,0,ordinary
لقف,3,1,3,3,36.7,-0.18,0.868,0,ordinary
لقم,3,2,2,3,36.7,-0.00,0.271,0,ordinary
ءسس,3,1,1,2,36.6,-0.18,0.629,0,ordinary
زجو,3,2,3,3,36.6,-0.00,0.845,0,ordinary
ءزف,3,2,2,2,36.5,-0.00,0.219,0,ordinary
ءزر,3,2,3,3,36.4,-0.00,0.7,0,ordinary
ءرب,2,2,2,2,36.4,+0.06,0.741,0,ordinary
ءزز,2,2,1,1,36.3,+0.06,0.404,0,ordinary
کمم,2,1,2,2,36.3,-0.11,0.44,0,ordinary
یسع,2,1,2,2,36.2,-0.11,0.682,0,ordinary
کدح,2,2,1,1,36.2,+0.06,0.0888,0,ordinary
کرس,2,1,2,2,36.1,-0.11,0.741,0,ordinary
کبب,2,2,2,2,36.0,+0.06,0.404,0,ordinary
ءمل,2,2,2,2,36.0,+0.06,0.594,0,ordinary
ءمو,2,2,2,2,35.9,+0.06,0.912,0,ordinary
رکس,2,1,1,2,35.9,-0.11,0.868,0,ordinary
سبغ,2,2,2,2,35.8,+0.06,0.496,0,ordinary
زود,2,2,1,1,35.7,+0.06,0.974,0,ordinary
سبء,2,1,2,2,35.7,-0.11,0.587,0,ordinary
زجج,2,1,1,1,35.6,-0.11,0.524,0,ordinary
زحزح,2,2,2,2,35.6,+0.06,1,0,ordinary
وسم,2,2,2,2,35.5,+0.06,0.331,0,ordinary
وصب,2,2,2,2,35.4,+0.06,0.663,0,ordinary
وطر,2,1,1,1,35.4,-0.11,0.525,0,ordinary
ءوه,2,1,2,2,35.3,-0.11,0.893,0,ordinary
ودق,2,1,2,2,35.3,-0.11,0.64,0,ordinary
وسق,2,2,1,2,35.2,+0.06,0.0979,0,ordinary
وسل,2,1,2,2,35.2,-0.11,0.875,0,ordinary
وبق,2,2,2,2,35.1,+0.06,0.663,0,ordinary
وجف,2,2,2,2,35.0,+0.06,0.219,0,ordinary
بتل,2,2,1,1,35.0,+0.06,0.141,0,ordinary
رمم,2,1,2,2,34.9,-0.11,0.394,0,ordinary
سرمد,2,1,1,2,34.9,-0.11,0.512,0,ordinary
سعد,2,2,1,2,34.8,+0.06,0.584,0,ordinary
روض,2,2,2,2,34.7,+0.06,0.55,0,ordinary
بخع,2,1,2,2,34.7,-0.11,0.782,0,ordinary
بدر,2,2,2,2,34.6,+0.06,0.992,0,ordinary
بدن,2,1,2,2,34.6,-0.11,0.79,0,ordinary
هور,2,2,1,1,34.5,+0.06,0.711,0,ordinary
هیج,2,1,2,2,34.5,-0.11,0.577,0,ordinary
هیم,2,2,2,2,34.4,+0.06,0.471,0,ordinary
هیمن,2,2,2,2,34.3,+0.06,0.555,0,ordinary
هیه,2,1,1,1,34.3,-0.11,0.42,0,ordinary
برأ,2,1,1,2,34.2,-0.11,0.0531,0,ordinary
برص,2,1,2,2,34.2,-0.11,0.971,0,ordinary
برم,2,2,1,1,34.1,+0.06,0.34,0,ordinary
رفت,2,1,1,2,34.0,-0.11,0.554,0,ordinary
رفث,2,1,1,2,34.0,-0.11,0.972,0,ordinary
رفد,2,2,1,1,33.9,+0.06,0.596,0,ordinary
سفک,2,2,1,2,33.9,+0.06,0.972,0,ordinary
سقم,2,1,1,2,33.8,-0.11,0.343,0,ordinary
رقد,2,2,2,2,33.7,+0.06,0.615,0,ordinary
بزغ,2,2,1,2,33.7,+0.06,0.785,0,ordinary
بسر,2,2,2,2,33.6,+0.06,0.219,0,ordinary
هشم,2,2,2,2,33.6,+0.06,0.472,0,ordinary
هضم,2,2,2,2,33.5,+0.06,0.73,0,ordinary
هلم,2,1,2,2,33.5,-0.11,0.868,0,ordinary
بسس,2,2,1,1,33.4,+0.06,0.209,0,ordinary
بسل,2,2,1,1,33.3,+0.06,0.789,0,ordinary
سیطر,2,2,2,2,33.3,+0.06,0.134,0,ordinary
سین,2,2,2,2,33.2,+0.06,0.157,0,ordinary
سهو,2,1,2,2,33.2,-0.11,0.04,1,SIGNATURE(local)
رطب,2,2,2,2,33.1,+0.06,0.803,0,ordinary
رعد,2,1,2,2,33.0,-0.11,0.775,0,ordinary
بطر,2,2,2,2,33.0,+0.06,0.741,0,ordinary
بعثر,2,1,2,2,32.9,-0.11,0.113,0,ordinary
هبو,2,1,2,2,32.9,-0.11,0.438,0,ordinary
هرع,2,1,2,2,32.8,-0.11,0.682,0,ordinary
بعر,2,1,1,2,32.7,-0.11,0.564,0,ordinary
نکب,2,2,2,2,32.7,+0.06,0.372,0,ordinary
نکص,2,2,2,2,32.6,+0.06,0.663,0,ordinary
بنن,2,1,2,2,32.6,-0.11,0.251,0,ordinary
نعس,2,2,2,2,32.5,+0.06,0.852,0,ordinary
نفش,2,2,2,2,32.5,+0.06,0.127,0,ordinary
نشط,2,2,1,1,32.4,+0.06,0.137,0,ordinary
نصت,2,1,2,2,32.3,-0.11,0.628,0,ordinary
تبت,2,1,2,2,32.3,-0.11,0.91,0,ordinary
رجأ,2,1,2,2,32.2,-0.11,0.849,0,ordinary
رجج,2,2,1,1,32.2,+0.06,0.211,0,ordinary
شخص,2,2,2,2,32.1,+0.06,0.631,0,ordinary
رسخ,2,1,2,2,32.0,-0.11,0.993,0,ordinary
رسس,2,1,2,2,32.0,-0.11,0.43,0,ordinary
نزف,2,1,2,2,31.9,-0.11,0.433,0,ordinary
نسء,2,2,2,2,31.9,+0.06,0.711,0,ordinary
نحل,2,2,2,2,31.8,+0.06,0.944,0,ordinary
تنر,2,1,2,2,31.7,-0.11,0.728,0,ordinary
تور,2,1,2,2,31.7,-0.11,0.776,0,ordinary
نبع,2,2,2,2,31.6,+0.06,0.743,0,ordinary
ثخن,2,2,2,2,31.6,+0.06,0.524,0,ordinary
ثرب,2,2,2,2,31.5,+0.06,0.79,0,ordinary
ثعب,2,1,2,2,31.5,-0.11,0.856,0,ordinary
شهق,2,2,2,2,31.4,+0.06,0.424,0,ordinary
شطء,2,2,2,2,31.3,+0.06,0.577,0,ordinary
شغل,2,1,2,2,31.3,-0.11,0.499,0,ordinary
شفو,2,1,2,2,31.2,-0.11,0.971,0,ordinary
ثقب,2,1,2,2,31.2,-0.11,0.151,0,ordinary
ملح,2,1,2,2,31.1,-0.11,0.58,0,ordinary
ملق,2,1,2,2,31.0,-0.11,0.911,0,ordinary
جبب,2,1,1,2,31.0,-0.11,0.574,0,ordinary
محص,2,1,1,2,30.9,-0.11,0.826,0,ordinary
محق,2,1,2,2,30.9,-0.11,1,0,ordinary
محن,2,1,2,2,30.8,-0.11,0.302,0,ordinary
مخر,2,1,2,2,30.7,-0.11,0.659,0,ordinary
جذذ,2,2,2,2,30.7,+0.06,0.767,0,ordinary
جرد,2,1,2,2,30.6,-0.11,0.496,0,ordinary
جرز,2,2,2,2,30.6,+0.06,0.468,0,ordinary
جزع,2,2,2,2,30.5,+0.06,0.277,0,ordinary
لهث,2,1,1,1,30.5,-0.11,0.826,0,ordinary
لقط,2,2,2,2,30.4,+0.06,0.797,0,ordinary
لمح,2,1,2,2,30.3,-0.11,0.504,0,ordinary
لمم,2,2,2,2,30.3,+0.06,0.192,0,ordinary
صغو,2,2,2,2,30.2,+0.06,0.393,0,ordinary
صفد,2,1,2,2,30.2,-0.11,0.556,0,ordinary
صبع,2,1,2,2,30.1,-0.11,0.378,0,ordinary
صدی,2,2,2,2,30.0,+0.06,0.231,0,ordinary
شوی,2,2,2,2,30.0,+0.06,0.309,0,ordinary
شکل,2,2,2,2,29.9,+0.06,0.64,0,ordinary
شید,2,2,2,2,29.9,+0.06,0.857,0,ordinary
جسم,2,2,2,2,29.8,+0.06,0.266,0,ordinary
جلب,2,2,2,2,29.7,+0.06,0.797,0,ordinary
جلل,2,1,1,2,29.7,-0.11,0.215,0,ordinary
لدد,2,2,2,2,29.6,+0.06,0.849,0,ordinary
لظی,2,2,2,2,29.6,+0.06,0.145,0,ordinary
لغب,2,1,2,2,29.5,-0.11,0.419,0,ordinary
دهر,2,1,2,2,29.5,-0.11,0.304,0,ordinary
دول,2,2,2,2,29.4,+0.06,0.564,0,ordinary
صنو,2,1,1,1,29.3,-0.11,0.34,0,ordinary
صهر,2,2,2,2,29.3,+0.06,0.674,0,ordinary
ذبب,2,2,1,1,29.2,+0.06,0.474,0,ordinary
جنف,2,2,2,2,29.2,+0.06,0.994,0,ordinary
جنی,2,2,2,2,29.1,+0.06,0.461,0,ordinary
قوع,2,2,2,2,29.0,+0.06,0.748,0,ordinary
قیض,2,2,2,2,29.0,+0.06,0.561,0,ordinary
قیل,2,2,2,2,28.9,+0.06,0.791,0,ordinary
لبد,2,1,2,2,28.9,-0.11,0.166,0,ordinary
لبن,2,2,2,2,28.8,+0.06,0.577,0,ordinary
قنع,2,2,2,2,28.7,+0.06,0.643,0,ordinary
قوت,2,2,2,2,28.7,+0.06,0.722,0,ordinary
حبس,2,2,2,2,28.6,+0.06,0.917,0,ordinary
قطف,2,1,2,2,28.6,-0.11,0.24,0,ordinary
دمع,2,1,2,2,28.5,-0.11,0.954,0,ordinary
قلی,2,2,2,2,28.5,+0.06,0.137,0,ordinary
حجز,2,2,2,2,28.4,+0.06,0.357,0,ordinary
قسطس,2,1,2,2,28.3,-0.11,0.753,0,ordinary
قدو,2,2,2,2,28.3,+0.06,0.711,0,ordinary
قرطس,2,2,1,2,28.2,+0.06,0.786,0,ordinary
قحم,2,2,2,2,28.2,+0.06,0.177,0,ordinary
حطب,2,2,2,2,28.1,+0.06,0.0888,0,ordinary
حطط,2,1,2,2,28.0,-0.11,1,0,ordinary
حظر,2,2,2,2,28.0,+0.06,0.493,0,ordinary
حفر,2,2,2,2,27.9,+0.06,0.314,0,ordinary
حفف,2,2,2,2,27.9,+0.06,0.752,0,ordinary
فکک,2,2,2,2,27.8,+0.06,0.178,0,ordinary
حقب,2,2,2,2,27.7,+0.06,0.301,0,ordinary
حلق,2,2,2,2,27.7,+0.06,0.663,0,ordinary
فردس,2,1,2,2,27.6,-0.11,0.698,0,ordinary
غوص,2,2,2,2,27.6,+0.06,0.577,0,ordinary
غوط,2,1,2,2,27.5,-0.11,0.972,0,ordinary
غیض,2,2,2,2,27.5,+0.06,0.698,0,ordinary
حنث,2,2,2,2,27.4,+0.06,0.424,0,ordinary
طرو,2,1,2,2,27.3,-0.11,0.642,0,ordinary
طعن,2,2,2,2,27.3,+0.06,0.98,0,ordinary
ضغن,2,1,1,2,27.2,-0.11,0.251,0,ordinary
ضمم,2,1,2,2,27.2,-0.11,0.748,0,ordinary
حنجر,2,1,2,2,27.1,-0.11,0.73,0,ordinary
حنن,2,2,2,2,27.0,+0.06,0.79,0,ordinary
حوذ,2,2,2,2,27.0,+0.06,0.57,0,ordinary
حوش,2,1,1,2,26.9,-0.11,0.582,0,ordinary
حوی,2,2,2,2,26.9,+0.06,0.17,0,ordinary
غلف,2,1,2,2,26.8,-0.11,1,0,ordinary
غلو,2,1,2,2,26.7,-0.11,0.974,0,ordinary
غلی,2,2,1,2,26.7,+0.06,0.206,0,ordinary
خنس,2,2,2,2,26.6,+0.06,0.0759,0,ordinary
خور,2,1,2,2,26.6,-0.11,0.868,0,ordinary
ظفر,2,2,2,2,26.5,+0.06,0.632,0,ordinary
طلت,2,1,1,2,26.5,-0.11,0.974,0,ordinary
طمث,2,1,1,2,26.4,-0.11,0.192,0,ordinary
دخن,2,1,2,2,26.3,-0.11,0.398,0,ordinary
غرو,2,2,2,2,26.3,+0.06,0.84,0,ordinary
غطو,2,1,2,2,26.2,-0.11,0.509,0,ordinary
خبل,2,1,2,2,26.2,-0.11,0.972,0,ordinary
خدد,2,2,2,2,26.1,+0.06,0.206,0,ordinary
خدن,2,1,2,2,26.0,-0.11,0.98,0,ordinary
خرب,2,2,2,2,26.0,+0.06,0.558,0,ordinary
خردل,2,1,2,2,25.9,-0.11,0.553,0,ordinary
عیل,2,2,2,2,25.9,+0.06,0.115,0,ordinary
عیی,2,2,2,2,25.8,+0.06,0.377,0,ordinary
غثو,2,1,2,2,25.7,-0.11,0.157,0,ordinary
غدر,2,2,1,2,25.7,+0.06,0.561,0,ordinary
خصف,2,1,2,2,25.6,-0.11,0.876,0,ordinary
خضع,2,2,2,2,25.6,+0.06,0.744,0,ordinary
عزب,2,1,2,2,25.5,-0.11,0.682,0,ordinary
عرر,2,2,2,2,25.5,+0.06,0.587,0,ordinary
عبث,2,2,2,2,25.4,+0.06,0.674,0,ordinary
عتق,2,1,1,2,25.3,-0.11,0.487,0,ordinary
عتل,2,2,2,2,25.3,+0.06,0.257,0,ordinary
عثر,2,2,2,2,25.2,+0.06,0.88,0,ordinary
عجف,2,1,1,2,25.2,-0.11,0.558,0,ordinary
خمص,2,1,2,2,25.1,-0.11,0.952,0,ordinary
عنکب,2,1,1,1,25.0,-0.11,0.392,0,ordinary
عهن,2,1,2,2,25.0,-0.11,0.0857,0,ordinary
عوق,2,2,2,2,24.9,+0.06,0.343,0,ordinary
عضد,2,2,2,2,24.9,+0.06,0.79,0,ordinary
عضض,2,2,2,2,24.8,+0.06,0.786,0,ordinary
عضل,2,1,2,2,24.8,-0.11,1,0,ordinary
عطل,2,2,2,2,24.7,+0.06,0.209,0,ordinary
خمد,2,2,2,2,24.6,+0.06,0.564,0,ordinary
کمه,2,1,2,2,24.6,-0.11,0.983,0,ordinary
کهل,2,1,2,2,24.5,-0.11,0.974,0,ordinary
کهن,2,1,2,2,24.5,-0.11,0.251,0,ordinary
کسل,2,1,2,2,24.4,-0.11,0.974,0,ordinary
ءشر,2,1,1,2,24.3,-0.11,0.207,0,ordinary
ءصد,2,1,2,2,24.3,-0.11,0.0888,0,ordinary
ءلل,2,1,1,2,24.2,-0.11,0.719,0,ordinary
زلق,2,2,2,2,24.2,+0.06,0.404,0,ordinary
زلم,2,1,1,2,24.1,-0.11,0.748,0,ordinary
زمر,2,1,1,2,24.0,-0.11,0.487,0,ordinary
ءثث,2,1,2,2,24.0,-0.11,0.733,0,ordinary
ینع,1,1,1,1,23.9,-0.00,0.884,0,ordinary
ءثل,1,1,1,1,23.9,-0.00,0.52,0,ordinary
ءبق,1,1,1,1,23.8,-0.00,0.556,0,ordinary
زهد,1,1,1,1,23.8,-0.00,0.786,0,ordinary
زنم,1,1,1,1,23.7,-0.00,0.277,0,ordinary
زنجبل,1,1,1,1,23.6,-0.00,0.27,0,ordinary
زمهر,1,1,1,1,23.6,-0.00,0.255,0,ordinary
زمل,1,1,1,1,23.5,-0.00,0.225,0,ordinary
وکد,1,1,1,1,23.5,-0.00,0.786,0,ordinary
وکز,1,1,1,1,23.4,-0.00,0.734,0,ordinary
ءمت,1,1,1,1,23.3,-0.00,0.705,0,ordinary
ریش,1,1,1,1,23.3,-0.00,0.912,0,ordinary
سحل,1,1,1,1,23.2,-0.00,0.7,0,ordinary
سدی,1,1,1,1,23.2,-0.00,0.188,0,ordinary
سرد,1,1,1,1,23.1,-0.00,0.52,0,ordinary
سردق,1,1,1,1,23.0,-0.00,0.748,0,ordinary
سجو,1,1,1,1,23.0,-0.00,0.0888,0,ordinary
زهر,1,1,1,1,22.9,-0.00,0.729,0,ordinary
ریع,1,1,1,1,22.9,-0.00,0.675,0,ordinary
رین,1,1,1,1,22.8,-0.00,0.197,0,ordinary
زبن,1,1,1,1,22.8,-0.00,0.115,0,ordinary
ءنم,1,1,1,1,22.7,-0.00,0.375,0,ordinary
وفد,1,1,1,1,22.6,-0.00,0.632,0,ordinary
وفر,1,1,1,1,22.6,-0.00,0.745,0,ordinary
غدق,1,1,1,1,22.5,-0.00,0.263,0,ordinary
خشب,1,1,1,1,22.5,-0.00,0.211,0,ordinary
خضد,1,1,1,1,22.4,-0.00,0.337,0,ordinary
عزو,1,1,1,1,22.3,-0.00,0.226,0,ordinary
عسعس,1,1,1,1,22.3,-0.00,0.151,0,ordinary
عسل,1,1,1,1,22.2,-0.00,0.385,0,ordinary
عدس,1,1,1,1,22.2,-0.00,1,0,ordinary
عرم,1,1,1,1,22.1,-0.00,0.52,0,ordinary
عبء,1,1,1,1,22.0,-0.00,0.564,0,ordinary
عبقر,1,1,1,1,22.0,-0.00,0.363,0,ordinary
خمط,1,1,1,1,21.9,-0.00,0.52,0,ordinary
عنی,1,1,1,1,21.9,-0.00,0.712,0,ordinary
عول,1,1,1,1,21.8,-0.00,0.972,0,ordinary
عمق,1,1,1,1,21.8,-0.00,0.663,0,ordinary
عضو,1,1,1,1,21.7,-0.00,0.447,0,ordinary
عطف,1,1,1,1,21.6,-0.00,0.672,0,ordinary
حیز,1,1,1,1,21.6,-0.00,0.654,0,ordinary
حیف,1,1,1,1,21.5,-0.00,0.697,0,ordinary
خبء,1,1,1,1,21.5,-0.00,0.617,0,ordinary
خبر2,1,1,1,1,21.4,-0.00,0.797,0,ordinary
خبز,1,1,1,1,21.3,-0.00,0.786,0,ordinary
غزل,1,1,1,1,21.3,-0.00,0.799,0,ordinary
غزو,1,1,1,1,21.2,-0.00,0.939,0,ordinary
غصب,1,1,1,1,21.2,-0.00,0.748,0,ordinary
غصص,1,1,1,1,21.1,-0.00,0.207,0,ordinary
غطش,1,1,1,1,21.0,-0.00,0.192,0,ordinary
خبط,1,1,1,1,21.0,-0.00,1,0,ordinary
خبو,1,1,1,1,20.9,-0.00,0.741,0,ordinary
ختر,1,1,1,1,20.9,-0.00,0.418,0,ordinary
خرطم,1,1,1,1,20.8,-0.00,0.253,0,ordinary
عیب,1,1,1,1,20.8,-0.00,0.748,0,ordinary
غبن,1,1,1,1,20.7,-0.00,0.228,0,ordinary
حوب,1,1,1,1,20.6,-0.00,0.972,0,ordinary
غلق,1,1,1,1,20.6,-0.00,0.769,0,ordinary
غمز,1,1,1,1,20.5,-0.00,0.192,0,ordinary
غمض,1,1,1,1,20.5,-0.00,1,0,ordinary
حید,1,1,1,1,20.4,-0.00,0.368,0,ordinary
حیر,1,1,1,1,20.3,-0.00,0.856,0,ordinary
خنق,1,1,1,1,20.3,-0.00,0.854,0,ordinary
ظعن,1,1,1,1,20.2,-0.00,0.785,0,ordinary
طفف,1,1,1,1,20.2,-0.00,0.192,0,ordinary
طلح,1,1,1,1,20.1,-0.00,0.34,0,ordinary
طلل,1,1,1,1,20.0,-0.00,1,0,ordinary
طمم,1,1,1,1,20.0,-0.00,0.207,0,ordinary
طود,1,1,1,1,19.9,-0.00,0.672,0,ordinary
خیم,1,1,1,1,19.9,-0.00,0.38,0,ordinary
دثر,1,1,1,1,19.8,-0.00,0.219,0,ordinary
دحو,1,1,1,1,19.8,-0.00,0.197,0,ordinary
فتء,1,1,1,1,19.7,-0.00,0.786,0,ordinary
فتق,1,1,1,1,19.6,-0.00,0.609,0,ordinary
ضیز,1,1,1,1,19.6,-0.00,0.309,0,ordinary
طحو,1,1,1,1,19.5,-0.00,0.134,0,ordinary
طرح,1,1,1,1,19.5,-0.00,0.791,0,ordinary
ضدد,1,1,1,1,19.4,-0.00,0.584,0,ordinary
ضفدع,1,1,1,1,19.3,-0.00,0.91,0,ordinary
ضمر,1,1,1,1,19.3,-0.00,0.663,0,ordinary
ضنن,1,1,1,1,19.2,-0.00,0.151,0,ordinary
ضنک,1,1,1,1,19.2,-0.00,0.708,0,ordinary
ضهء,1,1,1,1,19.1,-0.00,0.834,0,ordinary
ضیر,1,1,1,1,19.0,-0.00,0.675,0,ordinary
درهم,1,1,1,1,19.0,-0.00,0.791,0,ordinary
دسر,1,1,1,1,18.9,-0.00,0.352,0,ordinary
حنذ,1,1,1,1,18.9,-0.00,0.805,0,ordinary
حنک,1,1,1,1,18.8,-0.00,0.733,0,ordinary
فوم,1,1,1,1,18.8,-0.00,1,0,ordinary
فصم,1,1,1,1,18.7,-0.00,1,0,ordinary
فضح,1,1,1,1,18.6,-0.00,0.435,0,ordinary
فضو,1,1,1,1,18.6,-0.00,0.972,0,ordinary
فظظ,1,1,1,1,18.5,-0.00,0.933,0,ordinary
فقع,1,1,1,1,18.5,-0.00,1,0,ordinary
فلن,1,1,1,1,18.4,-0.00,0.577,0,ordinary
حقف,1,1,1,1,18.3,-0.00,0.435,0,ordinary
حلقم,1,1,1,1,18.3,-0.00,0.375,0,ordinary
فرع,1,1,1,1,18.2,-0.00,0.558,0,ordinary
فره,1,1,1,1,18.2,-0.00,0.699,0,ordinary
فسر,1,1,1,1,18.1,-0.00,0.57,0,ordinary
فصح,1,1,1,1,18.0,-0.00,0.741,0,ordinary
فجو,1,1,1,1,18.0,-0.00,0.743,0,ordinary
فرث,1,1,1,1,17.9,-0.00,0.787,0,ordinary
غول,1,1,1,1,17.9,-0.00,0.534,0,ordinary
حری,1,1,1,1,17.8,-0.00,0.266,0,ordinary
حسم,1,1,1,1,17.8,-0.00,0.257,0,ordinary
حصحص,1,1,1,1,17.7,-0.00,0.786,0,ordinary
قرش,1,1,1,1,17.6,-0.00,0.04,1,SIGNATURE(local)
قسس,1,1,1,1,17.6,-0.00,0.862,0,ordinary
فیل,1,1,1,1,17.5,-0.00,0.04,1,SIGNATURE(local)
قبح,1,1,1,1,17.5,-0.00,0.728,0,ordinary
قثء,1,1,1,1,17.4,-0.00,1,0,ordinary
قدح,1,1,1,1,17.3,-0.00,0.0888,0,ordinary
حصل,1,1,1,1,17.3,-0.00,0.0888,0,ordinary
حفد,1,1,1,1,17.2,-0.00,0.8,0,ordinary
فند,1,1,1,1,17.2,-0.00,0.769,0,ordinary
فنن,1,1,1,1,17.1,-0.00,0.373,0,ordinary
فنی,1,1,1,1,17.0,-0.00,0.363,0,ordinary
فهم,1,1,1,1,17.0,-0.00,0.617,0,ordinary
فوض,1,1,1,1,16.9,-0.00,0.647,0,ordinary
صیف,1,1,1,1,16.9,-0.00,0.0243,1,SIGNATURE(local)
ضءن,1,1,1,1,16.8,-0.00,0.856,0,ordinary
ضبح,1,1,1,1,16.8,-0.00,0.121,0,ordinary
دمغ,1,1,1,1,16.7,-0.00,0.618,0,ordinary
دنر,1,1,1,1,16.6,-0.00,0.95,0,ordinary
حدب,1,1,1,1,16.6,-0.00,0.611,0,ordinary
حرد,1,1,1,1,16.5,-0.00,0.257,0,ordinary
حرس,1,1,1,1,16.5,-0.00,0.25,0,ordinary
قسور,1,1,1,1,16.4,-0.00,0.257,0,ordinary
قشعر,1,1,1,1,16.3,-0.00,0.634,0,ordinary
قصف,1,1,1,1,16.3,-0.00,0.743,0,ordinary
قصم,1,1,1,1,16.2,-0.00,0.593,0,ordinary
قصی,1,1,1,1,16.2,-0.00,0.611,0,ordinary
قضب,1,1,1,1,16.1,-0.00,0.153,0,ordinary
قضض,1,1,1,1,16.0,-0.00,0.768,0,ordinary
حرک,1,1,1,1,16.0,-0.00,0.127,0,ordinary
قطط,1,1,1,1,15.9,-0.00,0.463,0,ordinary
قطمر,1,1,1,1,15.9,-0.00,0.474,0,ordinary
قطن,1,1,1,1,15.8,-0.00,0.561,0,ordinary
قعر,1,1,1,1,15.8,-0.00,0.363,0,ordinary
قفل,1,1,1,1,15.7,-0.00,0.399,0,ordinary
قلع,1,1,1,1,15.6,-0.00,0.808,0,ordinary
دسس,1,1,1,1,15.6,-0.00,0.79,0,ordinary
دسو,1,1,1,1,15.5,-0.00,0.121,0,ordinary
دفء,1,1,1,1,15.5,-0.00,0.786,0,ordinary
دفق,1,1,1,1,15.4,-0.00,0.137,0,ordinary
دلک,1,1,1,1,15.3,-0.00,0.728,0,ordinary
دمدم,1,1,1,1,15.3,-0.00,0.0888,0,ordinary
صوع,1,1,1,1,15.2,-0.00,0.786,0,ordinary
صوف,1,1,1,1,15.2,-0.00,0.797,0,ordinary
صکک,1,1,1,1,15.1,-0.00,0.339,0,ordinary
صیص,1,1,1,1,15.0,-0.00,0.694,0,ordinary
ذعن,1,1,1,1,15.0,-0.00,0.694,0,ordinary
لحف,1,1,1,1,14.9,-0.00,1,0,ordinary
قمح,1,1,1,1,14.9,-0.00,0.46,0,ordinary
قمطر,1,1,1,1,14.8,-0.00,0.279,0,ordinary
قمع,1,1,1,1,14.8,-0.00,0.663,0,ordinary
قمل,1,1,1,1,14.7,-0.00,0.916,0,ordinary
قنو,1,1,1,1,14.6,-0.00,0.868,0,ordinary
قنی,1,1,1,1,14.6,-0.00,0.309,0,ordinary
قوب,1,1,1,1,14.5,-0.00,0.312,0,ordinary
قوس,1,1,1,1,14.5,-0.00,0.339,0,ordinary
جوس,1,1,1,1,14.4,-0.00,0.743,0,ordinary
جوف,1,1,1,1,14.3,-0.00,0.713,0,ordinary
جوو,1,1,1,1,14.3,-0.00,0.798,0,ordinary
حبک,1,1,1,1,14.2,-0.00,0.343,0,ordinary
حتم,1,1,1,1,14.2,-0.00,0.598,0,ordinary
حثث,1,1,1,1,14.1,-0.00,0.911,0,ordinary
جمح,1,1,1,1,14.1,-0.00,0.823,0,ordinary
جمد,1,1,1,1,14.0,-0.00,0.595,0,ordinary
لحن,1,1,1,1,13.9,-0.00,0.424,0,ordinary
لحی,1,1,1,1,13.9,-0.00,0.698,0,ordinary
لزب,1,1,1,1,13.8,-0.00,0.538,0,ordinary
جمم,1,1,1,1,13.8,-0.00,0.192,0,ordinary
دهق,1,1,1,1,13.7,-0.00,0.207,0,ordinary
دهم,1,1,1,1,13.6,-0.00,0.364,0,ordinary
دهی,1,1,1,1,13.6,-0.00,0.365,0,ordinary
صلد,1,1,1,1,13.5,-0.00,1,0,ordinary
صمت,1,1,1,1,13.5,-0.00,0.905,0,ordinary
صمد,1,1,1,1,13.4,-0.00,0.0243,1,SIGNATURE(local)
صمع,1,1,1,1,13.3,-0.00,0.669,0,ordinary
ذءم,1,1,1,1,13.3,-0.00,0.912,0,ordinary
ذبذب,1,1,1,1,13.2,-0.00,0.974,0,ordinary
ذخر,1,1,1,1,13.2,-0.00,0.952,0,ordinary
لقب,1,1,1,1,13.1,-0.00,0.34,0,ordinary
لقح,1,1,1,1,13.1,-0.00,0.454,0,ordinary
جسس,1,1,1,1,13.0,-0.00,0.355,0,ordinary
صرع,1,1,1,1,12.9,-0.00,0.25,0,ordinary
صعر,1,1,1,1,12.9,-0.00,0.418,0,ordinary
صفصف,1,1,1,1,12.8,-0.00,0.708,0,ordinary
صفن,1,1,1,1,12.8,-0.00,0.454,0,ordinary
صخخ,1,1,1,1,12.7,-0.00,0.162,0,ordinary
شوک,1,1,1,1,12.6,-0.00,0.654,0,ordinary
شکس,1,1,1,1,12.6,-0.00,0.628,0,ordinary
ذهل,1,1,1,1,12.5,-0.00,0.672,0,ordinary
ذود,1,1,1,1,12.5,-0.00,0.729,0,ordinary
جفء,1,1,1,1,12.4,-0.00,0.577,0,ordinary
جفن,1,1,1,1,12.3,-0.00,0.518,0,ordinary
جفو,1,1,1,1,12.3,-0.00,0.34,0,ordinary
جلس,1,1,1,1,12.2,-0.00,0.377,0,ordinary
جبن,1,1,1,1,12.2,-0.00,0.554,0,ordinary
جبه,1,1,1,1,12.1,-0.00,0.847,0,ordinary
جثث,1,1,1,1,12.1,-0.00,0.57,0,ordinary
مجس,1,1,1,1,12.0,-0.00,0.693,0,ordinary
محل,1,1,1,1,11.9,-0.00,0.535,0,ordinary
مخض,1,1,1,1,11.9,-0.00,0.6,0,ordinary
مرت,1,1,1,1,11.8,-0.00,1,0,ordinary
جذو,1,1,1,1,11.8,-0.00,0.721,0,ordinary
جرر,1,1,1,1,11.7,-0.00,0.916,0,ordinary
جرع,1,1,1,1,11.6,-0.00,0.558,0,ordinary
جرف,1,1,1,1,11.6,-0.00,0.824,0,ordinary
لهم,1,1,1,1,11.5,-0.00,0.115,0,ordinary
لوذ,1,1,1,1,11.5,-0.00,0.69,0,ordinary
لیت,1,1,1,1,11.4,-0.00,0.312,0,ordinary
لفح,1,1,1,1,11.3,-0.00,0.561,0,ordinary
لفظ,1,1,1,1,11.3,-0.00,0.368,0,ordinary
شغف,1,1,1,1,11.2,-0.00,0.786,0,ordinary
شفه,1,1,1,1,11.2,-0.00,0.134,0,ordinary
رتع,1,1,1,1,11.1,-0.00,0.775,0,ordinary
منو,1,1,1,1,11.1,-0.00,0.329,0,ordinary
مکو,1,1,1,1,11.0,-0.00,0.662,0,ordinary
مطو,1,1,1,1,10.9,-0.00,0.18,0,ordinary
معز,1,1,1,1,10.9,-0.00,0.87,0,ordinary
معن,1,1,1,1,10.8,-0.00,0.0243,1,SIGNATURE(local)
معی,1,1,1,1,10.8,-0.00,0.376,0,ordinary
مرو,1,1,1,1,10.7,-0.00,1,0,ordinary
مزن,1,1,1,1,10.6,-0.00,0.387,0,ordinary
مسخ,1,1,1,1,10.6,-0.00,0.466,0,ordinary
مسد,1,1,1,1,10.5,-0.00,0.0857,0,ordinary
مسو,1,1,1,1,10.5,-0.00,0.506,0,ordinary
مشج,1,1,1,1,10.4,-0.00,0.266,0,ordinary
جبت,1,1,1,1,10.3,-0.00,0.977,0,ordinary
میر,1,1,1,1,10.3,-0.00,0.781,0,ordinary
نبز,1,1,1,1,10.2,-0.00,0.312,0,ordinary
نبط,1,1,1,1,10.2,-0.00,0.971,0,ordinary
نتق,1,1,1,1,10.1,-0.00,0.917,0,ordinary
نجد,1,1,1,1,10.1,-0.00,0.103,0,ordinary
ثجج,1,1,1,1,10.0,-0.00,0.197,0,ordinary
ثری,1,1,1,1,9.9,-0.00,0.704,0,ordinary
ذکو,1,1,1,1,9.9,-0.00,0.837,0,ordinary
ذیع,1,1,1,1,9.8,-0.00,0.971,0,ordinary
ربح,1,1,1,1,9.8,-0.00,1,0,ordinary
شمءز,1,1,1,1,9.7,-0.00,0.63,0,ordinary
شمت,1,1,1,1,9.6,-0.00,0.907,0,ordinary
شمخ,1,1,1,1,9.6,-0.00,0.228,0,ordinary
شوب,1,1,1,1,9.5,-0.00,0.522,0,ordinary
شوظ,1,1,1,1,9.5,-0.00,0.372,0,ordinary
شعل,1,1,1,1,9.4,-0.00,0.598,0,ordinary
ترق,1,1,1,1,9.3,-0.00,0.166,0,ordinary
نسر,1,1,1,1,9.3,-0.00,0.226,0,ordinary
نجس,1,1,1,1,9.2,-0.00,0.831,0,ordinary
نحب,1,1,1,1,9.2,-0.00,0.709,0,ordinary
نحر,1,1,1,1,9.1,-0.00,0.0243,1,SIGNATURE(local)
نخر,1,1,1,1,9.1,-0.00,0.192,0,ordinary
ندی,1,1,1,1,9.0,-0.00,0.611,0,ordinary
تعس,1,1,1,1,8.9,-0.00,0.408,0,ordinary
تفث,1,1,1,1,8.9,-0.00,0.666,0,ordinary
تقن,1,1,1,1,8.8,-0.00,0.628,0,ordinary
تلل,1,1,1,1,8.8,-0.00,0.539,0,ordinary
تین,1,1,1,1,8.7,-0.00,0.0888,0,ordinary
تیه,1,1,1,1,8.6,-0.00,0.846,0,ordinary
ثبط,1,1,1,1,8.6,-0.00,0.824,0,ordinary
ثبو,1,1,1,1,8.5,-0.00,0.971,0,ordinary
مکک,1,1,1,1,8.5,-0.00,0.435,0,ordinary
نفح,1,1,1,1,8.4,-0.00,0.596,0,ordinary
نضج,1,1,1,1,8.3,-0.00,0.974,0,ordinary
نضخ,1,1,1,1,8.3,-0.00,0.371,0,ordinary
نطح,1,1,1,1,8.2,-0.00,0.856,0,ordinary
بید,1,1,1,1,8.2,-0.00,0.73,0,ordinary
رتق,1,1,1,1,8.1,-0.00,0.587,0,ordinary
رحق,1,1,1,1,8.1,-0.00,0.21,0,ordinary
شتو,1,1,1,1,8.0,-0.00,0.04,1,SIGNATURE(local)
شحم,1,1,1,1,7.9,-0.00,0.881,0,ordinary
شرد,1,1,1,1,7.9,-0.00,0.655,0,ordinary
شرذم,1,1,1,1,7.8,-0.00,0.669,0,ordinary
شرط,1,1,1,1,7.8,-0.00,0.424,0,ordinary
رخو,1,1,1,1,7.7,-0.00,0.466,0,ordinary
ردء,1,1,1,1,7.6,-0.00,0.741,0,ordinary
ردم,1,1,1,1,7.6,-0.00,0.743,0,ordinary
رصص,1,1,1,1,7.5,-0.00,0.226,0,ordinary
نون,1,1,1,1,7.5,-0.00,0.625,0,ordinary
نوی,1,1,1,1,7.4,-0.00,0.889,0,ordinary
نکد,1,1,1,1,7.3,-0.00,0.912,0,ordinary
نفی,1,1,1,1,7.3,-0.00,0.863,0,ordinary
نقع,1,1,1,1,7.2,-0.00,0.0979,0,ordinary
نمرق,1,1,1,1,7.2,-0.00,0.153,0,ordinary
نمم,1,1,1,1,7.1,-0.00,0.25,0,ordinary
نهج,1,1,1,1,7.1,-0.00,0.846,0,ordinary
نوء,1,1,1,1,7.0,-0.00,0.723,0,ordinary
بلی,1,1,1,1,6.9,-0.00,0.708,0,ordinary
بهل,1,1,1,1,6.9,-0.00,0.946,0,ordinary
بکک,1,1,1,1,6.8,-0.00,0.95,0,ordinary
نعق,1,1,1,1,6.8,-0.00,1,0,ordinary
نعل,1,1,1,1,6.7,-0.00,0.7,0,ordinary
نغض,1,1,1,1,6.6,-0.00,0.718,0,ordinary
نفث,1,1,1,1,6.6,-0.00,0.0648,0,ordinary
سوط,1,1,1,1,6.5,-0.00,0.19,0,ordinary
رغم,1,1,1,1,6.5,-0.00,0.971,0,ordinary
بطء,1,1,1,1,6.4,-0.00,0.966,0,ordinary
هجد,1,1,1,1,6.3,-0.00,0.743,0,ordinary
هجع,1,1,1,1,6.3,-0.00,0.357,0,ordinary
هدد,1,1,1,1,6.2,-0.00,0.609,0,ordinary
هدم,1,1,1,1,6.2,-0.00,0.657,0,ordinary
هدهد,1,1,1,1,6.1,-0.00,0.628,0,ordinary
هرب,1,1,1,1,6.1,-0.00,0.266,0,ordinary
هرت,1,1,1,1,6.0,-0.00,1,0,ordinary
بغل,1,1,1,1,5.9,-0.00,0.801,0,ordinary
بقع,1,1,1,1,5.9,-0.00,0.708,0,ordinary
بقل,1,1,1,1,5.8,-0.00,1,0,ordinary
بلع,1,1,1,1,5.8,-0.00,0.797,0,ordinary
نوش,1,1,1,1,5.7,-0.00,0.529,0,ordinary
نوص,1,1,1,1,5.6,-0.00,0.466,0,ordinary
هلع,1,1,1,1,5.6,-0.00,0.219,0,ordinary
همد,1,1,1,1,5.5,-0.00,0.663,0,ordinary
همر,1,1,1,1,5.5,-0.00,0.356,0,ordinary
همس,1,1,1,1,5.4,-0.00,0.732,0,ordinary
بسق,1,1,1,1,5.3,-0.00,0.385,0,ordinary
بسم,1,1,1,1,5.3,-0.00,0.628,0,ordinary
بصل,1,1,1,1,5.2,-0.00,1,0,ordinary
سکب,1,1,1,1,5.2,-0.00,0.38,0,ordinary
سکت,1,1,1,1,5.1,-0.00,0.913,0,ordinary
سیء,1,1,1,1,5.1,-0.00,0.844,0,ordinary
سیب,1,1,1,1,5.0,-0.00,0.846,0,ordinary
سنه,1,1,1,1,4.9,-0.00,1,0,ordinary
سهر,1,1,1,1,4.9,-0.00,0.186,0,ordinary
سهل,1,1,1,1,4.8,-0.00,0.911,0,ordinary
سهم,1,1,1,1,4.8,-0.00,0.518,0,ordinary
سوح,1,1,1,1,4.7,-0.00,0.544,0,ordinary
هیل,1,1,1,1,4.6,-0.00,0.242,0,ordinary
وءد,1,1,1,1,4.6,-0.00,0.19,0,ordinary
وءل,1,1,1,1,4.5,-0.00,0.768,0,ordinary
وبر,1,1,1,1,4.5,-0.00,0.797,0,ordinary
رفرف,1,1,1,1,4.4,-0.00,0.375,0,ordinary
سلق,1,1,1,1,4.4,-0.00,0.709,0,ordinary
سمد,1,1,1,1,4.3,-0.00,0.342,0,ordinary
سمک,1,1,1,1,4.2,-0.00,0.196,0,ordinary
سند,1,1,1,1,4.2,-0.00,0.19,0,ordinary
سنم,1,1,1,1,4.1,-0.00,0.18,0,ordinary
سلب,1,1,1,1,4.1,-0.00,0.682,0,ordinary
سلسبل,1,1,1,1,4.0,-0.00,0.272,0,ordinary
رقق,1,1,1,1,3.9,-0.00,0.324,0,ordinary
رمح,1,1,1,1,3.9,-0.00,0.865,0,ordinary
هزل,1,1,1,1,3.8,-0.00,0.103,0,ordinary
هشش,1,1,1,1,3.8,-0.00,0.708,0,ordinary
وحش,1,1,1,1,3.7,-0.00,0.174,0,ordinary
بتک,1,1,1,1,3.6,-0.00,0.972,0,ordinary
بجس,1,1,1,1,3.6,-0.00,0.914,0,ordinary
رمد,1,1,1,1,3.5,-0.00,0.574,0,ordinary
رمز,1,1,1,1,3.5,-0.00,0.949,0,ordinary
رمض,1,1,1,1,3.4,-0.00,1,0,ordinary
رهو,1,1,1,1,3.4,-0.00,0.331,0,ordinary
سطح,1,1,1,1,3.3,-0.00,0.103,0,ordinary
سطو,1,1,1,1,3.2,-0.00,0.694,0,ordinary
سغب,1,1,1,1,3.2,-0.00,0.145,0,ordinary
سفع,1,1,1,1,3.1,-0.00,0.121,0,ordinary
روع,1,1,1,1,3.1,-0.00,0.809,0,ordinary
روم,1,1,1,1,3.0,-0.00,0.533,0,ordinary
رکد,1,1,1,1,2.9,-0.00,0.5,0,ordinary
رکز,1,1,1,1,2.9,-0.00,0.596,0,ordinary
بحث,1,1,1,1,2.8,-0.00,0.856,0,ordinary
وفض,1,1,1,1,2.8,-0.00,0.209,0,ordinary
وقب,1,1,1,1,2.7,-0.00,0.04,1,SIGNATURE(local)
وقذ,1,1,1,1,2.6,-0.00,0.856,0,ordinary
ولت,1,1,1,1,2.6,-0.00,0.343,0,ordinary
وسن,1,1,1,1,2.5,-0.00,1,0,ordinary
وشی,1,1,1,1,2.5,-0.00,1,0,ordinary
وصد,1,1,1,1,2.4,-0.00,0.75,0,ordinary
وضن,1,1,1,1,2.4,-0.00,0.38,0,ordinary
وطن,1,1,1,1,2.3,-0.00,0.818,0,ordinary
ءود,1,1,1,1,2.2,-0.00,1,0,ordinary
ءیم,1,1,1,1,2.2,-0.00,0.707,0,ordinary
بءر,1,1,1,1,2.1,-0.00,0.652,0,ordinary
ببل,1,1,1,1,2.1,-0.00,1,0,ordinary
بتر,1,1,1,1,2.0,-0.00,0.0243,1,SIGNATURE(local)
وتن,1,1,1,1,1.9,-0.00,0.268,0,ordinary
وجب,1,1,1,1,1.9,-0.00,0.663,0,ordinary
زفف,1,1,1,1,1.8,-0.00,0.53,0,ordinary
ءبب,1,1,1,1,1.8,-0.00,0.18,0,ordinary
ءدد,1,1,1,1,1.7,-0.00,0.577,0,ordinary
یقظ,1,1,1,1,1.6,-0.00,0.763,0,ordinary
ءرم,1,1,1,1,1.6,-0.00,0.18,0,ordinary
یقت,1,1,1,1,1.5,-0.00,0.388,0,ordinary
ءسن,1,1,1,1,1.5,-0.00,0.394,0,ordinary
کلح,1,1,1,1,1.4,-0.00,0.577,0,ordinary
کبد,1,1,1,1,1.4,-0.00,0.141,0,ordinary
کبکب,1,1,1,1,1.3,-0.00,0.684,0,ordinary
کثب,1,1,1,1,1.2,-0.00,0.192,0,ordinary
کدر,1,1,1,1,1.2,-0.00,0.188,0,ordinary
کدی,1,1,1,1,1.1,-0.00,0.339,0,ordinary
ونی,1,1,1,1,1.1,-0.00,0.692,0,ordinary
وهج,1,1,1,1,1.0,-0.00,0.207,0,ordinary
وهی,1,1,1,1,0.9,-0.00,0.257,0,ordinary
عفرت,1,1,1,1,0.9,-0.00,0.617,0,ordinary
خطط,1,1,1,1,0.8,-0.00,0.555,0,ordinary
خلع,1,1,1,1,0.8,-0.00,0.7,0,ordinary
کوی,1,1,1,1,0.7,-0.00,0.831,0,ordinary
کند,1,1,1,1,0.6,-0.00,0.0531,0,ordinary
کنس,1,1,1,1,0.6,-0.00,0.157,0,ordinary
کسد,1,1,1,1,0.5,-0.00,0.831,0,ordinary
کشط,1,1,1,1,0.5,-0.00,0.141,0,ordinary
کفء,1,1,1,1,0.4,-0.00,0.0243,1,SIGNATURE(local)
کفت,1,1,1,1,0.4,-0.00,0.206,0,ordinary
کلء,1,1,1,1,0.3,-0.00,0.605,0,ordinary
ءلت,1,1,1,1,0.2,-0.00,0.319,0,ordinary
زحف,1,1,1,1,0.2,-0.00,0.663,0,ordinary
زرب,1,1,1,1,0.1,-0.00,0.153,0,ordinary
زرق,1,1,1,1,0.1,-0.00,0.691,0,ordinary
زری,1,1,1,1,0.0,-0.00,0.811,0,ordinary
