global_rank,root,gloss,freq,n_forms,n_suras,prominence_pctile,living(+)/frozen(-),signature_rank,dom_sura,conc_z,conc_q
1,ءله,God,2848,6,86,100.0,-0.74,,112,60.6,0.0243
2,قول,say,1722,17,84,99.9,-0.25,,112,21.5,0.0243
3,کون,be,1390,18,86,99.9,-0.19,,112,12.3,0.0243
4,ربب,Lord,980,8,94,99.8,-0.46,,108,27.7,0.0243
5,ءمن,believe,879,28,77,99.8,+0.07,,103,12.9,0.0243
6,علم,know,854,20,85,99.7,-0.07,,102,7.2,0.0243
7,قوم,people,660,45,79,99.6,+0.31,,98,6.9,0.0243
8,ءتی,come,549,31,72,99.6,+0.18,,98,1.2,0.353
9,کفر,disbelieve,525,20,77,99.5,+0.01,,109,7.0,0.0243
10,بین,between/clarify,523,16,71,99.5,-0.08,,60,2.3,0.162
11,شیء,thing,519,12,73,99.4,-0.20,,81,4.2,0.04
12,رسل,messenger,513,16,69,99.4,-0.08,,105,6.3,0.0243
13,یوم,day,475,6,80,99.3,-0.45,,77,22.1,0.0243
14,ءرض,earth,461,2,80,99.2,-0.82,,99,2.2,0.183
15,ءیی,,382,3,59,99.2,-0.66,,45,6.8,0.0243
16,سمو,,381,12,81,99.1,-0.15,,86,4.2,0.04
17,کلل,,377,4,74,99.1,-0.56,,97,-0.1,0.712
18,عذب,,373,11,68,99.0,-0.18,,88,2.8,0.115
19,عمل,,360,13,68,98.9,-0.11,,99,5.6,0.04
20,جعل,,346,9,66,98.9,-0.25,,105,8.2,0.0243
21,ءنس,,342,10,77,98.8,-0.20,,114,16.9,0.0243
22,رحم,,339,14,62,98.8,-0.07,,1,8.1,0.0243
23,رءی,,328,25,72,98.7,+0.18,,107,12.3,0.0243
24,کتب,,319,14,61,98.6,-0.06,,98,5.1,0.0531
25,هدی,,316,30,62,98.6,+0.26,,1,2.7,0.153
26,ظلم,,315,17,59,98.5,+0.02,,62,-0.0,0.663
27,نفس,,298,7,63,98.5,-0.32,,82,1.8,0.226
28,قبل,,294,15,64,98.4,-0.02,,51,-0.9,0.897
29,نزل,,293,18,60,98.4,+0.06,,97,1.9,0.215
30,ذکر,,292,23,71,98.3,+0.16,,87,8.6,0.0243
31,حقق,,287,7,59,98.2,-0.31,,103,2.7,0.153
32,کذب,,282,16,68,98.2,+0.02,,55,42.6,0.0243
33,جیء,,278,4,62,98.1,-0.51,,110,2.6,0.157
34,عبد,,275,16,57,98.1,+0.02,,109,50.2,0.0243
35,ءخذ,,273,23,55,98.0,+0.17,,73,2.0,0.201
36,خلق,,261,12,75,97.9,-0.09,,113,6.9,0.0243
37,وقی,,258,21,63,97.9,+0.14,,92,4.2,0.0531
38,ءخر,,250,16,64,97.8,+0.04,,93,0.6,0.487
39,ءمر,,248,13,61,97.8,-0.05,,97,3.1,0.0857
40,بعد,,235,6,57,97.7,-0.34,,95,0.2,0.608
41,غفر,,234,19,56,97.6,+0.12,,110,3.0,0.127
42,ولی,,232,26,55,97.6,+0.25,,75,3.3,0.115
43,دعو,,212,22,55,97.5,+0.19,,96,4.9,0.0531
44,حکم,,210,14,57,97.5,+0.01,,95,2.0,0.201
45,ملک,,206,14,63,97.4,+0.01,,114,1.6,0.266
46,عند,,201,3,62,97.4,-0.56,,92,-1.0,0.919
47,جنن,,201,9,70,97.3,-0.16,,114,4.4,0.0531
48,خیر,,196,11,55,97.2,-0.08,,97,1.8,0.21
49,حسن,,194,17,50,97.2,+0.10,,92,1.3,0.312
50,نور,,194,6,62,97.1,-0.31,,111,2.8,0.137
51,ضلل,,191,18,56,97.1,+0.13,,105,1.4,0.308
52,حیی,,189,25,50,97.0,+0.27,,87,1.5,0.271
53,سمع,,185,16,57,96.9,+0.08,,72,1.0,0.39
54,خرج,,182,21,56,96.9,+0.20,,99,2.7,0.134
55,صلح,,180,15,54,96.8,+0.06,,103,0.8,0.431
56,سبل,,176,5,47,96.8,-0.36,,47,2.1,0.21
57,تبع,,174,13,52,96.7,+0.01,,47,-0.5,0.786
58,ءول,,172,13,54,96.6,+0.01,,93,1.5,0.283
59,قتل,,170,18,33,96.6,+0.15,,81,3.8,0.0857
60,مثل,,169,9,50,96.5,-0.13,,62,0.9,0.415
61,شرک,,168,15,44,96.5,+0.07,,98,4.2,0.0531
62,قلب,,168,15,48,96.4,+0.07,,83,3.5,0.0531
63,کثر,,167,10,51,96.4,-0.09,,108,1.7,0.233
64,سوء,,166,17,45,96.3,+0.13,,45,1.1,0.385
65,موت,,165,25,53,96.2,+0.29,,87,1.6,0.252
66,بنو,,162,10,46,96.2,-0.08,,61,1.6,0.264
67,کبر,,161,25,57,96.1,+0.29,,87,1.8,0.24
68,شهد,,160,23,48,96.1,+0.26,,85,3.2,0.0857
69,نصر,,158,27,46,96.0,+0.33,,110,2.9,0.141
70,بعض,,158,3,38,95.9,-0.52,,49,2.3,0.19
71,سلم,,157,19,50,95.9,+0.18,,97,2.8,0.145
72,صدق,,155,25,49,95.8,+0.30,,92,0.5,0.52
73,غیر,,154,5,46,95.8,-0.34,,1,1.6,0.251
74,وحد,,153,10,50,95.7,-0.07,,112,8.4,0.0243
75,وعد,,151,16,51,95.6,+0.12,,50,2.0,0.209
76,بصر,,148,15,62,95.6,+0.09,,67,1.3,0.331
77,رود,,148,13,47,95.5,+0.04,,86,0.7,0.478
78,لقی,,146,33,53,95.5,+0.42,,84,2.6,0.157
79,دون,,144,1,46,95.4,-0.80,,72,0.3,0.557
80,ذوی,,143,8,55,95.4,-0.15,,111,6.8,0.0243
81,نعم,,140,9,61,95.3,-0.10,,102,3.1,0.103
82,وسی,,136,1,34,95.2,-0.79,,87,7.5,0.0243
83,دنو,,133,6,46,95.2,-0.25,,87,-1.0,0.945
84,قدر,,132,18,58,95.1,+0.19,,97,8.3,0.0243
85,نذر,,130,11,50,95.1,-0.01,,54,9.2,0.0243
86,نظر,,129,16,48,95.0,+0.14,,86,2.1,0.192
87,سءل,,129,16,47,94.9,+0.14,,102,2.7,0.145
88,طوع,,129,24,40,94.9,+0.31,,64,3.3,0.103
89,جمع,,129,18,45,94.8,+0.19,,104,2.1,0.196
90,عظم,,128,7,50,94.8,-0.18,,56,1.4,0.312
91,خلف,,127,31,40,94.7,+0.42,,45,-0.3,0.745
92,ءهل,,127,3,40,94.7,-0.48,,98,1.9,0.21
93,دخل,,126,12,45,94.6,+0.03,,110,1.7,0.236
94,خوف,,124,16,42,94.5,+0.15,,106,0.8,0.45
95,رزق,,123,9,44,94.5,-0.08,,65,1.3,0.304
96,بشر,,123,18,47,94.4,+0.20,,74,1.2,0.34
97,یدی,,121,5,48,94.4,-0.30,,111,1.6,0.277
98,عزز,,120,10,48,94.3,-0.03,,63,1.8,0.238
99,ءمم,,119,13,42,94.2,+0.07,,101,0.6,0.508
100,جزی,,118,15,47,94.2,+0.13,,92,1.6,0.272
101,ءبو,,117,9,37,94.1,-0.07,,111,8.2,0.0243
102,نهر,,113,7,51,94.1,-0.16,,93,1.3,0.324
103,نفق,,111,14,31,94.0,+0.11,,63,9.6,0.0243
104,ءکل,,109,10,40,93.9,-0.02,,105,1.6,0.263
105,حسب,,109,12,40,93.9,+0.05,,104,4.2,0.0648
106,ءجر,,108,5,39,93.8,-0.28,,95,2.3,0.197
107,فعل,,108,11,44,93.8,+0.02,,105,1.9,0.219
108,وجد,,107,5,32,93.7,-0.28,,93,7.6,0.0243
109,عدو,enmity,106,22,34,93.7,+0.31,,100,2.4,0.177
110,فضل,,104,5,32,93.6,-0.27,,62,2.2,0.178
111,رجع,,104,9,42,93.5,-0.05,,86,1.8,0.219
112,صبر,,103,15,45,93.5,+0.15,,103,2.2,0.186
113,شدد,,102,11,48,93.4,+0.03,,100,0.6,0.466
114,ولد,,102,17,39,93.4,+0.21,,112,10.3,0.0243
115,ءذن,,102,13,38,93.3,+0.10,,97,1.8,0.21
116,دین,,101,6,40,93.2,-0.20,,109,14.6,0.0243
117,صلو,,99,9,37,93.2,-0.04,,108,7.9,0.0243
118,صحب,,97,6,47,93.1,-0.20,,105,8.7,0.0243
119,قرب,,96,17,41,93.1,+0.22,,96,0.4,0.511
120,ءخو,,96,11,31,93.0,+0.04,,12,3.6,0.0888
121,عقب,,96,15,36,92.9,+0.16,,90,2.4,0.177
122,بغی,,96,24,41,92.9,+0.36,,92,-0.6,0.815
123,حبب,,95,13,35,92.8,+0.11,,100,1.9,0.24
124,سبح,,92,10,49,92.8,+0.01,,110,3.1,0.121
125,سجد,,92,15,32,92.7,+0.17,,96,2.1,0.207
126,لیل,,92,5,49,92.7,-0.25,,97,9.7,0.0243
127,لیس,,89,3,33,92.6,-0.43,,95,1.6,0.266
128,شطن,,88,5,36,92.5,-0.25,,81,-0.3,0.745
129,قرء,,88,11,42,92.5,+0.05,,96,8.9,0.0243
130,توب,,87,16,25,92.4,+0.21,,110,3.7,0.103
131,خلد,,87,10,40,92.4,+0.02,,104,0.9,0.418
132,مول,,86,5,38,92.3,-0.24,,104,6.5,0.0243
133,نجو,,84,22,31,92.2,+0.34,,58,6.3,0.0243
134,سوو,,83,16,48,92.2,+0.21,,91,2.2,0.204
135,حرم,,83,12,25,92.1,+0.10,,5,0.9,0.393
136,زوج,,81,8,43,92.1,-0.06,,66,1.9,0.219
137,نبء,,80,13,36,92.0,+0.14,,66,1.3,0.331
138,نبو,,80,7,23,91.9,-0.11,,66,6.4,0.0243
139,عرض,,79,13,35,91.9,+0.14,,46,0.1,0.617
140,وحی,,78,8,33,91.8,-0.05,,99,1.9,0.207
141,وجه,,78,7,38,91.8,-0.10,,88,1.6,0.266
142,جهنم,,77,1,39,91.7,-0.70,,98,0.4,0.509
143,صوب,,77,12,27,91.7,+0.11,,64,-0.2,0.713
144,بلغ,,77,12,36,91.6,+0.11,,72,0.3,0.574
145,قلل,,76,7,33,91.5,-0.10,,73,0.3,0.566
146,شکر,,75,13,35,91.5,+0.15,,76,1.2,0.363
147,ءلم,,75,4,42,91.4,-0.30,,84,-0.7,0.846
148,کلم,,75,12,32,91.4,+0.11,,42,-1.1,0.971
149,فرعن,,74,1,27,91.3,-0.70,,85,3.7,0.0759
150,ضرر,,74,17,31,91.2,+0.26,,10,-1.0,0.927
151,بءس,,73,7,33,91.2,-0.09,,62,-1.1,0.967
152,بیت,,73,7,29,91.1,-0.09,,106,4.0,0.0531
153,رجل,,73,7,32,91.1,-0.09,,72,-0.9,0.914
154,رضو,,73,20,32,91.0,+0.33,,101,5.9,0.0243
155,غنی,,73,14,44,90.9,+0.18,,111,4.2,0.0648
156,فرق,,72,21,30,90.9,+0.35,,98,-0.2,0.7
157,یمن,,71,4,34,90.8,-0.29,,56,4.5,0.04
158,عرف,,71,12,26,90.8,+0.12,,65,1.2,0.339
159,سکن,,71,18,40,90.7,+0.29,,107,1.2,0.335
160,متع,,70,11,38,90.7,+0.09,,80,-1.2,0.974
161,وکل,,70,9,29,90.6,+0.01,,14,-0.1,0.666
162,علو,,70,21,41,90.5,+0.35,,92,1.3,0.309
163,برهم,,69,1,25,90.5,-0.69,,87,0.0,0.625
164,ظنن,,69,9,32,90.4,+0.01,,72,4.4,0.0243
165,هلک,,68,13,40,90.4,+0.16,,90,0.3,0.544
166,حمد,,68,8,44,90.3,-0.03,,110,2.3,0.207
167,کسب,,67,4,27,90.2,-0.28,,111,1.0,0.373
168,بعث,,67,10,33,90.2,+0.06,,91,0.3,0.552
169,جرم,,66,10,36,90.1,+0.06,,77,0.7,0.444
170,وفی,,66,24,27,90.1,+0.42,,83,-0.9,0.93
171,خسر,,65,14,35,90.0,+0.20,,103,1.4,0.29
172,عین,,65,9,37,89.9,+0.02,,102,3.9,0.0888
173,حمل,,64,13,29,89.9,+0.17,,111,4.0,0.0648
174,جری,,64,7,43,89.8,-0.07,,88,0.1,0.62
175,ذوق,,63,13,32,89.8,+0.17,,32,2.1,0.204
176,تلو,,63,15,33,89.7,+0.23,,91,0.7,0.457
177,موه,,63,1,41,89.7,-0.67,,86,1.4,0.312
178,قضی,,63,12,29,89.6,+0.14,,80,0.2,0.574
179,سحر,,63,12,27,89.5,+0.14,,51,3.7,0.121
180,عود,,63,13,39,89.5,+0.17,,85,0.0,0.632
181,زید,,62,16,32,89.4,+0.26,,71,2.3,0.196
182,مسس,,61,7,29,89.4,-0.06,,70,-0.3,0.729
183,فری,,60,15,24,89.3,+0.24,,46,0.7,0.452
184,فتن,,60,8,32,89.2,-0.01,,85,-0.1,0.663
185,غیب,,60,6,35,89.2,-0.12,,82,0.8,0.424
186,ظهر,,59,16,30,89.1,+0.27,,94,2.3,0.188
187,نسو,,59,4,16,89.1,-0.26,,65,2.3,0.18
188,ردد,,59,17,30,89.0,+0.29,,95,-0.5,0.79
189,زکو,,59,12,29,88.9,+0.15,,91,2.1,0.228
190,ضرب,,58,6,28,88.9,-0.11,,66,0.4,0.529
191,روح,,57,8,40,88.8,-0.00,,97,0.5,0.478
192,عدد,,57,13,26,88.8,+0.19,,104,2.9,0.162
193,قری,,57,4,26,88.7,-0.26,,59,-0.0,0.63
194,ءجل,,56,4,29,88.7,-0.25,,63,0.3,0.555
195,نهی,,56,24,26,88.6,+0.45,,96,1.9,0.225
196,ذهب,,56,10,30,88.5,+0.09,,81,0.2,0.566
197,دور,,55,7,27,88.5,-0.05,,59,0.2,0.574
198,فسق,,54,9,23,88.4,+0.05,,49,0.9,0.394
199,ضعف,,52,16,21,88.4,+0.29,,30,0.0,0.617
200,ندو,,52,12,26,88.3,+0.17,,96,1.7,0.257
201,خبر,,51,5,31,88.2,-0.16,,100,1.7,0.264
202,تحت,,51,1,30,88.2,-0.64,,98,0.2,0.574
203,حلل,,51,15,21,88.1,+0.27,,90,1.0,0.376
204,فسد,,50,10,23,88.1,+0.11,,89,-0.7,0.855
205,نفع,,50,6,31,88.0,-0.09,,87,-0.2,0.691
206,طیب,,50,9,23,87.9,+0.07,,61,-0.6,0.832
207,وری,,50,9,29,87.9,+0.07,,100,1.5,0.309
208,عقل,,49,4,30,87.8,-0.23,,67,-1.2,0.993
209,سوع,,49,2,27,87.8,-0.45,,54,1.1,0.365
210,ءثم,,48,10,21,87.7,+0.11,,83,0.4,0.5
211,قدم,,48,10,37,87.7,+0.11,,82,0.3,0.555
212,خشی,,48,10,24,87.6,+0.11,,79,2.1,0.209
213,طعم,,48,10,26,87.5,+0.11,,106,5.7,0.0243
214,کرم,,47,12,29,87.5,+0.19,,82,7.0,0.0243
215,عجل,,47,11,25,87.4,+0.15,,75,0.7,0.45
216,صدر,,46,4,31,87.4,-0.22,,94,3.8,0.0888
217,زین,,46,5,28,87.3,-0.14,,67,-0.7,0.834
218,عهد,,46,4,17,87.2,-0.22,,70,-0.2,0.7
219,صرط,,45,2,25,87.2,-0.44,,1,3.9,0.115
220,وذر,,45,4,29,87.1,-0.22,,71,2.4,0.192
221,نسی,,45,12,20,87.1,+0.20,,87,1.0,0.375
222,صبح,,45,10,25,87.0,+0.12,,100,2.6,0.151
223,حفظ,,44,17,23,86.9,+0.34,,86,2.0,0.219
224,دبر,,44,10,31,86.9,+0.13,,79,1.1,0.343
225,بدل,,44,14,25,86.8,+0.26,,76,-0.1,0.64
226,یسر,,44,11,27,86.8,+0.17,,94,14.9,0.0243
227,سرر,,44,14,33,86.7,+0.26,,84,2.1,0.219
228,حشر,,43,8,28,86.7,+0.04,,81,-0.2,0.694
229,فصل,,43,12,24,86.6,+0.20,,86,2.0,0.226
230,نوح,,43,2,28,86.5,-0.43,,71,1.3,0.329
231,جوب,,43,15,23,86.5,+0.29,,89,0.5,0.478
232,ترک,,43,8,20,86.4,+0.04,,37,1.2,0.329
233,مکر,,43,5,14,86.4,-0.13,,71,2.0,0.226
234,فوق,,43,3,27,86.3,-0.31,,78,-0.9,0.93
235,بحر,,42,6,25,86.2,-0.06,,82,0.9,0.394
236,قوی,,42,6,25,86.2,-0.06,,86,0.6,0.446
237,حزن,,42,4,25,86.1,-0.21,,58,-1.4,1
238,سخر,,42,9,21,86.1,+0.09,,14,0.7,0.45
239,صدد,,42,6,23,86.0,-0.06,,63,0.6,0.45
240,طوف,,41,10,22,85.9,+0.14,,61,0.5,0.466
241,لعن,,41,10,18,85.9,+0.14,,33,-0.7,0.868
242,کره,,41,9,21,85.8,+0.10,,61,0.8,0.42
243,جبل,,41,4,33,85.8,-0.20,,101,2.2,0.219
244,جهد,,41,8,19,85.7,+0.05,,9,1.1,0.364
245,ویل,,40,4,25,85.7,-0.20,,77,23.8,0.0243
246,قرن,,40,11,22,85.6,+0.18,,50,0.9,0.419
247,ملء,,40,7,18,85.5,+0.00,,38,0.6,0.462
248,فلح,,40,6,24,85.5,-0.05,,91,0.4,0.506
249,شعر,,40,9,23,85.4,+0.10,,69,-0.6,0.832
250,شرب,,39,11,22,85.4,+0.18,,76,2.5,0.178
251,طغی,,39,14,27,85.3,+0.28,,91,2.2,0.192
252,ذنب,,39,3,26,85.2,-0.29,,91,1.1,0.378
253,سلط,,39,4,27,85.2,-0.20,,69,-0.4,0.741
254,ذرر,,38,3,21,85.1,-0.29,,99,3.3,0.113
255,مرء,,38,8,22,85.1,+0.06,,111,3.6,0.103
256,فتح,,38,12,25,85.0,+0.22,,110,1.8,0.233
257,هوی,,38,9,22,85.0,+0.11,,101,2.5,0.183
258,قرر,,38,12,22,84.9,+0.22,,76,0.8,0.441
259,سبق,,37,11,24,84.8,+0.19,,79,1.3,0.343
260,نکر,,37,10,26,84.8,+0.16,,31,-0.6,0.791
261,بلو,,37,16,24,84.7,+0.34,,86,1.4,0.339
262,قطع,,36,9,23,84.7,+0.12,,47,-0.6,0.818
263,ءوی,,36,11,23,84.6,+0.20,,93,1.5,0.308
264,ریب,,36,8,26,84.5,+0.07,,45,-0.6,0.797
265,بطل,,36,6,24,84.5,-0.04,,47,-0.9,0.956
266,حدث,,36,8,28,84.4,+0.07,,93,2.3,0.197
267,کید,,35,6,16,84.4,-0.03,12,86,16.4,0.0243
268,ورث,,35,14,20,84.3,+0.30,,89,0.2,0.558
269,حین,,35,1,23,84.2,-0.58,,30,-0.1,0.627
270,مرر,,35,9,22,84.2,+0.12,,54,0.3,0.52
271,غفل,,35,8,21,84.1,+0.08,,50,-1.2,1
272,عفو,,35,11,11,84.1,+0.20,,42,-0.1,0.64
273,خفی,,34,15,21,84.0,+0.33,,87,0.1,0.577
274,ریم,,34,1,12,84.0,-0.57,,61,1.1,0.355
275,هزء,,34,9,21,83.9,+0.13,,45,-0.3,0.698
276,ءلی,,34,1,3,83.8,-0.57,1,55,102.7,0.0243
277,جنح,,34,5,14,83.8,-0.09,,24,-0.3,0.7
278,وثق,,34,8,13,83.7,+0.08,,89,0.5,0.462
279,عرش,,33,4,25,83.7,-0.17,,81,0.3,0.524
280,ظلل,,33,10,20,83.6,+0.17,,77,1.7,0.253
281,جنب,,33,10,21,83.5,+0.17,,92,0.6,0.443
282,کفی,,33,5,15,83.5,-0.09,,33,0.5,0.482
283,قسم,,33,11,24,83.4,+0.21,,90,2.7,0.174
284,حجج,,33,8,10,83.4,+0.09,,42,-0.1,0.609
285,عمی,,33,10,22,83.3,+0.17,,80,-0.6,0.797
286,شمس,,33,2,28,83.2,-0.39,,91,0.7,0.444
287,ثلث,,32,10,20,83.2,+0.18,,73,0.1,0.557
288,وصی,,32,11,13,83.1,+0.22,15,103,14.1,0.0243
289,ءسف,,32,4,7,83.1,-0.16,13,12,15.0,0.0243
290,وسع,,32,7,15,83.0,+0.04,,65,-0.5,0.773
291,عصی,,32,10,23,83.0,+0.18,,79,-0.0,0.611
292,برر,,32,5,18,82.9,-0.08,,82,1.2,0.353
293,نصب,,32,7,19,82.8,+0.04,,94,3.7,0.103
294,مدد,,32,16,24,82.8,+0.37,,104,1.7,0.266
295,برک,,32,7,22,82.7,+0.04,,25,-0.3,0.71
296,لبث,,31,4,17,82.7,-0.16,,79,0.5,0.454
297,قعد,,31,14,15,82.6,+0.32,,85,0.5,0.46
298,غلب,,31,9,18,82.5,+0.14,,80,0.7,0.435
299,بدو,,31,11,16,82.5,+0.22,,60,-0.8,0.933
300,هجر,,31,11,17,82.4,+0.22,,73,1.0,0.385
301,طهر,,31,13,18,82.4,+0.29,,98,-0.0,0.595
302,شفع,,31,6,19,82.3,-0.01,,74,-0.2,0.663
303,حیث,,31,2,14,82.2,-0.38,,65,-0.2,0.663
304,شرر,,31,4,22,82.2,-0.16,3,113,32.9,0.0243
305,خلص,,31,9,17,82.1,+0.14,,98,1.3,0.335
306,ءنث,,30,3,17,82.1,-0.25,,92,1.0,0.372
307,سعی,,30,7,20,82.0,+0.05,,92,2.6,0.18
308,هود,,30,6,12,82.0,-0.01,,62,-0.3,0.7
309,عسی,,30,2,16,81.9,-0.38,,66,0.2,0.52
310,ءفک,,30,10,21,81.8,+0.19,,63,0.6,0.444
311,صرف,,30,11,17,81.8,+0.23,,46,-0.6,0.836
312,قصص,,30,9,14,81.7,+0.15,,12,-0.9,0.939
313,برء,,29,15,19,81.7,+0.36,,59,-0.9,0.944
314,طیر,,29,8,19,81.6,+0.11,,105,1.8,0.245
315,جند,,29,4,18,81.5,-0.15,,85,0.5,0.448
316,ثوب,,29,9,16,81.5,+0.15,,83,0.2,0.54
317,ودد,,29,7,18,81.4,+0.06,,60,1.9,0.248
318,غشو,,29,15,23,81.4,+0.36,,91,3.2,0.141
319,رفع,,29,9,21,81.3,+0.15,,94,3.9,0.115
320,فوز,,29,7,21,81.2,+0.06,,85,0.1,0.585
321,جدل,,29,6,16,81.2,-0.00,,40,-0.1,0.617
322,صیر,,29,3,22,81.1,-0.24,,64,0.1,0.56
323,دری,,29,7,21,81.1,+0.06,16,101,13.6,0.0243
324,ثنی,,29,12,18,81.0,+0.27,,68,-0.9,0.981
325,ثقل,,28,12,19,81.0,+0.27,25,99,11.5,0.0243
326,ءبد,,28,1,15,80.9,-0.54,,98,0.8,0.377
327,نشء,,28,9,14,80.8,+0.16,,56,5.1,0.0648
328,حوط,,28,10,18,80.8,+0.20,,85,-0.1,0.618
329,شقق,,28,14,21,80.7,+0.33,,80,1.3,0.331
330,یقن,,28,9,19,80.7,+0.16,28,102,8.9,0.0243
331,خلو,,28,5,18,80.6,-0.06,,84,-0.0,0.587
332,سبع,,28,5,16,80.5,-0.06,,69,1.7,0.263
333,عدل,,28,6,11,80.5,+0.00,,82,0.0,0.584
334,لوط,,27,2,14,80.4,-0.36,,54,0.9,0.366
335,عجب,,27,7,17,80.4,+0.07,,63,0.0,0.595
336,بوب,,27,5,17,80.3,-0.06,,78,0.3,0.509
337,مسک,,27,9,17,80.2,+0.16,,67,0.8,0.401
338,عشر,,27,10,19,80.2,+0.21,,81,-0.4,0.741
339,شجر,,27,2,19,80.1,-0.36,,56,0.0,0.564
340,غرر,,27,6,14,80.1,+0.01,,82,2.0,0.221
341,عمر,,27,11,16,80.0,+0.24,,35,-0.0,0.587
342,وزر,,27,8,11,80.0,+0.12,,94,3.7,0.127
343,سیر,,27,9,21,79.9,+0.16,,81,0.4,0.494
344,قمر,,27,2,23,79.8,-0.36,,91,2.1,0.207
345,ءین,,27,2,20,79.8,-0.36,,81,-0.4,0.744
346,مدن,,27,3,15,79.7,-0.23,,63,0.2,0.555
347,منن,,27,10,20,79.7,+0.21,,95,2.4,0.186
348,رجو,,26,9,19,79.6,+0.17,,78,-0.1,0.632
349,نبت,,26,5,21,79.5,-0.05,,71,0.5,0.45
350,خزی,,26,8,15,79.5,+0.12,,66,-0.5,0.79
351,وضع,,26,7,18,79.4,+0.07,,94,2.7,0.18
352,عجز,,26,10,21,79.4,+0.21,,72,0.0,0.577
353,هون,,26,10,19,79.3,+0.21,,89,-0.0,0.598
354,ثمد,,26,1,21,79.2,-0.53,,91,1.7,0.264
355,جحم,,26,2,18,79.2,-0.35,38,102,7.0,0.04
356,شری,,25,10,8,79.1,+0.22,,31,-0.6,0.852
357,بسط,,25,8,15,79.1,+0.13,,71,-0.1,0.618
358,بطن,,25,6,18,79.0,+0.02,,57,-0.3,0.709
359,لسن,,25,3,18,79.0,-0.22,,90,0.6,0.45
360,صلی,,25,14,21,78.9,+0.35,,111,5.2,0.0648
361,حول,,25,8,19,78.8,+0.13,,17,-1.1,0.994
362,عیس,,25,1,11,78.8,-0.52,,61,0.1,0.556
363,حدد,,25,7,12,78.7,+0.08,,58,1.3,0.319
364,قسط,,25,5,15,78.7,-0.04,,72,0.8,0.419
365,حضر,,25,11,16,78.6,+0.26,,81,0.3,0.512
366,فلک,,25,1,20,78.5,-0.52,,23,-0.5,0.769
367,سقی,,25,15,19,78.5,+0.38,,91,1.8,0.253
368,وعظ,,25,9,14,78.4,+0.18,,65,-0.9,0.971
369,وهب,,25,5,12,78.4,-0.04,,38,1.6,0.251
370,ءدم,,25,1,9,78.3,-0.52,,20,0.1,0.566
371,وقع,,24,9,16,78.2,+0.18,,56,2.5,0.192
372,رقب,,24,9,14,78.2,+0.18,,90,1.1,0.347
373,ثمر,,24,4,12,78.1,-0.12,,14,-0.6,0.856
374,مرض,,24,5,13,78.1,-0.04,,73,-0.2,0.663
375,ذلل,,24,12,17,78.0,+0.30,,76,0.5,0.46
376,فحش,,24,3,15,78.0,-0.21,,65,-0.7,0.916
377,غضب,,24,4,15,77.9,-0.12,,1,1.2,0.343
378,کود,,24,6,19,77.8,+0.03,,72,-0.4,0.767
379,فجر,,24,10,16,77.8,+0.23,,97,6.3,0.0531
380,ءذی,,24,9,10,77.7,+0.18,,33,0.4,0.46
381,جهل,,24,8,17,77.7,+0.14,,49,-1.0,1
382,سرع,,23,6,14,77.6,+0.04,,70,-0.5,0.791
383,وزن,,23,6,14,77.5,+0.04,32,101,7.9,0.0243
384,سرف,,23,8,17,77.5,+0.14,,44,-0.7,0.87
385,لبس,,23,6,13,77.4,+0.04,,78,-0.3,0.704
386,غرق,,23,8,18,77.4,+0.14,,79,-0.4,0.748
387,طلق,,23,5,10,77.3,-0.03,,77,1.5,0.302
388,نکح,,23,8,6,77.2,+0.14,,24,0.5,0.444
389,مشی,,23,8,14,77.2,+0.14,,67,1.5,0.282
390,یتم,,23,4,12,77.1,-0.11,34,93,7.8,0.0243
391,ربع,,22,6,11,77.1,+0.04,,24,-0.2,0.64
392,بنی,,22,9,16,77.0,+0.20,,91,1.4,0.309
393,لدی,,22,1,12,77.0,-0.50,,50,3.3,0.137
394,غوی,,22,8,11,76.9,+0.15,,15,0.6,0.444
395,ترب,,22,6,18,76.8,+0.04,,86,2.1,0.236
396,خطء,,22,8,13,76.8,+0.15,,96,0.9,0.374
397,فرح,,22,5,13,76.7,-0.02,,30,-0.3,0.691
398,تمم,,22,6,12,76.7,+0.04,,61,-0.8,0.926
399,ءلف,,22,8,12,76.6,+0.15,14,106,14.7,0.0243
400,عرب,,22,4,15,76.5,-0.10,,48,0.2,0.52
401,فتی,,21,12,7,76.5,+0.32,,12,0.8,0.422
402,حلم,,21,4,16,76.4,-0.10,,64,-0.8,0.95
403,حذر,,21,7,12,76.4,+0.11,,63,-0.7,0.868
404,کتم,,21,4,7,76.3,-0.10,,2,-0.6,0.846
405,بقی,,21,10,16,76.2,+0.25,,87,0.8,0.394
406,سنن,,21,4,11,76.2,-0.10,,15,1.1,0.372
407,ءوب,,21,7,11,76.1,+0.11,39,38,6.3,0.04
408,حمم,,21,3,15,76.1,-0.19,,56,3.2,0.141
409,منی,,21,10,10,76.0,+0.25,,75,2.3,0.201
410,نشر,,21,15,18,76.0,+0.41,,77,2.1,0.219
411,حجر,,21,6,14,75.9,+0.05,,105,2.8,0.19
412,ءثر,,21,8,16,75.8,+0.16,,87,0.9,0.375
413,شهر,,21,5,9,75.8,-0.02,,97,1.5,0.307
414,فقه,,20,4,12,75.7,-0.09,,63,0.5,0.431
415,هرن,,20,1,13,75.7,-0.49,,20,-0.3,0.696
416,صنع,,20,8,14,75.6,+0.17,,20,-0.4,0.741
417,حزب,,20,3,13,75.5,-0.18,,58,1.4,0.308
418,فطر,,20,7,17,75.5,+0.12,,82,0.5,0.422
419,لعب,,20,5,13,75.4,-0.01,,44,0.3,0.459
420,کشف,,20,7,14,75.4,+0.12,,44,0.2,0.533
421,سنو,,20,3,17,75.3,-0.18,,70,-0.6,0.84
422,درج,,20,3,16,75.2,-0.18,,68,-0.8,0.981
423,نفخ,,20,6,17,75.2,+0.06,,69,0.5,0.435
424,نخل,,20,4,16,75.1,-0.09,,80,0.3,0.488
425,نزع,,20,9,16,75.1,+0.21,,79,-0.2,0.669
426,ربو,,20,10,12,75.0,+0.25,,69,-0.3,0.702
427,NA,,20,1,19,75.0,-0.49,,44,-0.4,0.753
428,مری,,20,8,16,74.9,+0.17,,53,-0.0,0.57
429,سحق,,19,3,14,74.8,-0.18,,67,-0.7,0.914
430,سعر,,19,3,15,74.8,-0.18,,81,2.6,0.177
431,غرب,,19,11,13,74.7,+0.30,,70,-0.2,0.663
432,رشد,,19,7,9,74.7,+0.12,,72,2.5,0.19
433,صور,,19,5,17,74.6,-0.00,,82,1.3,0.329
434,بلد,,19,4,15,74.5,-0.08,,95,5.5,0.0759
435,طلع,,19,9,13,74.5,+0.22,,97,4.1,0.0888
436,فکه,,19,6,12,74.4,+0.07,,56,4.1,0.115
437,ثمن,,19,6,13,74.4,+0.07,,69,-0.4,0.744
438,فکر,,18,3,13,74.3,-0.17,,74,-0.4,0.729
439,خصم,,18,11,12,74.3,+0.31,,38,0.7,0.385
440,فرض,,18,5,7,74.2,+0.01,,66,-0.5,0.772
441,نفر,,18,9,10,74.1,+0.23,,74,0.4,0.45
442,دبب,,18,2,14,74.1,-0.29,,35,-0.5,0.783
443,صفو,,18,9,12,74.0,+0.23,,47,-0.9,0.971
444,رءس,,18,2,15,74.0,-0.29,,63,-0.4,0.745
445,مکن,,18,5,12,73.9,+0.01,,81,0.4,0.454
446,حصن,,18,7,7,73.8,+0.13,,59,0.4,0.456
447,لدن,,18,1,10,73.8,-0.47,,18,-0.5,0.775
448,نوب,,18,7,11,73.7,+0.13,,50,0.9,0.361
449,ثبت,,18,7,11,73.7,+0.13,,14,0.1,0.543
450,ملل,,18,3,11,73.6,-0.17,,38,-1.0,1
451,نقم,,17,7,12,73.5,+0.14,,85,0.4,0.429
452,بوء,,17,8,12,73.5,+0.19,,59,-0.8,0.971
453,خفف,,17,9,13,73.4,+0.24,,101,0.6,0.394
454,عوذ,,17,6,14,73.4,+0.08,,113,5.1,0.0648
455,ربص,,17,6,7,73.3,+0.08,,52,1.5,0.29
456,شرق,,17,7,13,73.3,+0.14,,70,-0.2,0.651
457,زعم,,17,4,10,73.2,-0.06,,62,0.2,0.52
458,سوق,,17,10,13,73.1,+0.28,,75,3.0,0.153
459,خشع,,17,9,16,73.1,+0.24,,88,0.6,0.398
460,منع,,17,8,16,73.0,+0.19,,107,2.5,0.204
461,سور,,17,5,13,73.0,+0.02,,47,-0.1,0.617
462,مهد,,16,7,13,72.9,+0.15,,74,0.4,0.444
463,غلل,,16,7,12,72.8,+0.15,,69,-0.3,0.7
464,کیل,,16,6,7,72.8,+0.09,,83,2.1,0.221
465,دود,,16,1,9,72.7,-0.45,,38,1.4,0.293
466,بلس,,16,4,13,72.7,-0.05,,15,-0.2,0.642
467,لبب,,16,1,10,72.6,-0.45,,65,-0.2,0.666
468,عتد,,16,2,10,72.5,-0.27,,50,0.3,0.466
469,حبط,,16,4,12,72.5,-0.05,,47,0.0,0.555
470,خون,,16,10,8,72.4,+0.29,,8,0.8,0.366
471,لهو,,16,8,13,72.4,+0.20,,102,4.7,0.0979
472,جهر,,16,6,13,72.3,+0.09,,87,0.9,0.357
473,غدو,,16,7,13,72.3,+0.15,,68,0.4,0.45
474,خبث,,16,7,9,72.2,+0.15,,24,-0.1,0.617
475,فءد,,16,3,13,72.1,-0.15,,104,2.0,0.252
476,علن,,16,5,12,72.1,+0.03,,71,0.0,0.557
477,کفف,,15,5,9,72.0,+0.04,,48,-0.5,0.79
478,رکب,,15,8,13,72.0,+0.21,,82,1.0,0.347
479,سوم,,15,5,10,71.9,+0.04,,51,-0.5,0.797
480,صمم,,15,3,13,71.8,-0.14,,47,-0.9,0.982
481,مطر,,15,4,9,71.8,-0.04,,27,-0.0,0.558
482,مسح,,15,3,5,71.7,-0.14,,5,0.0,0.548
483,حرج,,15,2,9,71.7,-0.26,,48,0.4,0.435
484,حرر,,15,7,10,71.6,+0.16,,76,-0.5,0.797
485,بدء,,15,4,11,71.5,-0.04,,85,0.4,0.437
486,شکک,,15,1,11,71.5,-0.44,,44,-0.2,0.618
487,بیع,,15,4,8,71.4,-0.04,,60,1.1,0.34
488,وصف,,14,3,7,71.4,-0.13,,21,0.1,0.543
489,صفف,,14,5,11,71.3,+0.05,,89,3.4,0.145
490,رجم,,14,9,12,71.3,+0.27,,81,0.5,0.388
491,عطو,,14,7,11,71.2,+0.17,30,108,8.8,0.0243
492,فقر,,14,5,11,71.1,+0.05,,75,-0.4,0.769
493,سطر,,14,5,13,71.1,+0.05,,68,0.8,0.377
494,رسو,,14,4,13,71.0,-0.03,,79,1.1,0.34
495,زرع,,14,6,12,71.0,+0.12,,56,0.4,0.422
496,لوم,,14,11,10,70.9,+0.35,,75,1.0,0.357
497,صوم,,14,7,6,70.8,+0.17,,58,-0.5,0.823
498,ولج,,14,4,8,70.8,-0.03,,57,0.9,0.357
499,حرث,,14,2,7,70.7,-0.25,,42,-0.0,0.562
500,عشو,,14,5,11,70.7,+0.05,,79,-0.0,0.564
501,ثوی,,14,4,10,70.6,-0.03,,47,-0.1,0.577
502,وقت,,13,6,10,70.5,+0.13,,78,0.3,0.478
503,یءس,,13,6,9,70.5,+0.13,,60,0.6,0.372
504,رکع,,13,7,8,70.4,+0.19,,77,0.7,0.372
505,جلد,,13,4,6,70.4,-0.02,,41,0.7,0.357
506,صغر,,13,7,11,70.3,+0.19,,54,-0.8,0.983
507,شهو,,13,5,13,70.3,+0.06,,77,-0.2,0.658
508,شعب,,13,4,6,70.2,-0.02,,77,0.4,0.413
509,رءف,,13,2,8,70.1,-0.24,,57,-0.3,0.675
510,ضیق,,13,6,10,70.1,+0.13,,65,-0.5,0.785
511,جور,,13,9,10,70.0,+0.28,,72,-0.2,0.661
512,بغت,,13,1,10,70.0,-0.42,,47,-0.7,0.913
513,خلل,,13,4,11,69.9,-0.02,,17,-0.6,0.873
514,نصح,,13,6,6,69.8,+0.13,,66,0.0,0.555
515,صیح,,13,1,9,69.8,-0.42,,63,1.2,0.329
516,طمءن,,13,7,11,69.7,+0.19,,89,-0.3,0.69
517,قنت,,13,7,8,69.7,+0.19,,66,0.5,0.413
518,قرض,,13,4,6,69.6,-0.02,,73,3.2,0.153
519,عصم,,13,6,10,69.5,+0.13,,60,-0.8,0.967
520,خزن,,13,3,11,69.5,-0.12,,63,0.3,0.46
521,حور,,13,6,10,69.4,+0.13,,84,1.5,0.283
522,غلظ,,13,6,10,69.4,+0.13,,66,0.3,0.451
523,غلم,,13,4,8,69.3,-0.02,,19,0.6,0.375
524,نجم,,13,2,12,69.3,-0.24,,86,2.0,0.233
525,حلف,,13,3,5,69.2,-0.12,,58,1.7,0.264
526,فدی,,13,8,10,69.1,+0.24,,70,-0.5,0.786
527,فوه,,13,2,10,69.1,-0.24,,61,-0.5,0.77
528,ءبی,,13,6,8,69.0,+0.13,,15,-0.7,0.911
529,شقو,,12,9,7,69.0,+0.30,,91,4.0,0.103
530,شمل,,12,3,9,68.9,-0.10,,56,0.7,0.364
531,بخل,,12,4,6,68.8,-0.01,,92,2.4,0.207
532,شبه,,12,6,6,68.8,+0.14,,6,-0.6,0.944
533,شیع,,12,5,9,68.7,+0.07,,54,-0.2,0.621
534,نیل,,12,3,7,68.7,-0.10,,22,-0.7,0.939
535,نبذ,,12,4,10,68.6,-0.01,,104,1.9,0.24
536,حنف,,12,2,9,68.5,-0.23,,98,-0.1,0.611
537,سفر,,12,7,9,68.5,+0.20,,80,1.7,0.252
538,عسر,,12,7,9,68.4,+0.20,17,94,13.5,0.0243
539,بکر,,12,4,11,68.4,-0.01,,66,0.1,0.508
540,عصو,,12,2,6,68.3,-0.23,,26,-0.0,0.543
541,نطق,,12,4,9,68.3,-0.01,,77,0.6,0.38
542,سلک,,12,6,11,68.2,+0.14,,72,1.1,0.329
543,کنن,,12,5,11,68.1,+0.07,,56,0.0,0.551
544,طین,,12,2,11,68.1,-0.23,,51,-0.3,0.701
545,طمع,,12,5,10,68.0,+0.07,,70,0.0,0.54
546,خوض,,12,6,7,68.0,+0.14,,74,1.0,0.309
547,ودی,,12,4,11,67.9,-0.01,,89,0.1,0.52
548,بیض,,12,5,10,67.8,+0.07,,37,-0.6,0.893
549,رهب,,12,10,10,67.8,+0.34,,59,-0.7,0.95
550,جبی,,12,5,12,67.7,+0.07,,68,-0.7,0.919
551,خطب,,12,6,11,67.7,+0.14,,78,0.0,0.543
552,حسر,,12,5,12,67.6,+0.07,,69,-0.4,0.728
553,خرر,,12,3,10,67.5,-0.10,,32,-0.4,0.728
554,جحد,,12,2,10,67.5,-0.23,,41,-0.2,0.657
555,درک,,12,8,9,67.4,+0.25,,68,-0.6,0.898
556,نجل,,12,1,6,67.4,-0.40,,5,-0.3,0.708
557,لحم,,12,3,10,67.3,-0.10,,52,-0.3,0.72
558,عذر,,12,6,8,67.3,+0.14,,77,1.5,0.286
559,نطف,,12,1,11,67.2,-0.40,,80,0.8,0.331
560,سجن,,12,4,3,67.1,-0.01,,83,4.4,0.115
561,وصل,,12,5,7,67.1,+0.07,,13,-0.1,0.593
562,طرق,,11,5,6,67.0,+0.09,,86,5.3,0.0857
563,طرف,,11,4,11,67.0,+0.01,,55,-0.5,0.797
564,قصر,,11,7,9,66.9,+0.21,,55,0.3,0.444
565,غمم,,11,4,8,66.8,+0.01,,25,-0.8,1
566,جمل,,11,6,9,66.8,+0.15,,77,0.3,0.422
567,رضع,,11,7,5,66.7,+0.21,,65,0.3,0.424
568,طبع,,11,3,9,66.7,-0.09,,63,-0.3,0.708
569,عون,,11,7,8,66.6,+0.21,,1,1.5,0.27
570,شفق,,11,4,9,66.5,+0.01,,84,1.0,0.312
571,برق,,11,3,10,66.5,-0.09,,75,0.4,0.424
572,حصی,,11,5,10,66.4,+0.09,,78,0.8,0.356
573,یمم,,11,2,7,66.4,-0.21,,20,0.1,0.506
574,فرر,,11,7,9,66.3,+0.21,,80,1.6,0.271
575,وکء,,11,5,10,66.3,+0.09,,55,0.6,0.392
576,فءی,,11,3,6,66.2,-0.09,,8,-0.1,0.601
577,غیظ,,11,4,8,66.1,+0.01,,67,-0.4,0.786
578,صعق,,11,5,8,66.1,+0.09,,41,0.3,0.45
579,ورد,,11,8,7,66.0,+0.26,,50,0.1,0.524
580,سفه,,11,6,5,66.0,+0.15,,72,-0.5,0.861
581,حرب,,11,5,9,65.9,+0.09,,47,-0.7,0.946
582,عدن,,11,1,11,65.8,-0.39,,98,0.4,0.418
583,طور,,11,2,9,65.8,-0.21,,95,1.9,0.255
584,وقد,,11,6,10,65.7,+0.15,,104,2.5,0.197
585,عنب,,11,4,10,65.7,+0.01,,80,0.2,0.466
586,زبر,,11,4,10,65.6,+0.01,,54,-0.1,0.595
587,لغو,,11,4,11,65.5,+0.01,,88,0.8,0.374
588,سبب,,11,5,6,65.5,+0.09,,18,-0.0,0.566
589,سحب,,11,3,10,65.4,-0.09,,52,-0.2,0.656
590,ضیع,,10,4,8,65.4,+0.02,,12,-0.7,0.998
591,جدد,,10,4,8,65.3,+0.02,,72,0.4,0.413
592,زیل,,10,6,10,65.3,+0.17,,48,-0.7,0.972
593,مءی,,10,2,5,65.2,-0.20,,8,0.1,0.508
594,ملو,,10,5,8,65.1,+0.10,,68,-0.2,0.663
595,قدس,,10,5,7,65.1,+0.10,,62,0.1,0.511
596,رجز,,10,2,7,65.0,-0.20,,74,-0.2,0.627
597,رجس,,10,2,7,65.0,-0.20,,9,-0.7,0.954
598,حیق,,10,2,9,64.9,-0.20,,45,-0.4,0.748
599,بطش,,10,5,8,64.8,+0.10,,85,1.3,0.283
600,رعی,,10,8,9,64.8,+0.28,,87,1.6,0.272
601,نقص,,10,6,9,64.7,+0.17,,73,-0.2,0.622
602,رهق,,10,4,7,64.7,+0.02,,72,2.0,0.25
603,عرج,,10,5,9,64.6,+0.10,,70,1.4,0.264
604,طول,,10,5,10,64.6,+0.10,,73,-0.1,0.585
605,عتو,,10,5,7,64.5,+0.10,,69,0.6,0.378
606,سود,,10,9,8,64.4,+0.32,,35,-0.7,0.954
607,ضحک,,10,6,8,64.4,+0.17,,83,2.6,0.192
608,دفع,,10,4,8,64.3,+0.02,,70,-0.1,0.574
609,دمر,,10,3,8,64.3,-0.07,,25,-0.2,0.66
610,دمو,,10,3,7,64.2,-0.07,,16,-0.9,1
611,جبر,,10,3,9,64.1,-0.07,,50,-0.3,0.682
612,قهر,,10,4,9,64.1,+0.02,,93,1.3,0.302
613,خیل,,10,5,10,64.0,+0.10,,59,-0.6,0.856
614,ءید,,10,3,8,64.0,-0.07,,61,-0.3,0.691
615,کفل,,10,5,8,63.9,+0.10,,38,-0.4,0.745
616,عزل,,10,6,8,63.8,+0.17,,44,-0.4,0.785
617,سفل,lowest,10,5,9,63.8,+0.10,36,95,7.6,0.0243
618,ءصل,,10,4,10,63.7,+0.02,,76,-0.2,0.598
619,زلف,,10,5,8,63.7,+0.10,,81,0.8,0.343
620,فیض,,9,4,7,63.6,+0.04,,46,-0.7,0.994
621,غنم,,9,2,6,63.6,-0.18,,48,0.6,0.371
622,وهن,,9,5,7,63.5,+0.12,,31,-0.0,0.557
623,حلی,,9,4,8,63.4,+0.04,,76,-0.1,0.564
624,دوم,,9,4,6,63.4,+0.04,,70,-0.1,0.611
625,بقر,,9,3,3,63.3,-0.06,,12,-0.6,0.897
626,عوج,,9,2,7,63.3,-0.18,,20,-0.6,0.908
627,قذف,,9,4,6,63.2,+0.04,,34,0.1,0.478
628,زنی,,9,6,4,63.1,+0.19,,24,1.6,0.268
629,عزم,,9,3,7,63.1,-0.06,,47,-0.5,0.818
630,عبر,,9,4,8,63.0,+0.04,,79,-0.1,0.593
631,سرق,,9,7,4,63.0,+0.24,,60,0.6,0.371
632,کنز,,9,4,6,62.9,+0.04,,18,-0.4,0.786
633,نقض,,9,4,7,62.8,+0.04,,94,3.3,0.178
634,وقر,,9,4,8,62.8,+0.04,,71,0.3,0.429
635,رمی,,9,4,5,62.7,+0.04,,105,4.3,0.0979
636,سبت,,9,3,6,62.7,-0.06,,78,-0.3,0.708
637,حرق,,9,4,8,62.6,+0.04,,85,0.2,0.484
638,نوم,,9,3,9,62.6,-0.06,,78,0.0,0.543
639,عنق,,9,2,8,62.5,-0.18,,36,-0.4,0.748
640,عکف,,9,6,7,62.4,+0.19,,48,-0.6,0.876
641,عوم,,9,3,5,62.4,-0.06,,31,-0.3,0.739
642,تجر,,9,1,7,62.3,-0.36,,62,1.5,0.257
643,زیغ,,9,6,7,62.3,+0.19,,61,0.7,0.334
644,بثث,,9,5,9,62.2,+0.12,,101,2.8,0.188
645,قبض,,9,5,6,62.1,+0.12,,67,-0.2,0.631
646,فرج,,9,2,8,62.1,-0.18,,77,0.7,0.361
647,صعد,,9,5,8,62.0,+0.12,,74,-0.2,0.611
648,فضض,,9,3,6,62.0,-0.06,,76,3.0,0.206
649,لون,,9,2,5,61.9,-0.18,,35,0.3,0.455
650,ذبح,,9,4,6,61.8,+0.04,,37,-0.4,0.787
651,صحف,,9,3,8,61.8,-0.06,,87,5.9,0.0531
652,برز,,9,3,8,61.7,-0.06,,79,-0.1,0.616
653,همم,,9,2,6,61.7,-0.18,,12,-0.7,0.971
654,ترف,,8,4,7,61.6,+0.06,,56,-0.1,0.596
655,ءنی,,8,5,8,61.6,+0.14,,88,0.7,0.339
656,ستت,,8,2,8,61.5,-0.16,,32,-0.1,0.566
657,سقط,,8,6,8,61.4,+0.21,,52,-0.4,0.791
658,سلف,,8,3,7,61.4,-0.04,,69,-0.4,0.789
659,خمس,,8,4,7,61.3,+0.06,,70,-0.1,0.555
660,بهت,,8,4,6,61.3,+0.06,,60,-0.4,0.792
661,رغب,,8,6,7,61.2,+0.21,,94,3.3,0.174
662,درس,,8,5,7,61.1,+0.14,,68,-0.4,0.769
663,ختم,,8,6,7,61.1,+0.21,,83,1.7,0.238
664,حجب,,8,3,8,61.0,-0.04,,83,0.0,0.533
665,صوت,,8,2,4,61.0,-0.16,,49,2.9,0.192
666,هبط,,8,2,4,60.9,-0.16,,20,-0.7,0.977
667,فرط,,8,4,6,60.8,+0.06,,6,-0.6,0.914
668,صفح,,8,5,6,60.8,+0.14,,64,0.4,0.41
669,صلب,,8,4,7,60.7,+0.06,,86,0.6,0.357
670,برهن,,8,2,7,60.7,-0.16,,28,-0.5,0.912
671,رجف,,8,4,5,60.6,+0.06,,79,1.5,0.253
672,سری,,8,4,8,60.6,+0.06,,89,0.2,0.45
673,وبل,,8,3,6,60.5,-0.04,,73,0.4,0.424
674,کلف,,8,4,7,60.4,+0.06,,65,-0.5,0.858
675,عقر,,8,3,7,60.4,-0.04,,91,1.1,0.283
676,غبر,,8,2,7,60.3,-0.16,,80,0.3,0.422
677,عیش,,8,4,8,60.3,+0.06,,101,2.5,0.207
678,ضرع,,8,5,4,60.2,+0.14,,88,0.5,0.392
679,قبر,,8,4,8,60.1,+0.06,35,102,7.6,0.04
680,خسف,,8,3,7,60.1,-0.04,,75,0.2,0.424
681,خضر,,8,4,7,60.0,+0.06,,76,-0.0,0.557
682,لطف,,8,3,8,60.0,-0.04,,67,-0.3,0.727
683,حظظ,,7,2,5,59.9,-0.14,,41,-0.7,0.957
684,ءجج,,7,4,5,59.8,+0.08,,56,0.0,0.524
685,زکر,,7,1,4,59.8,-0.32,,19,-0.3,0.73
686,سرح,,7,5,3,59.7,+0.16,,33,0.2,0.448
687,ندم,,7,2,6,59.7,-0.14,,49,-0.3,0.729
688,دکک,,7,4,4,59.6,+0.08,,89,6.0,0.0759
689,بضع,,7,2,2,59.6,-0.14,,12,1.0,0.257
690,برج,,7,4,6,59.5,+0.08,,85,0.4,0.398
691,سکر,,7,4,5,59.4,+0.08,,15,0.1,0.463
692,بخس,,7,4,6,59.4,+0.08,,72,-0.3,0.722
693,تسع,,7,4,5,59.3,+0.08,,74,0.4,0.394
694,زیت,,7,4,5,59.3,+0.08,,95,2.4,0.211
695,مکث,,7,5,7,59.2,+0.16,,43,-0.5,0.861
696,نسک,,7,4,3,59.1,+0.08,,22,-0.2,0.623
697,فیء,,7,4,5,59.1,+0.08,,49,1.2,0.266
698,بعل,,7,3,5,59.0,-0.02,,24,-0.2,0.647
699,دلل,,7,4,5,59.0,+0.08,,61,0.4,0.399
700,موج,,7,2,5,58.9,-0.14,,31,-0.3,0.692
701,غرف,,7,5,5,58.8,+0.16,,39,-0.4,0.751
702,حبل,,7,2,5,58.8,-0.14,,111,3.6,0.178
703,علق,,7,3,6,58.7,-0.02,,96,1.6,0.245
704,نوق,,7,1,6,58.7,-0.32,,91,1.1,0.272
705,ضحو,,7,3,5,58.6,-0.02,,93,5.3,0.103
706,عقد,,7,3,5,58.6,-0.02,,113,4.3,0.115
707,عمه,,7,1,7,58.5,-0.32,,15,-0.6,0.939
708,عمد,,7,4,7,58.4,+0.08,,104,3.4,0.17
709,نکث,,7,3,5,58.4,-0.02,,48,-0.1,0.564
710,نصف,,7,1,3,58.3,-0.32,,73,1.3,0.27
711,خول,,7,3,5,58.3,-0.02,,39,-0.3,0.716
712,خمر,,7,2,5,58.2,-0.14,,47,-0.5,0.811
713,خطف,,7,6,6,58.1,+0.23,,37,-0.3,0.698
714,قسو,,7,3,6,58.1,-0.02,,57,-0.6,0.953
715,عصف,,7,5,6,58.0,+0.16,,105,5.4,0.0888
716,بکی,,7,5,6,58.0,+0.16,,53,0.6,0.363
717,وعی,,7,6,4,57.9,+0.23,,84,2.9,0.183
718,زجر,,6,5,3,57.8,+0.19,,79,1.8,0.233
719,ءسر,,6,5,4,57.8,+0.19,,76,0.9,0.296
720,همن,,6,1,3,57.7,-0.29,,28,0.2,0.45
721,کلب,,6,2,3,57.7,-0.12,,18,0.1,0.455
722,مهل,,6,2,5,57.6,-0.12,37,86,7.4,0.04
723,وطء,,6,5,4,57.6,+0.19,,73,0.1,0.474
724,بکم,,6,3,5,57.5,+0.01,,8,-0.7,1
725,نزغ,,6,2,4,57.4,-0.12,,41,-0.2,0.628
726,کظم,,6,3,6,57.4,+0.01,,68,-0.3,0.683
727,تبر,,6,5,4,57.3,+0.19,,71,0.3,0.418
728,قمص,,6,1,1,57.3,-0.29,,12,1.1,0.255
729,قنط,,6,5,5,57.2,+0.19,,15,0.2,0.435
730,کهف,,6,1,1,57.1,-0.29,,18,1.5,0.238
731,خلط,,6,4,6,57.1,+0.11,,38,-0.7,0.98
732,ضیف,,6,2,5,57.0,-0.12,,15,0.3,0.387
733,حرف,,6,3,5,57.0,+0.01,,8,-0.7,0.976
734,حبر,,6,3,4,56.9,+0.01,,43,-0.4,0.786
735,لحد,,6,3,6,56.8,+0.01,,72,-0.2,0.663
736,دءب,,6,3,5,56.8,+0.01,,8,-0.3,0.744
737,قصد,,6,5,5,56.7,+0.19,,31,0.1,0.499
738,مقت,,6,2,4,56.7,-0.12,,61,0.4,0.374
739,شفی,,6,3,6,56.6,+0.01,,41,-0.5,0.912
740,ردی,,6,5,6,56.6,+0.19,,92,0.9,0.279
741,ءدی,,6,4,4,56.5,+0.11,,44,-0.4,0.832
742,زلزل,quake(Zilzal),6,4,4,56.4,+0.11,27,99,9.4,0.04
743,زور,,6,4,5,56.4,+0.11,,102,3.9,0.157
744,حصد,,6,4,6,56.3,+0.11,,50,-0.4,0.79
745,رصد,,6,5,4,56.3,+0.19,,72,1.9,0.219
746,حمی,,6,4,5,56.2,+0.11,,101,3.6,0.162
747,ذرء,,6,2,6,56.1,-0.12,,67,-0.3,0.704
748,سدد,,6,3,4,56.1,+0.01,,36,0.0,0.503
749,حصر,,6,5,5,56.0,+0.19,,17,-0.8,1
750,غیث,,6,3,5,56.0,+0.01,,31,-0.2,0.629
751,فرش,,6,4,6,55.9,+0.11,,101,2.7,0.183
752,ثقف,,6,3,6,55.8,+0.01,,60,-0.4,0.815
753,فزع,,6,1,4,55.8,-0.29,,34,0.1,0.455
754,فرغ,,6,4,6,55.7,+0.11,,94,4.7,0.127
755,لحق,,6,2,6,55.7,-0.12,,62,0.2,0.424
756,مرج,,6,4,3,55.6,+0.11,,55,3.8,0.174
757,ندد,,6,1,5,55.6,-0.29,,41,-0.5,0.811
758,کرر,,6,2,6,55.5,-0.12,,79,0.2,0.422
759,غرم,,6,5,5,55.4,+0.19,,68,0.3,0.415
760,صید,,6,2,1,55.4,-0.12,,5,0.3,0.393
761,ضوء,,6,3,5,55.3,+0.01,,21,-0.7,0.972
762,لءلء,,6,2,6,55.3,-0.12,,76,0.7,0.309
763,حسس,,6,4,4,55.2,+0.11,,21,-0.4,0.745
764,صرر,,6,4,5,55.1,+0.11,,71,0.5,0.36
765,کءس,,6,2,5,55.1,-0.12,,76,2.3,0.206
766,حمر,,6,3,6,55.0,+0.01,,62,0.4,0.375
767,لوح,,6,3,4,55.0,+0.01,,85,1.2,0.276
768,فخر,,6,4,5,54.9,+0.11,,57,0.3,0.418
769,میل,,6,5,1,54.9,+0.19,,4,0.1,0.495
770,حطم,,6,3,5,54.8,+0.01,23,104,12.3,0.0243
771,خنزر,,5,2,4,54.7,-0.09,,5,-0.6,0.994
772,رفق,,5,4,3,54.7,+0.14,,18,-0.2,0.654
773,کسف,,5,1,5,54.6,-0.26,,52,-0.0,0.557
774,نقذ,,5,4,4,54.6,+0.14,,36,0.1,0.487
775,ذرع,,5,4,4,54.5,+0.14,,69,1.2,0.251
776,دهن,,5,5,4,54.4,+0.21,,68,1.6,0.219
777,لزم,,5,3,5,54.4,+0.04,,48,-0.3,0.753
778,صدع,,5,4,5,54.3,+0.14,,86,2.1,0.209
779,طوی,,5,4,4,54.3,+0.14,,79,0.2,0.422
780,ربط,,5,4,4,54.2,+0.14,,8,-0.4,0.744
781,لوی,,5,4,3,54.1,+0.14,,63,0.0,0.511
782,مید,,5,2,4,54.1,-0.09,,31,-0.4,0.758
783,مضی,,5,5,5,54.0,+0.21,,15,-0.3,0.693
784,مصر,,5,2,4,54.0,-0.09,,43,-0.4,0.79
785,قتر,,5,5,5,53.9,+0.21,,80,0.3,0.393
786,قدد,,5,2,2,53.9,-0.09,,72,0.7,0.335
787,هلل,,5,2,4,53.8,-0.09,,16,-0.7,1
788,صنم,,5,2,5,53.7,-0.09,,14,-0.6,0.893
789,ذمم,,5,3,3,53.7,+0.04,,68,0.0,0.535
790,حوت,,5,2,4,53.6,-0.09,,68,-0.0,0.556
791,نکل,,5,4,5,53.6,+0.14,,79,0.3,0.392
792,صفر,,5,3,5,53.5,+0.04,,77,0.1,0.45
793,صدف,,5,3,2,53.4,+0.04,,6,-0.2,0.663
794,فرد,,5,2,4,53.4,-0.09,,19,-0.1,0.617
795,صبب,,5,4,4,53.3,+0.14,,80,4.2,0.137
796,طرد,,5,3,3,53.3,+0.04,,11,-0.4,0.803
797,درء,,5,4,5,53.2,+0.14,,13,-0.5,0.948
798,عمم,,5,3,3,53.1,+0.04,,24,-0.1,0.628
799,قطر,,5,4,5,53.1,+0.14,,55,-0.2,0.617
800,عثو,,5,1,5,53.0,-0.26,,29,-0.6,0.974
801,نفد,,5,4,4,53.0,+0.14,,31,-0.1,0.619
802,سنبل,,5,4,2,52.9,+0.14,,12,-0.2,0.667
803,نسف,,5,4,2,52.9,+0.14,,77,1.1,0.268
804,حرص,,5,4,5,52.8,+0.14,,12,-0.7,1
805,بور,,5,4,4,52.7,+0.14,,35,0.1,0.45
806,قفو,,5,2,4,52.7,-0.09,,57,0.0,0.52
807,حسد,,5,5,4,52.6,+0.21,9,113,18.5,0.0243
808,جوع,,5,2,5,52.6,-0.09,,106,6.8,0.0857
809,جثم,,5,1,3,52.5,-0.26,,11,-0.4,0.786
810,رعب,,5,2,5,52.4,-0.09,,59,-0.4,0.745
811,کمل,,5,4,3,52.4,+0.14,,16,-0.6,0.993
812,عتب,,5,2,4,52.3,-0.09,,41,0.1,0.444
813,خطو,,5,1,3,52.3,-0.26,,24,-0.4,0.805
814,خیب,,5,2,4,52.2,-0.09,,91,1.8,0.204
815,خوی,,5,1,5,52.1,-0.26,,69,-0.2,0.625
816,عصب,,5,2,4,52.1,-0.09,,12,-0.4,0.786
817,کسو,,5,4,4,52.0,+0.14,,23,-0.6,1
818,وسوس,whisper,5,4,4,52.0,+0.14,8,114,19.6,0.0243
819,طمس,,5,3,5,51.9,+0.04,,77,0.3,0.397
820,عصر,epoch(ʿAsr),5,5,4,51.9,+0.21,31,103,8.0,0.0243
821,جوز,,5,2,5,51.8,-0.09,,46,-0.6,0.93
822,عنت,,5,2,5,51.7,-0.09,,49,-0.5,0.858
823,مرد,,5,5,5,51.7,+0.21,,37,-0.5,0.893
824,سبط,,5,2,4,51.6,-0.09,,2,-0.7,1
825,ثور,,5,3,4,51.6,+0.04,,100,2.8,0.178
826,کوکب,,5,3,5,51.5,+0.04,,82,1.0,0.307
827,لمس,,5,3,5,51.4,+0.04,,72,-0.2,0.615
828,ءرک,,5,1,4,51.4,-0.26,,83,3.2,0.178
829,زهق,,5,4,3,51.3,+0.14,,17,-0.3,0.743
830,شرح,,5,4,5,51.3,+0.14,,94,4.1,0.141
831,شحح,,5,2,4,51.2,-0.09,,64,0.1,0.429
832,شرع,,5,4,4,51.1,+0.14,,42,-0.0,0.518
833,فوج,,5,3,5,51.1,+0.04,,110,5.3,0.0759
834,شطر,,5,1,1,51.0,-0.26,,2,-0.4,0.803
835,هزز,,5,3,5,51.0,+0.04,,41,-0.3,0.767
836,فوت,,5,3,5,50.9,+0.04,,67,0.2,0.435
837,شتت,,5,3,5,50.9,+0.04,,99,4.0,0.166
838,ثبر,,5,2,3,50.8,-0.09,,84,1.8,0.219
839,برد,,5,3,5,50.7,+0.04,,78,0.4,0.372
840,صرخ,,5,5,4,50.7,+0.21,,14,0.0,0.487
841,وزع,,5,2,3,50.6,-0.09,,27,0.5,0.37
842,وجل,,5,4,4,50.6,+0.14,,15,0.2,0.426
843,هیت,,5,2,5,50.5,-0.09,,21,-0.6,0.938
844,لین,,5,5,5,50.4,+0.21,,59,-0.3,0.708
845,وسط,,5,4,4,50.4,+0.14,,100,2.7,0.188
846,شهب,,5,3,4,50.3,+0.04,,72,1.3,0.231
847,خدع,,5,3,3,50.3,+0.04,,8,-0.6,0.983
848,حصب,,5,2,5,50.2,-0.09,,67,0.1,0.478
849,سدس,,5,2,3,50.1,-0.09,,58,-0.3,0.722
850,جلو,,5,4,4,50.1,+0.14,,91,3.2,0.153
851,حیص,,5,2,5,50.0,-0.09,,50,-0.1,0.611
852,نشز,,5,4,3,50.0,+0.14,,58,0.3,0.418
853,دلو,,5,5,4,49.9,+0.21,,53,-0.2,0.664
854,خرص,,5,3,4,49.9,+0.04,,51,-0.2,0.633
855,قرف,,5,3,3,49.8,+0.04,,42,-0.4,0.764
856,قرع,striking(Qariʿa),5,1,3,49.7,-0.26,4,101,28.5,0.0243
857,بغض,,5,1,3,49.7,-0.26,,60,-0.1,0.609
858,رقی,,4,4,3,49.6,+0.17,,75,0.4,0.314
859,سقف,,4,2,4,49.6,-0.05,,52,-0.0,0.54
860,کعب,,4,3,2,49.5,+0.07,,78,0.3,0.404
861,سقر,,4,1,2,49.4,-0.23,,74,4.5,0.137
862,سفن,,4,1,2,49.4,-0.23,,18,-0.0,0.508
863,سمن,,4,3,3,49.3,+0.07,,88,1.5,0.207
864,ءمس,,4,1,2,49.3,-0.23,,28,0.1,0.472
865,ءسی,,4,2,3,49.2,-0.05,,57,-0.4,0.769
866,قلد,,4,2,3,49.1,-0.05,,42,-0.3,0.751
867,لمز,,4,3,3,49.1,+0.07,,104,3.5,0.17
868,سجل,,4,2,4,49.0,-0.05,,105,5.3,0.127
869,بدع,,4,3,4,49.0,+0.07,,57,-0.3,0.73
870,زلل,,4,4,3,48.9,+0.17,,16,-0.6,1
871,یبس,,4,3,3,48.9,+0.07,,12,-0.3,0.776
872,ءیک,,4,1,4,48.8,-0.23,,50,0.0,0.503
873,عزر,,4,3,4,48.7,+0.07,,48,-0.4,0.873
874,وفق,,4,4,3,48.7,+0.17,,78,0.1,0.474
875,وقف,,4,3,3,48.6,+0.07,,34,-0.3,0.733
876,بول,,4,1,3,48.6,-0.23,,47,0.3,0.375
877,ءفل,,4,2,1,48.5,-0.05,,6,-0.1,0.574
878,نسل,,4,2,4,48.4,-0.05,,32,-0.0,0.568
879,عفف,,4,2,3,48.4,-0.05,,24,-0.3,0.744
880,قلم,,4,2,4,48.3,-0.05,,96,1.6,0.207
881,تبب,perish(Tabbat),4,3,3,48.3,+0.07,11,111,16.5,0.0243
882,عجم,,4,3,3,48.2,+0.07,,41,0.1,0.474
883,طوق,,4,3,2,48.1,+0.07,,2,-0.6,0.993
884,کوب,,4,1,4,48.1,-0.23,,88,1.5,0.197
885,طلب,,4,4,3,48.0,+0.17,,22,-0.3,0.691
886,نمل,,4,3,2,48.0,+0.07,,27,0.3,0.373
887,نقر,,4,3,2,47.9,+0.07,,74,1.5,0.221
888,نسخ,,4,4,4,47.9,+0.17,,45,-0.4,0.791
889,نعج,,4,2,1,47.8,-0.05,,38,2.8,0.174
890,نصو,,4,2,3,47.7,-0.05,,96,6.4,0.0759
891,نفل,,4,2,3,47.7,-0.05,,8,-0.2,0.628
892,دحض,,4,3,4,47.6,+0.07,,42,-0.3,0.721
893,دخر,,4,2,4,47.6,-0.05,,37,-0.4,0.782
894,درر,,4,2,4,47.5,-0.05,,71,-0.0,0.533
895,طبق,,4,3,3,47.4,+0.07,,84,6.3,0.0888
896,عور,,4,2,2,47.4,-0.05,,24,-0.0,0.524
897,غسل,,4,4,4,47.3,+0.17,,69,-0.0,0.54
898,غسق,,4,4,4,47.3,+0.17,,113,6.7,0.0648
899,عقم,,4,2,3,47.2,-0.05,,51,1.0,0.277
900,لجج,,4,3,4,47.1,+0.07,,67,0.0,0.543
901,غضض,,4,3,3,47.1,+0.07,,49,0.2,0.415
902,مزق,,4,2,1,47.0,-0.05,,34,2.2,0.188
903,قنطر,,4,4,2,47.0,+0.17,,3,-0.5,0.856
904,قصو,,4,3,4,46.9,+0.07,,36,-0.3,0.741
905,طفل,,4,3,3,46.9,+0.07,,24,-0.2,0.657
906,سمم,,4,2,4,46.8,-0.05,,52,0.2,0.42
907,سمر,,4,2,2,46.7,-0.05,,20,0.2,0.424
908,خفض,,4,2,4,46.7,-0.05,,56,-0.1,0.566
909,ودع,,4,3,4,46.6,+0.07,,93,2.7,0.186
910,سلح,,4,1,1,46.6,-0.23,,4,-0.2,0.663
911,خصص,,4,3,4,46.5,+0.07,,59,-0.3,0.741
912,دحر,,4,2,3,46.4,-0.05,,17,-0.3,0.729
913,خرق,,4,2,3,46.4,-0.05,,18,-0.4,0.771
914,خسء,,4,3,4,46.3,+0.07,,67,-0.2,0.657
915,جدر,,4,4,3,46.3,+0.17,,59,-0.1,0.617
916,غمر,,4,2,3,46.2,-0.05,,51,0.1,0.457
917,غوث,,4,4,4,46.1,+0.17,,71,0.1,0.444
918,غور,,4,3,3,46.1,+0.07,,67,-0.1,0.577
919,نحت,,4,2,4,46.0,-0.05,,15,-0.3,0.729
920,مجد,,4,1,3,46.0,-0.23,,85,4.6,0.137
921,سول,,4,1,3,45.9,-0.23,,47,-0.2,0.628
922,جرح,,4,4,3,45.9,+0.17,,45,-0.3,0.727
923,کرب,,4,1,3,45.8,-0.23,,37,-0.0,0.52
924,صلصل,,4,1,2,45.7,-0.23,,15,1.3,0.219
925,سدر,,4,2,3,45.7,-0.05,,53,1.4,0.242
926,سرج,,4,1,4,45.6,-0.23,,78,0.7,0.308
927,سرب,,4,4,4,45.6,+0.17,,78,0.2,0.408
928,حیض,,4,2,2,45.5,-0.05,,65,1.0,0.242
929,سفح,,4,3,3,45.4,+0.07,,4,-0.6,0.994
930,رکن,,4,2,3,45.4,-0.05,,51,-0.1,0.558
931,جسد,,4,1,4,45.3,-0.23,,38,-0.4,0.791
932,سخط,,4,3,4,45.3,+0.07,,47,-0.4,0.832
933,سحت,,4,2,2,45.2,-0.05,,5,-0.3,0.708
934,هیء,,4,3,3,45.1,+0.07,,18,-0.4,0.791
935,شیخ,,4,3,4,45.1,+0.07,,40,-0.5,0.875
936,صرح,,4,2,3,45.0,-0.05,,27,-0.2,0.617
937,شءن,,4,1,4,45.0,-0.23,,80,0.7,0.301
938,سیل,,4,3,2,44.9,+0.07,,34,0.5,0.337
939,ورق,,4,2,4,44.9,-0.05,,20,-0.6,0.971
940,فشل,,4,2,2,44.8,-0.05,,8,-0.2,0.67
941,میز,,4,3,4,44.7,+0.07,,67,-0.0,0.543
942,فلق,daybreak(Falaq),4,3,3,44.7,+0.07,,113,4.7,0.115
943,مهن,,4,1,4,44.6,-0.23,,77,0.9,0.29
944,حمء,,4,2,2,44.6,-0.05,,15,1.3,0.252
945,رتل,,4,2,2,44.5,-0.05,,73,2.6,0.178
946,شور,,4,4,4,44.4,+0.17,,42,-0.5,0.883
947,فور,,4,3,4,44.4,+0.07,,67,-0.2,0.628
948,رذل,,4,3,4,44.3,+0.07,,22,-0.5,0.872
949,جهز,,4,2,1,44.3,-0.05,,12,0.3,0.357
950,رحل,,4,3,2,44.2,+0.07,,106,6.1,0.0888
951,رحب,,4,2,2,44.2,-0.05,,38,0.1,0.452
952,هنء,,4,1,4,44.1,-0.23,,77,0.8,0.289
953,زول,,4,3,2,44.0,+0.07,,35,0.5,0.347
954,ءمد,,4,2,4,44.0,-0.05,,72,0.0,0.488
955,زخرف,,4,2,4,43.9,-0.05,,43,-0.5,0.855
956,ءبل,,3,2,3,43.9,-0.00,,105,6.2,0.0759
957,زفر,,3,2,3,43.8,-0.00,,25,-0.3,0.748
958,زقم,,3,1,3,43.7,-0.18,,44,0.3,0.35
959,کور,,3,2,2,43.7,-0.00,,81,1.5,0.211
960,ءلو,,3,3,3,43.6,+0.12,,24,-0.5,0.979
961,ءنف,,3,2,2,43.6,-0.00,,47,-0.2,0.628
962,ستر,,3,3,3,43.5,+0.12,,41,-0.3,0.734
963,سجر,,3,3,3,43.4,+0.12,,81,1.3,0.248
964,سءم,,3,2,2,43.4,-0.00,,41,0.2,0.438
965,زبد,,3,2,1,43.3,-0.00,,13,1.1,0.253
966,بذر,,3,3,1,43.3,+0.12,,17,0.3,0.415
967,شحن,,3,1,3,43.2,-0.18,,36,-0.2,0.64
968,ردف,,3,3,3,43.2,+0.12,,79,0.4,0.364
969,شنء,,3,2,2,43.1,-0.00,21,108,12.5,0.0243
970,شطط,,3,2,3,43.0,-0.00,,72,0.2,0.422
971,هزم,,3,3,3,43.0,+0.12,,54,-0.1,0.566
972,جزء,,3,2,3,42.9,-0.00,,15,-0.2,0.663
973,لهب,,3,1,2,42.9,-0.18,5,111,25.2,0.0243
974,کبت,,3,2,2,42.8,-0.00,,58,0.9,0.219
975,سیح,,3,3,2,42.7,+0.12,,66,0.1,0.424
976,شءم,,3,1,2,42.7,-0.18,,90,3.0,0.186
977,وتد,,3,2,3,42.6,-0.00,,89,1.3,0.238
978,وتر,,3,3,3,42.6,+0.12,,89,0.6,0.279
979,وثن,,3,2,2,42.5,-0.00,,29,0.1,0.485
980,وجس,,3,1,3,42.4,-0.18,,51,-0.1,0.568
981,شکو,,3,3,3,42.4,+0.12,,58,-0.1,0.596
982,شیب,,3,2,3,42.3,-0.00,,73,0.5,0.343
983,صبء,,3,2,3,42.3,-0.00,,22,-0.5,0.971
984,برح,,3,2,3,42.2,-0.00,,20,-0.4,0.856
985,برزخ,,3,2,3,42.2,-0.00,,55,-0.1,0.54
986,صرم,,3,3,1,42.1,+0.12,,68,3.5,0.166
987,صبغ,,3,2,2,42.0,-0.00,,23,-0.5,0.916
988,صبو,,3,2,2,42.0,-0.00,,19,-0.0,0.526
989,صخر,,3,2,3,41.9,-0.00,,89,0.6,0.253
990,ذءب,,3,1,1,41.9,-0.18,,12,0.1,0.478
991,ذرو,,3,3,2,41.8,+0.12,,51,1.1,0.266
992,ذقن,,3,1,2,41.7,-0.18,,36,-0.0,0.557
993,صرصر,,3,2,3,41.7,-0.00,,69,0.5,0.317
994,هطع,,3,1,3,41.6,-0.18,,70,0.7,0.302
995,همز,slander,3,3,3,41.6,+0.12,,104,4.5,0.121
996,سوغ,,3,3,3,41.5,+0.12,,35,-0.2,0.666
997,جلت,,3,1,1,41.4,-0.18,,2,-0.4,0.933
998,لذذ,,3,2,3,41.4,-0.00,,47,-0.0,0.536
999,جثو,,3,2,2,41.3,-0.00,,45,0.2,0.392
1000,جدث,,3,1,3,41.3,-0.18,,70,0.7,0.271
1001,متن,,3,1,3,41.2,-0.18,,68,0.4,0.361
1002,محو,,3,3,3,41.2,+0.12,,42,-0.2,0.646
1003,جذع,,3,2,2,41.1,-0.00,,19,0.0,0.487
1004,جود,,3,3,3,41.0,+0.12,,111,5.8,0.0979
1005,دعع,,3,2,2,41.0,-0.00,33,107,7.8,0.04
1006,ضجع,,3,1,3,40.9,-0.18,,32,-0.2,0.642
1007,طفء,,3,2,3,40.9,-0.00,,61,0.0,0.479
1008,ضغث,,3,2,3,40.8,-0.00,,38,-0.3,0.704
1009,لجء,,3,2,2,40.7,-0.00,,42,-0.3,0.7
1010,جیب,,3,2,3,40.7,-0.00,,27,-0.4,0.781
1011,رغد,,3,1,2,40.6,-0.18,,16,-0.5,0.982
1012,سلل,,3,2,3,40.6,-0.00,,32,0.0,0.533
1013,سلو,,3,1,3,40.5,-0.18,,20,-0.5,0.993
1014,ظمء,,3,3,3,40.4,+0.12,,24,-0.4,0.846
1015,طفق,,3,1,3,40.4,-0.18,,38,-0.4,0.751
1016,نکس,,3,3,3,40.3,+0.12,,32,0.1,0.466
1017,نکف,,3,2,1,40.3,-0.00,,4,-0.4,0.769
1018,نقب,,3,3,3,40.2,+0.12,,50,-0.2,0.628
1019,نفذ,,3,2,1,40.2,-0.00,,55,3.2,0.17
1020,خیط,,3,2,2,40.1,-0.00,,2,-0.5,1
1021,عبس,,3,2,3,40.0,-0.00,,80,1.6,0.211
1022,بهج,,3,2,3,40.0,-0.00,,50,-0.1,0.57
1023,بهم,,3,1,2,39.9,-0.18,,22,-0.2,0.629
1024,ءفق,,3,2,3,39.9,-0.00,,81,1.4,0.221
1025,ءلس,,3,2,2,39.8,-0.00,,37,0.1,0.482
1026,حدق,,3,1,3,39.7,-0.18,,80,1.4,0.211
1027,حرض,,3,2,3,39.7,-0.00,,8,-0.5,0.926
1028,مرح,,3,2,3,39.6,-0.00,,31,-0.2,0.642
1029,سندس,,3,1,3,39.6,-0.18,,76,0.4,0.331
1030,أله,,3,3,3,39.5,+0.12,,38,-0.2,0.669
1031,عری,,3,2,3,39.4,-0.00,,68,0.1,0.466
1032,ءسو,,3,1,2,39.4,-0.18,,60,1.3,0.231
1033,ءصر,,3,2,3,39.3,-0.00,,7,-0.6,1
1034,ءفف,,3,1,3,39.3,-0.18,,46,-0.2,0.663
1035,نضد,,3,2,3,39.2,-0.00,,56,0.1,0.429
1036,نضر,,3,2,3,39.2,-0.00,,83,1.5,0.207
1037,نسب,,3,2,3,39.1,-0.00,,37,-0.2,0.647
1038,خفت,,3,2,3,39.0,-0.00,,68,0.0,0.509
1039,عرو,,3,2,3,39.0,-0.00,,31,-0.3,0.728
1040,سلخ,,3,2,3,38.9,-0.00,,36,-0.4,0.797
1041,سلسل,,3,2,3,38.9,-0.00,,69,0.6,0.29
1042,رقم,,3,2,2,38.8,-0.00,,83,3.3,0.17
1043,رمن,,3,1,2,38.7,-0.18,,55,-0.1,0.581
1044,رهط,,3,1,2,38.7,-0.18,,11,-0.2,0.663
1045,رهن,,3,3,3,38.6,+0.12,,74,0.6,0.353
1046,مزج,,3,1,2,38.6,-0.18,,76,2.7,0.177
1047,جءر,,3,2,2,38.5,-0.00,,23,-0.0,0.518
1048,خذل,,3,3,3,38.4,+0.12,,25,-0.4,0.835
1049,عیر,,3,1,1,38.4,-0.18,,12,0.1,0.46
1050,قرح,,3,1,1,38.3,-0.18,,3,-0.3,0.733
1051,قرد,,3,1,3,38.3,-0.18,,5,-0.6,1
1052,قبس,,3,2,3,38.2,-0.00,,57,-0.2,0.654
1053,مور,,3,2,2,38.2,-0.00,,52,1.8,0.192
1054,نحس,,3,3,3,38.1,+0.12,,54,0.4,0.366
1055,خبت,,3,3,2,38.0,+0.12,,22,-0.2,0.62
1056,روغ,,3,1,2,38.0,-0.18,,51,0.5,0.339
1057,رکض,,3,3,2,37.9,+0.12,,21,0.0,0.487
1058,رکم,,3,3,3,37.9,+0.12,,52,0.0,0.494
1059,سربل,,3,1,2,37.8,-0.18,,14,-0.2,0.62
1060,نثر,,3,2,3,37.7,-0.00,,82,1.9,0.21
1061,فرت,,3,2,3,37.7,-0.00,,77,0.4,0.329
1062,فتر,,3,2,3,37.6,-0.00,,43,-0.3,0.739
1063,فتل,,3,1,2,37.6,-0.18,,17,-0.4,0.902
1064,حوج,,3,1,3,37.5,-0.18,,59,-0.1,0.611
1065,فزز,,3,2,1,37.4,-0.00,,17,0.1,0.443
1066,فسح,,3,3,1,37.4,+0.12,,58,2.4,0.183
1067,فجج,,3,2,3,37.3,-0.00,,71,0.2,0.395
1068,نءی,,3,2,3,37.3,-0.00,,41,-0.4,0.79
1069,حفو,,3,3,3,37.2,+0.12,,47,-0.2,0.657
1070,مضغ,,3,1,2,37.2,-0.18,,23,0.1,0.488
1071,حضض,,3,2,3,37.1,-0.00,,107,9.0,0.0648
1072,فقد,,3,2,2,37.0,-0.00,,12,-0.2,0.663
1073,ثلل,,3,1,1,37.0,-0.18,,56,3.4,0.145
1074,لفت,,3,2,3,36.9,-0.00,,15,-0.3,0.739
1075,لفف,,3,3,3,36.9,+0.12,,75,1.1,0.257
1076,لفو,,3,2,3,36.8,-0.00,,37,-0.4,0.834
1077,لقف,,3,1,3,36.7,-0.18,,26,-0.4,0.868
1078,لقم,,3,2,2,36.7,-0.00,,31,0.6,0.271
1079,ءسس,,3,1,1,36.6,-0.18,,9,-0.1,0.629
1080,زجو,,3,2,3,36.6,-0.00,,24,-0.4,0.845
1081,ءزف,,3,2,2,36.5,-0.00,,53,1.7,0.219
1082,ءزر,,3,2,3,36.4,-0.00,,48,-0.3,0.7
1083,ءرب,,2,2,2,36.4,+0.06,,24,-0.3,0.741
1084,ءزز,,2,2,1,36.3,+0.06,,19,0.3,0.404
1085,کمم,,2,1,2,36.3,-0.11,,55,0.1,0.44
1086,یسع,,2,1,2,36.2,-0.11,,38,-0.3,0.682
1087,کدح,,2,2,1,36.2,+0.06,,84,7.3,0.0888
1088,کرس,,2,1,2,36.1,-0.11,,38,-0.3,0.741
1089,کبب,,2,2,2,36.0,+0.06,,67,0.3,0.404
1090,ءمل,,2,2,2,36.0,+0.06,,15,-0.2,0.594
1091,ءمو,,2,2,2,35.9,+0.06,,24,-0.4,0.912
1092,رکس,,2,1,1,35.9,-0.11,,4,-0.4,0.868
1093,سبغ,,2,2,2,35.8,+0.06,,31,0.0,0.496
1094,زود,,2,2,1,35.7,+0.06,,2,-0.5,0.974
1095,سبء,,2,1,2,35.7,-0.11,,34,-0.2,0.587
1096,زجج,,2,1,1,35.6,-0.11,,24,0.1,0.524
1097,زحزح,,2,2,2,35.6,+0.06,,3,-0.5,1
1098,وسم,,2,2,2,35.5,+0.06,,68,0.4,0.331
1099,وصب,,2,2,2,35.4,+0.06,,37,-0.2,0.663
1100,وطر,,2,1,1,35.4,-0.11,,33,-0.0,0.525
1101,ءوه,,2,1,2,35.3,-0.11,,11,-0.3,0.893
1102,ودق,,2,1,2,35.3,-0.11,,30,-0.2,0.64
1103,وسق,,2,2,1,35.2,+0.06,,84,6.1,0.0979
1104,وسل,,2,1,2,35.2,-0.11,,17,-0.4,0.875
1105,وبق,,2,2,2,35.1,+0.06,,42,-0.2,0.663
1106,وجف,,2,2,2,35.0,+0.06,,79,1.1,0.219
1107,بتل,,2,2,1,35.0,+0.06,,73,3.0,0.141
1108,رمم,,2,1,2,34.9,-0.11,,51,0.2,0.394
1109,سرمد,,2,1,1,34.9,-0.11,,28,-0.0,0.512
1110,سعد,,2,2,1,34.8,+0.06,,11,-0.2,0.584
1111,روض,,2,2,2,34.7,+0.06,,42,-0.1,0.55
1112,بخع,,2,1,2,34.7,-0.11,,26,-0.4,0.782
1113,بدر,,2,2,2,34.6,+0.06,,3,-0.4,0.992
1114,بدن,,2,1,2,34.6,-0.11,,22,-0.3,0.79
1115,هور,,2,2,1,34.5,+0.06,,9,-0.3,0.711
1116,هیج,,2,1,2,34.5,-0.11,,57,-0.1,0.577
1117,هیم,,2,2,2,34.4,+0.06,,56,0.1,0.471
1118,هیمن,,2,2,2,34.3,+0.06,,59,-0.1,0.555
1119,هیه,,2,1,1,34.3,-0.11,,23,0.1,0.42
1120,برأ,,2,1,1,34.2,-0.11,,98,8.7,0.0531
1121,برص,,2,1,2,34.2,-0.11,,5,-0.5,0.971
1122,برم,,2,2,1,34.1,+0.06,,43,0.3,0.34
1123,رفت,,2,1,1,34.0,-0.11,,17,-0.1,0.554
1124,رفث,,2,1,1,34.0,-0.11,,2,-0.5,0.972
1125,رفد,,2,2,1,33.9,+0.06,,11,-0.2,0.596
1126,سفک,,2,2,1,33.9,+0.06,,2,-0.5,0.972
1127,سقم,,2,1,1,33.8,-0.11,,37,0.4,0.343
1128,رقد,,2,2,2,33.7,+0.06,,36,-0.2,0.615
1129,بزغ,,2,2,1,33.7,+0.06,,6,-0.3,0.785
1130,بسر,,2,2,2,33.6,+0.06,,75,1.3,0.219
1131,هشم,,2,2,2,33.6,+0.06,,54,0.0,0.472
1132,هضم,,2,2,2,33.5,+0.06,,26,-0.3,0.73
1133,هلم,,2,1,2,33.5,-0.11,,33,-0.5,0.868
1134,بسس,,2,2,1,33.4,+0.06,,56,1.7,0.209
1135,بسل,,2,2,1,33.3,+0.06,,6,-0.3,0.789
1136,سیطر,,2,2,2,33.3,+0.06,,88,2.0,0.134
1137,سین,,2,2,2,33.2,+0.06,,95,3.6,0.157
1138,سهو,,2,1,2,33.2,-0.11,29,107,8.8,0.04
1139,رطب,,2,2,2,33.1,+0.06,,19,-0.3,0.803
1140,رعد,,2,1,2,33.0,-0.11,,13,-0.3,0.775
1141,بطر,,2,2,2,33.0,+0.06,,8,-0.3,0.741
1142,بعثر,,2,1,2,32.9,-0.11,,100,6.7,0.113
1143,هبو,,2,1,2,32.9,-0.11,,56,0.1,0.438
1144,هرع,,2,1,2,32.8,-0.11,,37,-0.2,0.682
1145,بعر,,2,1,1,32.7,-0.11,,12,-0.1,0.564
1146,نکب,,2,2,2,32.7,+0.06,,67,0.3,0.372
1147,نکص,,2,2,2,32.6,+0.06,,23,-0.2,0.663
1148,بنن,,2,1,2,32.6,-0.11,,75,0.7,0.251
1149,نعس,,2,2,2,32.5,+0.06,,8,-0.3,0.852
1150,نفش,,2,2,2,32.5,+0.06,,101,5.2,0.127
1151,نشط,,2,2,1,32.4,+0.06,,79,3.5,0.137
1152,نصت,,2,1,2,32.3,-0.11,,46,-0.2,0.628
1153,تبت,,2,1,2,32.3,-0.11,,20,-0.4,0.91
1154,رجأ,,2,1,2,32.2,-0.11,,26,-0.4,0.849
1155,رجج,,2,2,1,32.2,+0.06,,56,1.3,0.211
1156,شخص,,2,2,2,32.1,+0.06,,14,-0.2,0.631
1157,رسخ,,2,1,2,32.0,-0.11,,3,-0.5,0.993
1158,رسس,,2,1,2,32.0,-0.11,,50,0.1,0.43
1159,نزف,,2,1,2,31.9,-0.11,,56,0.2,0.433
1160,نسء,,2,2,2,31.9,+0.06,,34,-0.2,0.711
1161,نحل,,2,2,2,31.8,+0.06,,16,-0.4,0.944
1162,تنر,,2,1,2,31.7,-0.11,,23,-0.3,0.728
1163,تور,,2,1,2,31.7,-0.11,,20,-0.4,0.776
1164,نبع,,2,2,2,31.6,+0.06,,39,-0.3,0.743
1165,ثخن,,2,2,2,31.6,+0.06,,47,-0.0,0.524
1166,ثرب,,2,2,2,31.5,+0.06,,33,-0.3,0.79
1167,ثعب,,2,1,2,31.5,-0.11,,26,-0.4,0.856
1168,شهق,,2,2,2,31.4,+0.06,,67,0.1,0.424
1169,شطء,,2,2,2,31.3,+0.06,,48,-0.1,0.577
1170,شغل,,2,1,2,31.3,-0.11,,48,0.0,0.499
1171,شفو,,2,1,2,31.2,-0.11,,9,-0.4,0.971
1172,ثقب,,2,1,2,31.2,-0.11,,86,2.7,0.151
1173,ملح,,2,1,2,31.1,-0.11,,35,-0.1,0.58
1174,ملق,,2,1,2,31.0,-0.11,,17,-0.4,0.911
1175,جبب,,2,1,1,31.0,-0.11,,12,-0.1,0.574
1176,محص,,2,1,1,30.9,-0.11,,3,-0.4,0.826
1177,محق,,2,1,2,30.9,-0.11,,3,-0.5,1
1178,محن,,2,1,2,30.8,-0.11,,60,0.5,0.302
1179,مخر,,2,1,2,30.7,-0.11,,35,-0.2,0.659
1180,جذذ,,2,2,2,30.7,+0.06,,21,-0.3,0.767
1181,جرد,,2,1,2,30.6,-0.11,,54,0.0,0.496
1182,جرز,,2,2,2,30.6,+0.06,,32,0.1,0.468
1183,جزع,,2,2,2,30.5,+0.06,,70,0.7,0.277
1184,لهث,,2,1,1,30.5,-0.11,,7,-0.4,0.826
1185,لقط,,2,2,2,30.4,+0.06,,28,-0.4,0.797
1186,لمح,,2,1,2,30.3,-0.11,,54,0.0,0.504
1187,لمم,,2,2,2,30.3,+0.06,,89,1.8,0.192
1188,صغو,,2,2,2,30.2,+0.06,,66,0.3,0.393
1189,صفد,,2,1,2,30.2,-0.11,,38,-0.1,0.556
1190,صبع,,2,1,2,30.1,-0.11,,71,0.3,0.378
1191,صدی,,2,2,2,30.0,+0.06,,80,0.9,0.231
1192,شوی,,2,2,2,30.0,+0.06,,70,0.5,0.309
1193,شکل,,2,2,2,29.9,+0.06,,38,-0.2,0.64
1194,شید,,2,2,2,29.9,+0.06,,22,-0.4,0.857
1195,جسم,,2,2,2,29.8,+0.06,,63,0.5,0.266
1196,جلب,,2,2,2,29.7,+0.06,,33,-0.3,0.797
1197,جلل,,2,1,1,29.7,-0.11,,55,1.3,0.215
1198,لدد,,2,2,2,29.6,+0.06,,19,-0.3,0.849
1199,لظی,,2,2,2,29.6,+0.06,,92,2.7,0.145
1200,لغب,,2,1,2,29.5,-0.11,,50,0.1,0.419
1201,دهر,,2,1,2,29.5,-0.11,,76,0.5,0.304
1202,دول,,2,2,2,29.4,+0.06,,59,-0.1,0.564
1203,صنو,,2,1,1,29.3,-0.11,,13,0.4,0.34
1204,صهر,,2,2,2,29.3,+0.06,,25,-0.2,0.674
1205,ذبب,,2,2,1,29.2,+0.06,,22,-0.0,0.474
1206,جنف,,2,2,2,29.2,+0.06,,5,-0.5,0.994
1207,جنی,,2,2,2,29.1,+0.06,,55,0.0,0.461
1208,قوع,,2,2,2,29.0,+0.06,,24,-0.3,0.748
1209,قیض,,2,2,2,29.0,+0.06,,41,-0.1,0.561
1210,قیل,,2,2,2,28.9,+0.06,,25,-0.3,0.791
1211,لبد,,2,1,2,28.9,-0.11,,90,2.6,0.166
1212,لبن,,2,2,2,28.8,+0.06,,47,-0.1,0.577
1213,قنع,,2,2,2,28.7,+0.06,,14,-0.2,0.643
1214,قوت,,2,2,2,28.7,+0.06,,41,-0.3,0.722
1215,حبس,,2,2,2,28.6,+0.06,,11,-0.4,0.917
1216,قطف,,2,1,2,28.6,-0.11,,69,0.6,0.24
1217,دمع,,2,1,2,28.5,-0.11,,9,-0.5,0.954
1218,قلی,,2,2,2,28.5,+0.06,,93,4.6,0.137
1219,حجز,,2,2,2,28.4,+0.06,,69,0.3,0.357
1220,قسطس,,2,1,2,28.3,-0.11,,26,-0.3,0.753
1221,قدو,,2,2,2,28.3,+0.06,,43,-0.3,0.711
1222,قرطس,,2,2,1,28.2,+0.06,,6,-0.3,0.786
1223,قحم,,2,2,2,28.2,+0.06,,90,1.6,0.177
1224,حطب,,2,2,2,28.1,+0.06,,111,6.9,0.0888
1225,حطط,,2,1,2,28.0,-0.11,,7,-0.5,1
1226,حظر,,2,2,2,28.0,+0.06,,54,0.0,0.493
1227,حفر,,2,2,2,27.9,+0.06,,79,0.6,0.314
1228,حفف,,2,2,2,27.9,+0.06,,39,-0.3,0.752
1229,فکک,,2,2,2,27.8,+0.06,,90,3.6,0.178
1230,حقب,,2,2,2,27.7,+0.06,,78,0.5,0.301
1231,حلق,,2,2,2,27.7,+0.06,,48,-0.2,0.663
1232,فردس,,2,1,2,27.6,-0.11,,23,-0.3,0.698
1233,غوص,,2,2,2,27.6,+0.06,,38,-0.1,0.577
1234,غوط,,2,1,2,27.5,-0.11,,5,-0.4,0.972
1235,غیض,,2,2,2,27.5,+0.06,,13,-0.3,0.698
1236,حنث,,2,2,2,27.4,+0.06,,56,0.2,0.424
1237,طرو,,2,1,2,27.3,-0.11,,35,-0.2,0.642
1238,طعن,,2,2,2,27.3,+0.06,,9,-0.5,0.98
1239,ضغن,,2,1,1,27.2,-0.11,,47,0.8,0.251
1240,ضمم,,2,1,2,27.2,-0.11,,20,-0.3,0.748
1241,حنجر,,2,1,2,27.1,-0.11,,40,-0.2,0.73
1242,حنن,,2,2,2,27.0,+0.06,,19,-0.3,0.79
1243,حوذ,,2,2,2,27.0,+0.06,,58,-0.1,0.57
1244,حوش,,2,1,1,26.9,-0.11,,12,-0.1,0.582
1245,حوی,,2,2,2,26.9,+0.06,,87,2.6,0.17
1246,غلف,,2,1,2,26.8,-0.11,,4,-0.5,1
1247,غلو,,2,1,2,26.7,-0.11,,5,-0.4,0.974
1248,غلی,,2,2,1,26.7,+0.06,,44,1.9,0.206
1249,خنس,,2,2,2,26.6,+0.06,,114,8.2,0.0759
1250,خور,,2,1,2,26.6,-0.11,,20,-0.3,0.868
1251,ظفر,,2,2,2,26.5,+0.06,,48,-0.2,0.632
1252,طلت,,2,1,1,26.5,-0.11,,2,-0.5,0.974
1253,طمث,,2,1,1,26.4,-0.11,,55,2.2,0.192
1254,دخن,,2,1,2,26.3,-0.11,,44,0.2,0.398
1255,غرو,,2,2,2,26.3,+0.06,,33,-0.3,0.84
1256,غطو,,2,1,2,26.2,-0.11,,50,-0.0,0.509
1257,خبل,,2,1,2,26.2,-0.11,,9,-0.4,0.972
1258,خدد,,2,2,2,26.1,+0.06,,85,1.7,0.206
1259,خدن,,2,1,2,26.0,-0.11,,5,-0.5,0.98
1260,خرب,,2,2,2,26.0,+0.06,,59,-0.1,0.558
1261,خردل,,2,1,2,25.9,-0.11,,31,-0.1,0.553
1262,عیل,,2,2,2,25.9,+0.06,,93,4.7,0.115
1263,عیی,,2,2,2,25.8,+0.06,,50,0.2,0.377
1264,غثو,,2,1,2,25.7,-0.11,,87,2.5,0.157
1265,غدر,,2,2,1,25.7,+0.06,,18,-0.1,0.561
1266,خصف,,2,1,2,25.6,-0.11,,20,-0.3,0.876
1267,خضع,,2,2,2,25.6,+0.06,,26,-0.3,0.744
1268,عزب,,2,1,2,25.5,-0.11,,34,-0.2,0.682
1269,عرر,,2,2,2,25.5,+0.06,,48,-0.1,0.587
1270,عبث,,2,2,2,25.4,+0.06,,23,-0.2,0.674
1271,عتق,,2,1,1,25.3,-0.11,,22,0.0,0.487
1272,عتل,,2,2,2,25.3,+0.06,,68,0.5,0.257
1273,عثر,,2,2,2,25.2,+0.06,,18,-0.4,0.88
1274,عجف,,2,1,1,25.2,-0.11,,12,-0.1,0.558
1275,خمص,,2,1,2,25.1,-0.11,,9,-0.4,0.952
1276,عنکب,,2,1,1,25.0,-0.11,,29,0.3,0.392
1277,عهن,,2,1,2,25.0,-0.11,,101,6.1,0.0857
1278,عوق,,2,2,2,24.9,+0.06,,71,0.5,0.343
1279,عضد,,2,2,2,24.9,+0.06,,28,-0.3,0.79
1280,عضض,,2,2,2,24.8,+0.06,,25,-0.3,0.786
1281,عضل,,2,1,2,24.8,-0.11,,4,-0.6,1
1282,عطل,,2,2,2,24.7,+0.06,,81,1.2,0.209
1283,خمد,,2,2,2,24.6,+0.06,,36,-0.1,0.564
1284,کمه,,2,1,2,24.6,-0.11,,5,-0.5,0.983
1285,کهل,,2,1,2,24.5,-0.11,,5,-0.5,0.974
1286,کهن,,2,1,2,24.5,-0.11,,69,0.8,0.251
1287,کسل,,2,1,2,24.4,-0.11,,9,-0.4,0.974
1288,ءشر,,2,1,1,24.3,-0.11,,54,1.4,0.207
1289,ءصد,,2,1,2,24.3,-0.11,,104,6.8,0.0888
1290,ءلل,,2,1,1,24.2,-0.11,,9,-0.3,0.719
1291,زلق,,2,2,2,24.2,+0.06,,68,0.2,0.404
1292,زلم,,2,1,1,24.1,-0.11,,5,-0.3,0.748
1293,زمر,,2,1,1,24.0,-0.11,,39,0.1,0.487
1294,ءثث,,2,1,2,24.0,-0.11,,19,-0.3,0.733
1295,ینع,,1,1,1,23.9,-0.00,,6,-0.3,0.884
1296,ءثل,,1,1,1,23.9,-0.00,,34,-0.0,0.52
1297,ءبق,,1,1,1,23.8,-0.00,,37,-0.1,0.556
1298,زهد,,1,1,1,23.8,-0.00,,12,-0.2,0.786
1299,زنم,,1,1,1,23.7,-0.00,,68,0.5,0.277
1300,زنجبل,,1,1,1,23.6,-0.00,,76,0.5,0.27
1301,زمهر,,1,1,1,23.6,-0.00,,76,0.7,0.255
1302,زمل,,1,1,1,23.5,-0.00,,73,0.8,0.225
1303,وکد,,1,1,1,23.5,-0.00,,16,-0.3,0.786
1304,وکز,,1,1,1,23.4,-0.00,,28,-0.2,0.734
1305,ءمت,,1,1,1,23.3,-0.00,,20,-0.2,0.705
1306,ریش,,1,1,1,23.3,-0.00,,7,-0.3,0.912
1307,سحل,,1,1,1,23.2,-0.00,,20,-0.2,0.7
1308,سدی,,1,1,1,23.2,-0.00,,75,1.8,0.188
1309,سرد,,1,1,1,23.1,-0.00,,34,-0.1,0.52
1310,سردق,,1,1,1,23.0,-0.00,,18,-0.3,0.748
1311,سجو,,1,1,1,23.0,-0.00,,93,8.1,0.0888
1312,زهر,,1,1,1,22.9,-0.00,,20,-0.2,0.729
1313,ریع,,1,1,1,22.9,-0.00,,26,-0.2,0.675
1314,رین,,1,1,1,22.8,-0.00,,83,0.9,0.197
1315,زبن,,1,1,1,22.8,-0.00,,96,3.7,0.115
1316,ءنم,,1,1,1,22.7,-0.00,,55,0.2,0.375
1317,وفد,,1,1,1,22.6,-0.00,,19,-0.2,0.632
1318,وفر,,1,1,1,22.6,-0.00,,17,-0.2,0.745
1319,غدق,,1,1,1,22.5,-0.00,,72,0.8,0.263
1320,خشب,,1,1,1,22.5,-0.00,,63,1.0,0.211
1321,خضد,,1,1,1,22.4,-0.00,,56,0.5,0.337
1322,عزو,,1,1,1,22.3,-0.00,,70,0.8,0.226
1323,عسعس,,1,1,1,22.3,-0.00,,81,2.2,0.151
1324,عسل,,1,1,1,22.2,-0.00,,47,0.2,0.385
1325,عدس,,1,1,1,22.2,-0.00,,2,-0.4,1
1326,عرم,,1,1,1,22.1,-0.00,,34,-0.1,0.52
1327,عبء,,1,1,1,22.0,-0.00,,25,-0.1,0.564
1328,عبقر,,1,1,1,22.0,-0.00,,55,0.3,0.363
1329,خمط,,1,1,1,21.9,-0.00,,34,-0.1,0.52
1330,عنی,,1,1,1,21.9,-0.00,,20,-0.2,0.712
1331,عول,,1,1,1,21.8,-0.00,,4,-0.4,0.972
1332,عمق,,1,1,1,21.8,-0.00,,22,-0.2,0.663
1333,عضو,,1,1,1,21.7,-0.00,,15,0.0,0.447
1334,عطف,,1,1,1,21.6,-0.00,,22,-0.2,0.672
1335,حیز,,1,1,1,21.6,-0.00,,8,-0.2,0.654
1336,حیف,,1,1,1,21.5,-0.00,,24,-0.2,0.697
1337,خبء,,1,1,1,21.5,-0.00,,27,-0.1,0.617
1338,خبر2,,1,1,1,21.4,-0.00,,11,-0.2,0.797
1339,خبز,,1,1,1,21.3,-0.00,,12,-0.3,0.786
1340,غزل,,1,1,1,21.3,-0.00,,16,-0.4,0.799
1341,غزو,,1,1,1,21.2,-0.00,,3,-0.3,0.939
1342,غصب,,1,1,1,21.2,-0.00,,18,-0.2,0.748
1343,غصص,,1,1,1,21.1,-0.00,,73,0.8,0.207
1344,غطش,,1,1,1,21.0,-0.00,,79,0.9,0.192
1345,خبط,,1,1,1,21.0,-0.00,,2,-0.3,1
1346,خبو,,1,1,1,20.9,-0.00,,17,-0.2,0.741
1347,ختر,,1,1,1,20.9,-0.00,,31,0.1,0.418
1348,خرطم,,1,1,1,20.8,-0.00,,68,0.4,0.253
1349,عیب,,1,1,1,20.8,-0.00,,18,-0.2,0.748
1350,غبن,,1,1,1,20.7,-0.00,,64,1.0,0.228
1351,حوب,,1,1,1,20.6,-0.00,,4,-0.4,0.972
1352,غلق,,1,1,1,20.6,-0.00,,12,-0.3,0.769
1353,غمز,,1,1,1,20.5,-0.00,,83,1.9,0.192
1354,غمض,,1,1,1,20.5,-0.00,,2,-0.3,1
1355,حید,,1,1,1,20.4,-0.00,,50,0.5,0.368
1356,حیر,,1,1,1,20.3,-0.00,,6,-0.4,0.856
1357,خنق,,1,1,1,20.3,-0.00,,5,-0.3,0.854
1358,ظعن,,1,1,1,20.2,-0.00,,16,-0.2,0.785
1359,طفف,,1,1,1,20.2,-0.00,,83,1.0,0.192
1360,طلح,,1,1,1,20.1,-0.00,,56,0.3,0.34
1361,طلل,,1,1,1,20.0,-0.00,,2,-0.4,1
1362,طمم,,1,1,1,20.0,-0.00,,79,1.1,0.207
1363,طود,,1,1,1,19.9,-0.00,,26,-0.2,0.672
1364,خیم,,1,1,1,19.9,-0.00,,55,0.3,0.38
1365,دثر,,1,1,1,19.8,-0.00,,74,0.7,0.219
1366,دحو,,1,1,1,19.8,-0.00,,79,1.0,0.197
1367,فتء,,1,1,1,19.7,-0.00,,12,-0.3,0.786
1368,فتق,,1,1,1,19.6,-0.00,,21,-0.2,0.609
1369,ضیز,,1,1,1,19.6,-0.00,,53,0.3,0.309
1370,طحو,,1,1,1,19.5,-0.00,,91,4.3,0.134
1371,طرح,,1,1,1,19.5,-0.00,,12,-0.3,0.791
1372,ضدد,,1,1,1,19.4,-0.00,,19,-0.1,0.584
1373,ضفدع,,1,1,1,19.3,-0.00,,7,-0.4,0.91
1374,ضمر,,1,1,1,19.3,-0.00,,22,-0.2,0.663
1375,ضنن,,1,1,1,19.2,-0.00,,81,2.1,0.151
1376,ضنک,,1,1,1,19.2,-0.00,,20,-0.2,0.708
1377,ضهء,,1,1,1,19.1,-0.00,,9,-0.3,0.834
1378,ضیر,,1,1,1,19.0,-0.00,,26,-0.2,0.675
1379,درهم,,1,1,1,19.0,-0.00,,12,-0.3,0.791
1380,دسر,,1,1,1,18.9,-0.00,,54,0.3,0.352
1381,حنذ,,1,1,1,18.9,-0.00,,11,-0.3,0.805
1382,حنک,,1,1,1,18.8,-0.00,,17,-0.3,0.733
1383,فوم,,1,1,1,18.8,-0.00,,2,-0.4,1
1384,فصم,,1,1,1,18.7,-0.00,,2,-0.3,1
1385,فضح,,1,1,1,18.6,-0.00,,15,0.1,0.435
1386,فضو,,1,1,1,18.6,-0.00,,4,-0.4,0.972
1387,فظظ,,1,1,1,18.5,-0.00,,3,-0.4,0.933
1388,فقع,,1,1,1,18.5,-0.00,,2,-0.4,1
1389,فلن,,1,1,1,18.4,-0.00,,25,-0.1,0.577
1390,حقف,,1,1,1,18.3,-0.00,,46,0.0,0.435
1391,حلقم,,1,1,1,18.3,-0.00,,56,0.3,0.375
1392,فرع,,1,1,1,18.2,-0.00,,14,-0.1,0.558
1393,فره,,1,1,1,18.2,-0.00,,26,-0.3,0.699
1394,فسر,,1,1,1,18.1,-0.00,,25,-0.1,0.57
1395,فصح,,1,1,1,18.0,-0.00,,28,-0.2,0.741
1396,فجو,,1,1,1,18.0,-0.00,,18,-0.2,0.743
1397,فرث,,1,1,1,17.9,-0.00,,16,-0.3,0.787
1398,غول,,1,1,1,17.9,-0.00,,37,-0.1,0.534
1399,حری,,1,1,1,17.8,-0.00,,72,0.7,0.266
1400,حسم,,1,1,1,17.8,-0.00,,69,0.5,0.257
1401,حصحص,,1,1,1,17.7,-0.00,,12,-0.3,0.786
1402,قرش,,1,1,1,17.6,-0.00,26,106,11.2,0.04
1403,قسس,,1,1,1,17.6,-0.00,,5,-0.3,0.862
1404,فیل,,1,1,1,17.5,-0.00,24,105,12.2,0.04
1405,قبح,,1,1,1,17.5,-0.00,,28,-0.2,0.728
1406,قثء,,1,1,1,17.4,-0.00,,2,-0.4,1
1407,قدح,,1,1,1,17.3,-0.00,,100,6.0,0.0888
1408,حصل,,1,1,1,17.3,-0.00,,100,7.2,0.0888
1409,حفد,,1,1,1,17.2,-0.00,,16,-0.2,0.8
1410,فند,,1,1,1,17.2,-0.00,,12,-0.2,0.769
1411,فنن,,1,1,1,17.1,-0.00,,55,0.1,0.373
1412,فنی,,1,1,1,17.0,-0.00,,55,0.4,0.363
1413,فهم,,1,1,1,17.0,-0.00,,21,-0.2,0.617
1414,فوض,,1,1,1,16.9,-0.00,,40,-0.2,0.647
1415,صیف,summer,1,1,1,16.9,-0.00,20,106,12.8,0.0243
1416,ضءن,,1,1,1,16.8,-0.00,,6,-0.3,0.856
1417,ضبح,,1,1,1,16.8,-0.00,,100,4.9,0.121
1418,دمغ,,1,1,1,16.7,-0.00,,21,-0.2,0.618
1419,دنر,,1,1,1,16.6,-0.00,,3,-0.4,0.95
1420,حدب,,1,1,1,16.6,-0.00,,21,-0.2,0.611
1421,حرد,,1,1,1,16.5,-0.00,,68,0.5,0.257
1422,حرس,,1,1,1,16.5,-0.00,,72,0.5,0.25
1423,قسور,,1,1,1,16.4,-0.00,,74,0.6,0.257
1424,قشعر,,1,1,1,16.3,-0.00,,39,-0.2,0.634
1425,قصف,,1,1,1,16.3,-0.00,,17,-0.2,0.743
1426,قصم,,1,1,1,16.2,-0.00,,21,-0.2,0.593
1427,قصی,,1,1,1,16.2,-0.00,,19,-0.1,0.611
1428,قضب,,1,1,1,16.1,-0.00,,80,2.1,0.153
1429,قضض,,1,1,1,16.0,-0.00,,18,-0.2,0.768
1430,حرک,,1,1,1,16.0,-0.00,,75,1.6,0.127
1431,قطط,,1,1,1,15.9,-0.00,,38,0.0,0.463
1432,قطمر,,1,1,1,15.9,-0.00,,35,-0.0,0.474
1433,قطن,,1,1,1,15.8,-0.00,,37,-0.1,0.561
1434,قعر,,1,1,1,15.8,-0.00,,54,0.3,0.363
1435,قفل,,1,1,1,15.7,-0.00,,47,0.1,0.399
1436,قلع,,1,1,1,15.6,-0.00,,11,-0.3,0.808
1437,دسس,,1,1,1,15.6,-0.00,,16,-0.2,0.79
1438,دسو,,1,1,1,15.5,-0.00,,91,3.6,0.121
1439,دفء,,1,1,1,15.5,-0.00,,16,-0.3,0.786
1440,دفق,,1,1,1,15.4,-0.00,,86,3.8,0.137
1441,دلک,,1,1,1,15.3,-0.00,,17,-0.2,0.728
1442,دمدم,,1,1,1,15.3,-0.00,,91,4.8,0.0888
1443,صوع,,1,1,1,15.2,-0.00,,12,-0.2,0.786
1444,صوف,,1,1,1,15.2,-0.00,,16,-0.2,0.797
1445,صکک,,1,1,1,15.1,-0.00,,51,0.3,0.339
1446,صیص,,1,1,1,15.0,-0.00,,33,-0.2,0.694
1447,ذعن,,1,1,1,15.0,-0.00,,24,-0.2,0.694
1448,لحف,,1,1,1,14.9,-0.00,,2,-0.5,1
1449,قمح,,1,1,1,14.9,-0.00,,36,0.0,0.46
1450,قمطر,,1,1,1,14.8,-0.00,,76,0.5,0.279
1451,قمع,,1,1,1,14.8,-0.00,,22,-0.2,0.663
1452,قمل,,1,1,1,14.7,-0.00,,7,-0.4,0.916
1453,قنو,,1,1,1,14.6,-0.00,,6,-0.4,0.868
1454,قنی,,1,1,1,14.6,-0.00,,53,0.3,0.309
1455,قوب,,1,1,1,14.5,-0.00,,53,0.5,0.312
1456,قوس,,1,1,1,14.5,-0.00,,53,0.3,0.339
1457,جوس,,1,1,1,14.4,-0.00,,17,-0.2,0.743
1458,جوف,,1,1,1,14.3,-0.00,,33,-0.2,0.713
1459,جوو,,1,1,1,14.3,-0.00,,16,-0.2,0.798
1460,حبک,,1,1,1,14.2,-0.00,,51,0.3,0.343
1461,حتم,,1,1,1,14.2,-0.00,,19,-0.1,0.598
1462,حثث,,1,1,1,14.1,-0.00,,7,-0.3,0.911
1463,جمح,,1,1,1,14.1,-0.00,,9,-0.3,0.823
1464,جمد,,1,1,1,14.0,-0.00,,27,-0.1,0.595
1465,لحن,,1,1,1,13.9,-0.00,,47,0.1,0.424
1466,لحی,,1,1,1,13.9,-0.00,,20,-0.2,0.698
1467,لزب,,1,1,1,13.8,-0.00,,37,-0.1,0.538
1468,جمم,,1,1,1,13.8,-0.00,,89,1.3,0.192
1469,دهق,,1,1,1,13.7,-0.00,,78,0.8,0.207
1470,دهم,,1,1,1,13.6,-0.00,,55,0.3,0.364
1471,دهی,,1,1,1,13.6,-0.00,,54,0.3,0.365
1472,صلد,,1,1,1,13.5,-0.00,,2,-0.3,1
1473,صمت,,1,1,1,13.5,-0.00,,7,-0.3,0.905
1474,صمد,Eternal(Samad),1,1,1,13.4,-0.00,10,112,17.8,0.0243
1475,صمع,,1,1,1,13.3,-0.00,,22,-0.2,0.669
1476,ذءم,,1,1,1,13.3,-0.00,,7,-0.4,0.912
1477,ذبذب,,1,1,1,13.2,-0.00,,4,-0.5,0.974
1478,ذخر,,1,1,1,13.2,-0.00,,3,-0.3,0.952
1479,لقب,,1,1,1,13.1,-0.00,,49,0.5,0.34
1480,لقح,,1,1,1,13.1,-0.00,,15,0.1,0.454
1481,جسس,,1,1,1,13.0,-0.00,,49,0.2,0.355
1482,صرع,,1,1,1,12.9,-0.00,,69,0.6,0.25
1483,صعر,,1,1,1,12.9,-0.00,,31,0.2,0.418
1484,صفصف,,1,1,1,12.8,-0.00,,20,-0.2,0.708
1485,صفن,,1,1,1,12.8,-0.00,,38,0.0,0.454
1486,صخخ,,1,1,1,12.7,-0.00,,80,1.8,0.162
1487,شوک,,1,1,1,12.6,-0.00,,8,-0.2,0.654
1488,شکس,,1,1,1,12.6,-0.00,,39,-0.2,0.628
1489,ذهل,,1,1,1,12.5,-0.00,,22,-0.2,0.672
1490,ذود,,1,1,1,12.5,-0.00,,28,-0.2,0.729
1491,جفء,,1,1,1,12.4,-0.00,,13,-0.1,0.577
1492,جفن,,1,1,1,12.3,-0.00,,34,-0.1,0.518
1493,جفو,,1,1,1,12.3,-0.00,,32,0.5,0.34
1494,جلس,,1,1,1,12.2,-0.00,,58,0.4,0.377
1495,جبن,,1,1,1,12.2,-0.00,,37,-0.1,0.554
1496,جبه,,1,1,1,12.1,-0.00,,9,-0.3,0.847
1497,جثث,,1,1,1,12.1,-0.00,,14,-0.1,0.57
1498,مجس,,1,1,1,12.0,-0.00,,22,-0.2,0.693
1499,محل,,1,1,1,11.9,-0.00,,13,-0.1,0.535
1500,مخض,,1,1,1,11.9,-0.00,,19,-0.1,0.6
1501,مرت,,1,1,1,11.8,-0.00,,2,-0.4,1
1502,جذو,,1,1,1,11.8,-0.00,,28,-0.2,0.721
1503,جرر,,1,1,1,11.7,-0.00,,7,-0.3,0.916
1504,جرع,,1,1,1,11.6,-0.00,,14,-0.1,0.558
1505,جرف,,1,1,1,11.6,-0.00,,9,-0.4,0.824
1506,لهم,,1,1,1,11.5,-0.00,,91,4.0,0.115
1507,لوذ,,1,1,1,11.5,-0.00,,24,-0.2,0.69
1508,لیت,,1,1,1,11.4,-0.00,,53,0.4,0.312
1509,لفح,,1,1,1,11.3,-0.00,,23,-0.1,0.561
1510,لفظ,,1,1,1,11.3,-0.00,,50,0.3,0.368
1511,شغف,,1,1,1,11.2,-0.00,,12,-0.3,0.786
1512,شفه,,1,1,1,11.2,-0.00,,90,2.9,0.134
1513,رتع,,1,1,1,11.1,-0.00,,12,-0.2,0.775
1514,منو,,1,1,1,11.1,-0.00,,53,0.7,0.329
1515,مکو,,1,1,1,11.0,-0.00,,8,-0.2,0.662
1516,مطو,,1,1,1,10.9,-0.00,,75,1.2,0.18
1517,معز,,1,1,1,10.9,-0.00,,6,-0.3,0.87
1518,معن,,1,1,1,10.8,-0.00,19,107,13.1,0.0243
1519,معی,,1,1,1,10.8,-0.00,,47,0.1,0.376
1520,مرو,,1,1,1,10.7,-0.00,,2,-0.4,1
1521,مزن,,1,1,1,10.6,-0.00,,56,0.3,0.387
1522,مسخ,,1,1,1,10.6,-0.00,,36,-0.0,0.466
1523,مسد,,1,1,1,10.5,-0.00,,111,9.1,0.0857
1524,مسو,,1,1,1,10.5,-0.00,,30,-0.1,0.506
1525,مشج,,1,1,1,10.4,-0.00,,76,0.5,0.266
1526,جبت,,1,1,1,10.3,-0.00,,4,-0.5,0.977
1527,میر,,1,1,1,10.3,-0.00,,12,-0.2,0.781
1528,نبز,,1,1,1,10.2,-0.00,,49,0.5,0.312
1529,نبط,,1,1,1,10.2,-0.00,,4,-0.3,0.971
1530,نتق,,1,1,1,10.1,-0.00,,7,-0.4,0.917
1531,نجد,,1,1,1,10.1,-0.00,,90,4.2,0.103
1532,ثجج,,1,1,1,10.0,-0.00,,78,0.8,0.197
1533,ثری,,1,1,1,9.9,-0.00,,20,-0.2,0.704
1534,ذکو,,1,1,1,9.9,-0.00,,5,-0.3,0.837
1535,ذیع,,1,1,1,9.8,-0.00,,4,-0.4,0.971
1536,ربح,,1,1,1,9.8,-0.00,,2,-0.4,1
1537,شمءز,,1,1,1,9.7,-0.00,,39,-0.2,0.63
1538,شمت,,1,1,1,9.6,-0.00,,7,-0.4,0.907
1539,شمخ,,1,1,1,9.6,-0.00,,77,0.6,0.228
1540,شوب,,1,1,1,9.5,-0.00,,37,-0.1,0.522
1541,شوظ,,1,1,1,9.5,-0.00,,55,0.3,0.372
1542,شعل,,1,1,1,9.4,-0.00,,19,-0.1,0.598
1543,ترق,,1,1,1,9.3,-0.00,,75,1.7,0.166
1544,نسر,,1,1,1,9.3,-0.00,,71,0.9,0.226
1545,نجس,,1,1,1,9.2,-0.00,,9,-0.3,0.831
1546,نحب,,1,1,1,9.2,-0.00,,33,-0.2,0.709
1547,نحر,sacrifice,1,1,1,9.1,-0.00,7,108,22.4,0.0243
1548,نخر,,1,1,1,9.1,-0.00,,79,0.8,0.192
1549,ندی,,1,1,1,9.0,-0.00,,19,-0.1,0.611
1550,تعس,,1,1,1,8.9,-0.00,,47,0.1,0.408
1551,تفث,,1,1,1,8.9,-0.00,,22,-0.2,0.666
1552,تقن,,1,1,1,8.8,-0.00,,27,-0.2,0.628
1553,تلل,,1,1,1,8.8,-0.00,,37,-0.1,0.539
1554,تین,,1,1,1,8.7,-0.00,,95,7.3,0.0888
1555,تیه,,1,1,1,8.6,-0.00,,5,-0.3,0.846
1556,ثبط,,1,1,1,8.6,-0.00,,9,-0.3,0.824
1557,ثبو,,1,1,1,8.5,-0.00,,4,-0.4,0.971
1558,مکک,,1,1,1,8.5,-0.00,,48,-0.0,0.435
1559,نفح,,1,1,1,8.4,-0.00,,21,-0.1,0.596
1560,نضج,,1,1,1,8.3,-0.00,,4,-0.3,0.974
1561,نضخ,,1,1,1,8.3,-0.00,,55,0.2,0.371
1562,نطح,,1,1,1,8.2,-0.00,,5,-0.3,0.856
1563,بید,,1,1,1,8.2,-0.00,,18,-0.2,0.73
1564,رتق,,1,1,1,8.1,-0.00,,21,-0.1,0.587
1565,رحق,,1,1,1,8.1,-0.00,,83,1.2,0.21
1566,شتو,,1,1,1,8.0,-0.00,22,106,12.4,0.04
1567,شحم,,1,1,1,7.9,-0.00,,6,-0.3,0.881
1568,شرد,,1,1,1,7.9,-0.00,,8,-0.2,0.655
1569,شرذم,,1,1,1,7.8,-0.00,,26,-0.2,0.669
1570,شرط,,1,1,1,7.8,-0.00,,47,0.1,0.424
1571,رخو,,1,1,1,7.7,-0.00,,38,-0.0,0.466
1572,ردء,,1,1,1,7.6,-0.00,,28,-0.2,0.741
1573,ردم,,1,1,1,7.6,-0.00,,18,-0.3,0.743
1574,رصص,,1,1,1,7.5,-0.00,,61,0.9,0.226
1575,نون,,1,1,1,7.5,-0.00,,21,-0.2,0.625
1576,نوی,,1,1,1,7.4,-0.00,,6,-0.3,0.889
1577,نکد,,1,1,1,7.3,-0.00,,7,-0.4,0.912
1578,نفی,,1,1,1,7.3,-0.00,,5,-0.3,0.863
1579,نقع,,1,1,1,7.2,-0.00,,100,6.4,0.0979
1580,نمرق,,1,1,1,7.2,-0.00,,88,3.0,0.153
1581,نمم,,1,1,1,7.1,-0.00,,68,1.2,0.25
1582,نهج,,1,1,1,7.1,-0.00,,5,-0.4,0.846
1583,نوء,,1,1,1,7.0,-0.00,,28,-0.2,0.723
1584,بلی,,1,1,1,6.9,-0.00,,20,-0.2,0.708
1585,بهل,,1,1,1,6.9,-0.00,,3,-0.3,0.946
1586,بکک,,1,1,1,6.8,-0.00,,3,-0.3,0.95
1587,نعق,,1,1,1,6.8,-0.00,,2,-0.4,1
1588,نعل,,1,1,1,6.7,-0.00,,20,-0.2,0.7
1589,نغض,,1,1,1,6.6,-0.00,,17,-0.2,0.718
1590,نفث,,1,1,1,6.6,-0.00,,113,11.4,0.0648
1591,سوط,,1,1,1,6.5,-0.00,,89,1.1,0.19
1592,رغم,,1,1,1,6.5,-0.00,,4,-0.3,0.971
1593,بطء,,1,1,1,6.4,-0.00,,4,-0.4,0.966
1594,هجد,,1,1,1,6.3,-0.00,,17,-0.3,0.743
1595,هجع,,1,1,1,6.3,-0.00,,51,0.4,0.357
1596,هدد,,1,1,1,6.2,-0.00,,19,-0.1,0.609
1597,هدم,,1,1,1,6.2,-0.00,,22,-0.2,0.657
1598,هدهد,,1,1,1,6.1,-0.00,,27,-0.2,0.628
1599,هرب,,1,1,1,6.1,-0.00,,72,0.4,0.266
1600,هرت,,1,1,1,6.0,-0.00,,2,-0.4,1
1601,بغل,,1,1,1,5.9,-0.00,,16,-0.3,0.801
1602,بقع,,1,1,1,5.9,-0.00,,28,-0.2,0.708
1603,بقل,,1,1,1,5.8,-0.00,,2,-0.4,1
1604,بلع,,1,1,1,5.8,-0.00,,11,-0.3,0.797
1605,نوش,,1,1,1,5.7,-0.00,,34,-0.1,0.529
1606,نوص,,1,1,1,5.6,-0.00,,38,-0.1,0.466
1607,هلع,,1,1,1,5.6,-0.00,,70,1.1,0.219
1608,همد,,1,1,1,5.5,-0.00,,22,-0.2,0.663
1609,همر,,1,1,1,5.5,-0.00,,54,0.3,0.356
1610,همس,,1,1,1,5.4,-0.00,,20,-0.2,0.732
1611,بسق,,1,1,1,5.3,-0.00,,50,0.2,0.385
1612,بسم,,1,1,1,5.3,-0.00,,27,-0.2,0.628
1613,بصل,,1,1,1,5.2,-0.00,,2,-0.3,1
1614,سکب,,1,1,1,5.2,-0.00,,56,0.2,0.38
1615,سکت,,1,1,1,5.1,-0.00,,7,-0.4,0.913
1616,سیء,,1,1,1,5.1,-0.00,,9,-0.4,0.844
1617,سیب,,1,1,1,5.0,-0.00,,5,-0.3,0.846
1618,سنه,,1,1,1,4.9,-0.00,,2,-0.4,1
1619,سهر,,1,1,1,4.9,-0.00,,79,1.1,0.186
1620,سهل,,1,1,1,4.8,-0.00,,7,-0.4,0.911
1621,سهم,,1,1,1,4.8,-0.00,,37,-0.0,0.518
1622,سوح,,1,1,1,4.7,-0.00,,37,-0.1,0.544
1623,هیل,,1,1,1,4.6,-0.00,,73,0.6,0.242
1624,وءد,,1,1,1,4.6,-0.00,,81,2.0,0.19
1625,وءل,,1,1,1,4.5,-0.00,,18,-0.3,0.768
1626,وبر,,1,1,1,4.5,-0.00,,16,-0.3,0.797
1627,رفرف,,1,1,1,4.4,-0.00,,55,0.3,0.375
1628,سلق,,1,1,1,4.4,-0.00,,33,-0.2,0.709
1629,سمد,,1,1,1,4.3,-0.00,,53,0.3,0.342
1630,سمک,,1,1,1,4.2,-0.00,,79,1.2,0.196
1631,سند,,1,1,1,4.2,-0.00,,63,1.1,0.19
1632,سنم,,1,1,1,4.1,-0.00,,83,1.3,0.18
1633,سلب,,1,1,1,4.1,-0.00,,22,-0.2,0.682
1634,سلسبل,,1,1,1,4.0,-0.00,,76,0.6,0.272
1635,رقق,,1,1,1,3.9,-0.00,,52,0.5,0.324
1636,رمح,,1,1,1,3.9,-0.00,,5,-0.3,0.865
1637,هزل,,1,1,1,3.8,-0.00,,86,4.5,0.103
1638,هشش,,1,1,1,3.8,-0.00,,20,-0.2,0.708
1639,وحش,,1,1,1,3.7,-0.00,,81,2.5,0.174
1640,بتک,,1,1,1,3.6,-0.00,,4,-0.3,0.972
1641,بجس,,1,1,1,3.6,-0.00,,7,-0.3,0.914
1642,رمد,,1,1,1,3.5,-0.00,,14,-0.1,0.574
1643,رمز,,1,1,1,3.5,-0.00,,3,-0.4,0.949
1644,رمض,,1,1,1,3.4,-0.00,,2,-0.4,1
1645,رهو,,1,1,1,3.4,-0.00,,44,0.5,0.331
1646,سطح,,1,1,1,3.3,-0.00,,88,2.0,0.103
1647,سطو,,1,1,1,3.2,-0.00,,22,-0.2,0.694
1648,سغب,,1,1,1,3.2,-0.00,,90,2.9,0.145
1649,سفع,,1,1,1,3.1,-0.00,,96,3.6,0.121
1650,روع,,1,1,1,3.1,-0.00,,11,-0.3,0.809
1651,روم,,1,1,1,3.0,-0.00,,30,-0.1,0.533
1652,رکد,,1,1,1,2.9,-0.00,,42,-0.1,0.5
1653,رکز,,1,1,1,2.9,-0.00,,19,-0.1,0.596
1654,بحث,,1,1,1,2.8,-0.00,,5,-0.3,0.856
1655,وفض,,1,1,1,2.8,-0.00,,70,0.8,0.209
1656,وقب,,1,1,1,2.7,-0.00,18,113,13.2,0.04
1657,وقذ,,1,1,1,2.6,-0.00,,5,-0.3,0.856
1658,ولت,,1,1,1,2.6,-0.00,,49,0.4,0.343
1659,وسن,,1,1,1,2.5,-0.00,,2,-0.5,1
1660,وشی,,1,1,1,2.5,-0.00,,2,-0.4,1
1661,وصد,,1,1,1,2.4,-0.00,,18,-0.2,0.75
1662,وضن,,1,1,1,2.4,-0.00,,56,0.3,0.38
1663,وطن,,1,1,1,2.3,-0.00,,9,-0.3,0.818
1664,ءود,,1,1,1,2.2,-0.00,,2,-0.4,1
1665,ءیم,,1,1,1,2.2,-0.00,,24,-0.2,0.707
1666,بءر,,1,1,1,2.1,-0.00,,22,-0.2,0.652
1667,ببل,,1,1,1,2.1,-0.00,,2,-0.4,1
1668,بتر,cut-off(abtar),1,1,1,2.0,-0.00,2,108,46.8,0.0243
1669,وتن,,1,1,1,1.9,-0.00,,69,0.5,0.268
1670,وجب,,1,1,1,1.9,-0.00,,22,-0.2,0.663
1671,زفف,,1,1,1,1.8,-0.00,,37,-0.1,0.53
1672,ءبب,,1,1,1,1.8,-0.00,,80,2.0,0.18
1673,ءدد,,1,1,1,1.7,-0.00,,19,-0.1,0.577
1674,یقظ,,1,1,1,1.6,-0.00,,18,-0.3,0.763
1675,ءرم,,1,1,1,1.6,-0.00,,89,1.4,0.18
1676,یقت,,1,1,1,1.5,-0.00,,55,0.2,0.388
1677,ءسن,,1,1,1,1.5,-0.00,,47,0.3,0.394
1678,کلح,,1,1,1,1.4,-0.00,,23,-0.1,0.577
1679,کبد,,1,1,1,1.4,-0.00,,90,2.8,0.141
1680,کبکب,,1,1,1,1.3,-0.00,,26,-0.2,0.684
1681,کثب,,1,1,1,1.2,-0.00,,73,1.2,0.192
1682,کدر,,1,1,1,1.2,-0.00,,81,1.9,0.188
1683,کدی,,1,1,1,1.1,-0.00,,53,0.5,0.339
1684,ونی,,1,1,1,1.1,-0.00,,20,-0.2,0.692
1685,وهج,,1,1,1,1.0,-0.00,,78,1.7,0.207
1686,وهی,,1,1,1,0.9,-0.00,,69,0.7,0.257
1687,عفرت,,1,1,1,0.9,-0.00,,27,-0.2,0.617
1688,خطط,,1,1,1,0.8,-0.00,,29,-0.1,0.555
1689,خلع,,1,1,1,0.8,-0.00,,20,-0.2,0.7
1690,کوی,,1,1,1,0.7,-0.00,,9,-0.3,0.831
1691,کند,,1,1,1,0.6,-0.00,,100,9.2,0.0531
1692,کنس,,1,1,1,0.6,-0.00,,81,2.8,0.157
1693,کسد,,1,1,1,0.5,-0.00,,9,-0.3,0.831
1694,کشط,,1,1,1,0.5,-0.00,,81,3.1,0.141
1695,کفء,equal(kufuwan),1,1,1,0.4,-0.00,6,112,25.0,0.0243
1696,کفت,,1,1,1,0.4,-0.00,,77,1.4,0.206
1697,کلء,,1,1,1,0.3,-0.00,,21,-0.2,0.605
1698,ءلت,,1,1,1,0.2,-0.00,,52,0.4,0.319
1699,زحف,,1,1,1,0.2,-0.00,,8,-0.2,0.663
1700,زرب,,1,1,1,0.1,-0.00,,88,2.8,0.153
1701,زرق,,1,1,1,0.1,-0.00,,20,-0.2,0.691
1702,زری,,1,1,1,0.0,-0.00,,11,-0.2,0.811
