rank,root,freq,n_suras,salience_pctile,concentration_pctile,macro_q,micro_q,validated_sig,tier,importance_score
1,بتر,1,1,2.0,100.0,0.0152,0.0646,1,signature,100.0
2,ءله,2848,86,100.0,96.6,0.0152,0.0043,1,both,100.0
3,نحر,1,1,9.1,99.9,0.0152,0.0624,1,signature,99.9
4,قول,1722,84,99.9,91.3,0.0152,0.0043,1,both,99.9
5,ءلی,34,3,83.8,99.9,0.0152,0.0043,1,signature,99.9
6,کون,1390,86,99.9,82.5,0.0152,0.0043,1,pervasive,99.9
7,کفء,1,1,0.4,99.8,0.0152,0.0611,1,signature,99.8
8,ربب,980,94,99.8,93.1,0.0152,0.0043,1,both,99.8
9,ءمن,879,77,99.8,85.0,0.0152,0.0043,1,pervasive,99.8
10,صمد,1,1,13.4,99.8,0.0152,0.0601,1,signature,99.8
11,قرش,1,1,17.6,99.7,0.0415,0.0646,1,signature,99.7
12,علم,854,85,99.7,73.1,0.0152,0.0043,1,pervasive,99.7
13,قوم,660,79,99.6,78.7,0.0152,0.0043,1,pervasive,99.6
14,صیف,1,1,16.9,99.6,0.0354,0.072,1,signature,99.6
15,ءتی,549,72,99.6,49.9,0.341,0.0043,1,pervasive,99.6
16,لهب,3,2,42.9,99.5,0.0254,0.0043,1,signature,99.5
17,کفر,525,77,99.5,76.2,0.0152,0.0043,1,pervasive,99.5
18,بین,523,71,99.5,59.7,0.173,0.0043,1,pervasive,99.5
19,قرع,5,3,49.7,99.5,0.0152,0.0043,1,signature,99.5
20,شیء,519,73,99.4,65.7,0.0415,0.0043,1,pervasive,99.4
21,معن,1,1,10.8,99.4,0.0254,0.0494,1,signature,99.4
22,رسل,513,69,99.4,74.5,0.0152,0.0043,1,pervasive,99.4
23,نفث,1,1,6.6,99.4,0.0489,0.0554,1,signature,99.4
24,یوم,475,80,99.3,92.1,0.0152,0.0043,1,both,99.3
25,ءرض,461,80,99.2,53.3,0.154,0.00709,1,pervasive,99.2
26,تبب,4,3,48.3,99.2,0.0152,0.0135,1,signature,99.2
27,ءیی,382,59,99.2,77.2,0.0152,0.0043,1,pervasive,99.2
28,سمو,381,81,99.1,66.3,0.059,0.0043,1,pervasive,99.1
29,حسد,5,4,52.6,99.1,0.0152,0.00709,1,signature,99.1
30,کلل,377,74,99.1,33.5,0.695,0.193,0,pervasive,99.1
31,عذب,373,68,99.0,62.3,0.115,0.0043,1,pervasive,99.0
32,وسوس,5,4,52.0,99.0,0.0152,0.0135,1,signature,99.0
33,شنء,3,2,43.1,98.9,0.0152,0.115,1,signature,98.9
34,عمل,360,68,98.9,73.8,0.0152,0.00709,1,pervasive,98.9
35,جعل,346,66,98.9,80.8,0.0152,0.0043,1,pervasive,98.9
36,ءنس,342,77,98.8,90.9,0.0152,0.0043,1,both,98.8
37,رحم,339,62,98.8,80.2,0.0152,0.0043,1,pervasive,98.8
38,رءی,328,72,98.7,86.8,0.0152,0.0043,1,pervasive,98.7
39,کتب,319,61,98.6,72.4,0.0354,0.0043,1,pervasive,98.6
40,هدی,316,62,98.6,61.4,0.13,0.0043,1,pervasive,98.6
41,شرر,31,22,82.2,98.6,0.0152,0.0043,1,signature,98.6
42,خنس,2,2,26.6,98.5,0.0415,0.00709,1,signature,98.5
43,ظلم,315,59,98.5,43.0,0.673,0.0439,1,pervasive,98.5
44,نفس,298,63,98.5,55.3,0.245,0.0043,1,pervasive,98.5
45,تین,1,1,8.7,98.5,0.0672,0.0386,1,signature,98.5
46,قبل,294,64,98.4,42.7,0.903,0.04,1,pervasive,98.4
47,سجو,1,1,23.0,98.4,0.0857,0.034,1,signature,98.4
48,سهو,2,2,33.2,98.4,0.0624,0.0247,1,signature,98.4
49,نزل,293,60,98.4,56.2,0.227,0.0043,1,pervasive,98.4
50,برأ,2,1,34.2,98.3,0.0415,0.00709,1,signature,98.3
51,ذکر,292,71,98.3,84.0,0.0152,0.0043,1,pervasive,98.3
52,حقق,287,59,98.2,59.5,0.154,0.00709,1,pervasive,98.2
53,ءصد,2,2,24.3,98.2,0.0761,0.00956,1,signature,98.2
54,حطم,6,5,54.8,98.2,0.0152,0.0043,1,signature,98.2
55,کذب,282,68,98.2,96.8,0.0152,0.0043,1,both,98.2
56,جیء,278,62,98.1,66.1,0.127,0.0043,1,pervasive,98.1
57,بعثر,2,2,32.9,98.1,0.112,0.0135,1,signature,98.1
58,عبد,275,57,98.1,97.4,0.0152,0.0043,1,both,98.1
59,کدح,2,1,36.2,98.0,0.1,0.0043,1,signature,98.0
60,ءخذ,273,55,98.0,66.7,0.189,0.0043,1,pervasive,98.0
61,وسق,2,1,35.2,97.9,0.13,0.0043,1,signature,97.9
62,خلق,261,75,97.9,83.6,0.0152,0.0043,1,pervasive,97.9
63,دعع,3,2,41.0,97.9,0.0555,0.00956,1,signature,97.9
64,وقی,258,63,97.9,80.8,0.0624,0.0043,1,pervasive,97.9
65,حضض,3,3,37.1,97.8,0.0624,0.00956,1,signature,97.8
66,ءخر,250,64,97.8,49.3,0.493,0.0135,1,pervasive,97.8
67,ءمر,248,61,97.8,62.1,0.13,0.0196,1,pervasive,97.8
68,ءبل,3,3,43.9,97.8,0.059,0.0233,1,signature,97.8
69,بعد,235,57,97.7,34.7,0.607,0.173,0,pervasive,97.7
70,عسر,12,9,68.4,97.7,0.0152,0.0043,1,signature,97.7
71,غفر,234,56,97.6,64.4,0.103,0.0043,1,pervasive,97.6
72,ولی,232,55,97.6,66.4,0.0959,0.0043,1,pervasive,97.6
73,لهم,1,1,11.5,97.6,0.122,0.0413,1,signature,97.6
74,دعو,212,55,97.5,73.1,0.0254,0.0043,1,pervasive,97.5
75,دمدم,1,1,15.3,97.5,0.106,0.047,1,signature,97.5
76,حکم,210,57,97.5,55.7,0.196,0.0119,1,pervasive,97.5
77,دسو,1,1,15.5,97.5,0.112,0.0371,1,signature,97.5
78,عهن,2,2,25.0,97.4,0.0761,0.0311,1,signature,97.4
79,ملک,206,63,97.4,50.9,0.278,0.0135,1,pervasive,97.4
80,عند,201,62,97.4,41.3,0.938,0.0568,0,pervasive,97.4
81,زلزل,6,4,56.4,97.3,0.0254,0.0119,1,signature,97.3
82,جنن,201,70,97.3,71.4,0.0415,0.0043,1,pervasive,97.3
83,خیر,196,55,97.2,54.1,0.205,0.0371,1,pervasive,97.2
84,دفق,1,1,15.4,97.2,0.111,0.0196,1,signature,97.2
85,حسن,194,50,97.2,71.3,0.305,0.0043,1,pervasive,97.2
86,هزل,1,1,3.8,97.2,0.112,0.0247,1,signature,97.2
87,ویل,40,25,85.7,97.1,0.0152,0.0043,1,signature,97.1
88,نور,194,62,97.1,62.9,0.13,0.0426,1,pervasive,97.1
89,ضلل,191,56,97.1,50.8,0.287,0.0327,1,pervasive,97.1
90,عصر,5,4,51.9,97.1,0.0254,0.0554,1,signature,97.1
91,نصو,4,3,47.7,97.0,0.0624,0.00709,1,signature,97.0
92,حیی,189,50,97.0,51.4,0.252,0.117,0,pervasive,97.0
93,سمع,185,57,96.9,43.8,0.417,0.034,1,pervasive,96.9
94,خرج,182,56,96.9,62.8,0.154,0.0751,0,pervasive,96.9
95,رحل,4,2,44.2,96.9,0.0672,0.0153,1,signature,96.9
96,صلح,180,54,96.8,42.0,0.406,0.114,0,pervasive,96.8
97,سبل,176,47,96.8,65.6,0.19,0.0043,1,pervasive,96.8
98,تبع,174,52,96.7,59.6,0.789,0.0043,1,pervasive,96.7
99,ءول,172,54,96.6,58.7,0.262,0.0043,1,pervasive,96.6
100,قتل,170,33,96.6,83.8,0.0761,0.0043,1,pervasive,96.6
101,مثل,169,50,96.5,41.6,0.422,0.0981,0,pervasive,96.5
102,ءلف,22,12,76.6,96.5,0.0152,0.0043,1,signature,96.5
103,شرک,168,44,96.5,71.4,0.059,0.0043,1,pervasive,96.5
104,قلب,168,48,96.4,68.5,0.059,0.0043,1,pervasive,96.4
105,غسق,4,4,47.3,96.4,0.0715,0.0413,1,signature,96.4
106,کثر,167,51,96.4,54.3,0.233,0.181,0,pervasive,96.4
107,مهل,6,5,57.6,96.3,0.0624,0.0043,1,signature,96.3
108,سوء,166,45,96.3,44.5,0.378,0.0529,0,pervasive,96.3
109,موت,165,53,96.2,53.1,0.232,0.0135,1,pervasive,96.2
110,قلی,2,2,28.5,96.2,0.13,0.0196,1,signature,96.2
111,بنو,162,46,96.2,52.6,0.258,0.0043,1,pervasive,96.2
112,کبر,161,57,96.1,54.2,0.22,0.107,0,pervasive,96.1
113,شهد,160,48,96.1,77.8,0.103,0.0043,1,pervasive,96.1
114,نصر,158,46,96.0,64.7,0.13,0.0591,0,pervasive,96.0
115,بعض,158,38,95.9,60.7,0.19,0.0043,1,pervasive,95.9
116,ثلل,3,1,37.0,95.9,0.164,0.0043,1,signature,95.9
117,سلم,157,50,95.9,66.4,0.137,0.0043,1,pervasive,95.9
118,صدق,155,49,95.8,36.3,0.533,0.146,0,pervasive,95.8
119,ءسف,32,7,83.1,95.8,0.0152,0.0043,1,signature,95.8
120,دری,29,21,81.1,95.8,0.0152,0.0043,1,signature,95.8
121,غیر,154,46,95.8,52.4,0.273,0.0135,1,pervasive,95.8
122,وحد,153,50,95.7,84.2,0.0152,0.00709,1,pervasive,95.7
123,فلق,4,3,44.7,95.7,0.081,0.0355,1,signature,95.7
124,وعد,151,51,95.6,56.3,0.206,0.00956,1,pervasive,95.6
125,طبق,4,3,47.4,95.6,0.112,0.0043,1,signature,95.6
126,بصر,148,62,95.6,65.4,0.322,0.0043,1,pervasive,95.6
127,فکک,2,2,27.8,95.5,0.118,0.0153,1,signature,95.5
128,رود,148,47,95.5,52.0,0.486,0.00956,1,pervasive,95.5
129,قبر,8,8,60.1,95.5,0.0715,0.00709,1,signature,95.5
130,لقی,146,53,95.5,65.4,0.166,0.0043,1,pervasive,95.5
131,وصی,32,13,83.1,95.4,0.0152,0.0043,1,signature,95.4
132,دون,144,46,95.4,38.0,0.55,0.127,0,pervasive,95.4
133,کید,35,16,84.4,95.4,0.0152,0.0043,1,signature,95.4
134,ذوی,143,55,95.4,82.8,0.0152,0.0043,1,pervasive,95.4
135,زرب,1,1,0.1,95.3,0.141,0.034,1,signature,95.3
136,نعم,140,61,95.3,65.5,0.155,0.0262,1,pervasive,95.3
137,نمرق,1,1,7.2,95.2,0.163,0.034,1,signature,95.2
138,وسی,136,34,95.2,92.5,0.0254,0.0043,1,both,95.2
139,سطح,1,1,3.3,95.2,0.133,0.0247,1,signature,95.2
140,دنو,133,46,95.2,24.6,0.959,0.566,0,pervasive,95.2
141,قدر,132,58,95.1,86.0,0.0152,0.00709,1,pervasive,95.1
142,سفل,10,9,63.8,95.1,0.0489,0.0176,1,signature,95.1
143,دکک,7,4,59.6,95.1,0.0555,0.0043,1,signature,95.1
144,نذر,130,50,95.1,87.7,0.0152,0.0043,1,pervasive,95.1
145,نظر,129,48,95.0,61.1,0.169,0.00709,1,pervasive,95.0
146,عطو,14,11,71.2,95.0,0.0152,0.0043,1,signature,95.0
147,سءل,129,47,94.9,65.8,0.141,0.0043,1,pervasive,94.9
148,نشط,2,1,32.4,94.9,0.127,0.0043,1,signature,94.9
149,طوع,129,40,94.9,76.4,0.118,0.0043,1,pervasive,94.9
150,صرم,3,1,42.1,94.8,0.141,0.0043,1,signature,94.8
151,جمع,129,45,94.8,59.4,0.188,0.0176,1,pervasive,94.8
152,فوج,5,5,51.1,94.8,0.0959,0.0453,1,signature,94.8
153,عظم,128,50,94.8,54.7,0.31,0.00956,1,pervasive,94.8
154,خلف,127,40,94.7,47.1,0.758,0.0153,1,pervasive,94.7
155,یسر,44,27,86.8,94.7,0.0152,0.0043,1,signature,94.7
156,ءهل,127,40,94.7,60.6,0.213,0.0043,1,pervasive,94.7
157,مجد,4,3,46.0,94.7,0.13,0.0279,1,signature,94.7
158,صحف,9,8,61.8,94.6,0.0624,0.0043,1,signature,94.6
159,دخل,126,45,94.6,54.4,0.231,0.0119,1,pervasive,94.6
160,سقر,4,2,49.4,94.5,0.137,0.0043,1,signature,94.5
161,خوف,124,42,94.5,53.2,0.429,0.0135,1,pervasive,94.5
162,رزق,123,44,94.5,54.9,0.303,0.00709,1,pervasive,94.5
163,ثقل,28,19,81.0,94.5,0.0152,0.0043,1,signature,94.5
164,بشر,123,47,94.4,66.3,0.346,0.0043,1,pervasive,94.4
165,کنس,1,1,0.6,94.4,0.161,0.0426,1,signature,94.4
166,یدی,121,48,94.4,52.9,0.273,0.0355,1,pervasive,94.4
167,عزز,120,48,94.3,56.1,0.239,0.0119,1,pervasive,94.3
168,کشط,1,1,0.5,94.3,0.155,0.0426,1,signature,94.3
169,ءمم,119,42,94.2,59.2,0.505,0.0043,1,pervasive,94.2
170,عسعس,1,1,22.3,94.2,0.137,0.04,1,signature,94.2
171,وءد,1,1,4.6,94.2,0.16,0.0483,1,signature,94.2
172,جزی,118,47,94.2,63.7,0.252,0.0043,1,pervasive,94.2
173,وحش,1,1,3.7,94.1,0.154,0.0413,1,signature,94.1
174,ءبو,117,37,94.1,86.7,0.0152,0.0043,1,pervasive,94.1
175,ضنن,1,1,19.2,94.1,0.169,0.0494,1,signature,94.1
176,نهر,113,51,94.1,51.6,0.324,0.274,0,pervasive,94.1
177,نفذ,3,1,40.2,94.0,0.184,0.0043,1,signature,94.0
178,نفق,111,31,94.0,88.1,0.0152,0.0043,1,pervasive,94.0
179,ءکل,109,40,93.9,53.0,0.285,0.0135,1,pervasive,93.9
180,لظی,2,2,29.6,93.9,0.161,0.0153,1,signature,93.9
181,حسب,109,40,93.9,76.8,0.0555,0.0043,1,pervasive,93.9
182,ضحو,7,5,58.6,93.9,0.059,0.0043,1,signature,93.9
183,ءجر,108,39,93.8,77.3,0.194,0.0043,1,pervasive,93.8
184,بتل,2,1,35.0,93.8,0.159,0.0135,1,signature,93.8
185,عصف,7,6,58.0,93.8,0.103,0.00709,1,signature,93.8
186,فعل,108,44,93.8,57.7,0.234,0.00956,1,pervasive,93.8
187,وجد,107,32,93.7,84.2,0.0254,0.0043,1,pervasive,93.7
188,عدو,106,34,93.7,62.2,0.172,0.0043,1,pervasive,93.7
189,فضل,104,32,93.6,61.0,0.206,0.0279,1,pervasive,93.6
190,رقم,3,2,38.8,93.6,0.16,0.0327,1,signature,93.6
191,رجع,104,42,93.5,58.1,0.22,0.0519,0,pervasive,93.5
192,ثقب,2,2,31.2,93.5,0.125,0.0262,1,signature,93.5
193,یقن,28,19,80.7,93.5,0.0152,0.00956,1,signature,93.5
194,صبر,103,45,93.5,62.7,0.189,0.00709,1,pervasive,93.5
195,شدد,102,48,93.4,40.5,0.461,0.895,0,pervasive,93.4
196,ولد,102,39,93.4,89.5,0.0152,0.0043,1,pervasive,93.4
197,صبب,5,4,53.3,93.4,0.161,0.0043,1,signature,93.4
198,ءذن,102,38,93.3,58.3,0.22,0.072,0,pervasive,93.3
199,دین,101,40,93.2,92.4,0.0152,0.0043,1,both,93.2
200,یتم,23,12,77.1,93.2,0.0254,0.00956,1,signature,93.2
201,صلو,99,37,93.2,86.4,0.0152,0.0043,1,pervasive,93.2
202,طرق,11,6,67.0,93.1,0.0489,0.0043,1,signature,93.1
203,صحب,97,47,93.1,88.2,0.0152,0.0043,1,pervasive,93.1
204,قرب,96,41,93.1,38.4,0.527,0.137,0,pervasive,93.1
205,ءخو,96,31,93.0,76.9,0.0672,0.0043,1,pervasive,93.0
206,نعج,4,1,47.8,92.9,0.188,0.0043,1,signature,92.9
207,عقب,96,36,92.9,65.3,0.173,0.0591,0,pervasive,92.9
208,بغی,96,41,92.9,26.7,0.816,0.461,0,pervasive,92.9
209,حبب,95,35,92.8,59.6,0.215,0.0176,1,pervasive,92.8
210,شءم,3,2,42.7,92.8,0.159,0.0043,1,signature,92.8
211,وزن,23,14,77.5,92.8,0.0254,0.0043,1,signature,92.8
212,سبح,92,49,92.8,69.4,0.137,0.0043,1,pervasive,92.8
213,صخخ,1,1,12.7,92.7,0.164,0.0135,1,signature,92.7
214,سجد,92,32,92.7,60.1,0.217,0.0043,1,pervasive,92.7
215,لیل,92,49,92.7,89.4,0.0254,0.00956,1,pervasive,92.7
216,قضب,1,1,16.1,92.7,0.166,0.0196,1,signature,92.7
217,لیس,89,33,92.6,55.6,0.273,0.269,0,pervasive,92.6
218,ءبب,1,1,1.8,92.6,0.164,0.0216,1,signature,92.6
219,شطن,88,36,92.5,35.5,0.754,0.161,0,pervasive,92.5
220,مرج,6,3,55.6,92.5,0.159,0.0043,1,signature,92.5
221,قرء,88,42,92.5,88.3,0.0152,0.0043,1,pervasive,92.5
222,توب,87,25,92.4,76.4,0.0715,0.0043,1,pervasive,92.4
223,نشء,28,14,80.8,92.4,0.0415,0.0043,1,signature,92.4
224,خلد,87,40,92.4,47.5,0.375,0.368,0,pervasive,92.4
225,مول,86,38,92.3,84.4,0.0152,0.0043,1,pervasive,92.3
226,سحر,63,27,89.5,92.3,0.059,0.0043,1,signature,92.3
227,نجو,84,31,92.2,84.1,0.0152,0.0043,1,pervasive,92.2
228,سیطر,2,2,33.3,92.2,0.173,0.0233,1,signature,92.2
229,سوو,83,48,92.2,65.0,0.193,0.288,0,pervasive,92.2
230,مزج,3,2,38.6,92.2,0.176,0.0043,1,signature,92.2
231,حرم,83,25,92.1,72.5,0.391,0.0043,1,pervasive,92.1
232,غثو,2,2,25.7,92.1,0.16,0.0295,1,signature,92.1
233,زوج,81,43,92.1,61.3,0.204,0.0311,1,pervasive,92.1
234,نبء,80,36,92.0,52.3,0.346,0.102,0,pervasive,92.0
235,ءوب,21,11,76.1,92.0,0.0415,0.0043,1,signature,92.0
236,نبو,80,23,91.9,85.3,0.0254,0.0043,1,pervasive,91.9
237,زنی,9,4,63.1,91.9,0.257,0.0043,1,signature,91.9
238,فجر,24,16,77.8,91.9,0.0354,0.0043,1,signature,91.9
239,عرض,79,35,91.9,31.7,0.636,0.352,0,pervasive,91.9
240,وحی,78,33,91.8,62.5,0.222,0.0043,1,pervasive,91.8
241,وجه,78,38,91.8,63.5,0.274,0.0043,1,pervasive,91.8
242,جهنم,77,39,91.7,39.6,0.498,0.434,0,pervasive,91.7
243,صوب,77,27,91.7,42.2,0.716,0.0731,0,pervasive,91.7
244,بلغ,77,36,91.6,52.8,0.575,0.0119,1,pervasive,91.6
245,قلل,76,33,91.5,45.5,0.556,0.0295,1,pervasive,91.5
246,شکر,75,35,91.5,51.5,0.372,0.0196,1,pervasive,91.5
247,ءلم,75,42,91.4,19.2,0.845,0.854,0,pervasive,91.4
248,کلم,75,32,91.4,52.5,0.972,0.0119,1,pervasive,91.4
249,فرعن,74,27,91.3,88.1,0.081,0.0043,1,pervasive,91.3
250,ضرر,74,31,91.2,32.7,0.952,0.243,0,pervasive,91.2
251,رمی,9,5,62.7,91.2,0.136,0.0119,1,signature,91.2
252,بءس,73,33,91.2,25.1,0.972,0.543,0,pervasive,91.2
253,بیت,73,29,91.1,78.0,0.0857,0.0043,1,pervasive,91.1
254,رجل,73,32,91.1,33.6,0.907,0.228,0,pervasive,91.1
255,رضو,73,32,91.0,83.4,0.0354,0.0043,1,pervasive,91.0
256,غنی,73,44,90.9,79.1,0.059,0.00956,1,pervasive,90.9
257,فرق,72,30,90.9,41.0,0.673,0.0704,0,pervasive,90.9
258,یمن,71,34,90.8,80.0,0.0415,0.0043,1,pervasive,90.8
259,ءرک,5,4,51.4,90.8,0.188,0.00956,1,signature,90.8
260,عرف,71,26,90.8,65.3,0.35,0.0043,1,pervasive,90.8
261,سکن,71,40,90.7,51.7,0.364,0.585,0,pervasive,90.7
262,جلل,2,1,29.7,90.7,0.206,0.0043,1,signature,90.7
263,متع,70,38,90.7,32.6,0.98,0.261,0,pervasive,90.7
264,رجج,2,1,32.2,90.7,0.199,0.00709,1,signature,90.7
265,وکل,70,29,90.6,35.4,0.678,0.173,0,pervasive,90.6
266,طمث,2,1,26.4,90.6,0.194,0.0043,1,signature,90.6
267,بسس,2,1,33.4,90.5,0.215,0.0043,1,signature,90.5
268,علو,70,41,90.5,56.0,0.31,0.0519,0,pervasive,90.5
269,برهم,69,25,90.5,77.4,0.641,0.0043,1,pervasive,90.5
270,حبل,7,5,58.8,90.4,0.163,0.0196,1,signature,90.4
271,ظنن,69,32,90.4,79.8,0.0415,0.00709,1,pervasive,90.4
272,هلک,68,40,90.4,47.2,0.547,0.0439,1,pervasive,90.4
273,صلصل,4,2,45.7,90.4,0.227,0.0043,1,signature,90.4
274,حمد,68,44,90.3,66.5,0.19,0.577,0,pervasive,90.3
275,بلد,19,15,74.5,90.3,0.059,0.0043,1,signature,90.3
276,کسب,67,27,90.2,51.3,0.369,0.162,0,pervasive,90.2
277,بعث,67,33,90.2,42.4,0.522,0.0494,1,pervasive,90.2
278,جحم,26,18,79.2,90.1,0.0354,0.0043,1,signature,90.1
279,جرم,66,36,90.1,44.2,0.445,0.115,0,pervasive,90.1
280,وفی,66,27,90.1,22.7,0.907,0.666,0,pervasive,90.1
281,کهف,6,1,57.1,90.1,0.253,0.0043,1,signature,90.1
282,خسر,65,35,90.0,56.4,0.297,0.652,0,pervasive,90.0
283,فرش,6,6,55.9,90.0,0.157,0.0327,1,signature,90.0
284,نثر,3,3,37.7,89.9,0.163,0.034,1,ordinary,89.9
285,عین,65,37,89.9,79.8,0.0489,0.0043,1,ordinary,89.9
286,حمل,64,29,89.9,80.1,0.0672,0.00709,1,ordinary,89.9
287,سجن,12,3,67.1,89.9,0.122,0.0043,1,ordinary,89.9
288,ذوق,63,32,89.8,67.1,0.196,0.00709,1,ordinary,89.8
289,غلی,2,1,26.7,89.6,0.193,0.00709,1,ordinary,89.6
290,قضی,63,29,89.6,50.6,0.599,0.0311,1,ordinary,89.6
291,زید,62,32,89.4,67.1,0.2,0.0135,1,ordinary,89.4
292,فری,60,24,89.3,63.0,0.454,0.0043,1,ordinary,89.3
293,حمء,4,2,44.6,89.2,0.248,0.0043,1,ordinary,89.2
294,غیب,60,35,89.2,45.6,0.429,0.0494,1,ordinary,89.2
295,رتل,4,2,44.5,89.2,0.188,0.0233,1,ordinary,89.2
296,ءشر,2,1,24.3,89.1,0.195,0.0043,1,ordinary,89.1
297,نسو,59,16,89.1,76.5,0.199,0.0043,1,ordinary,89.1
298,روغ,3,2,38.0,89.0,0.297,0.0043,1,ordinary,89.0
299,زکو,59,29,88.9,68.1,0.192,0.00956,1,ordinary,88.9
300,صوت,8,4,61.0,88.9,0.18,0.0247,1,ordinary,88.9
301,مور,3,2,38.2,88.8,0.2,0.00709,1,ordinary,88.8
302,عدد,57,26,88.8,74.7,0.129,0.0043,1,ordinary,88.8
303,قری,57,26,88.7,50.4,0.633,0.0311,1,ordinary,88.7
304,زیت,7,5,59.3,88.7,0.19,0.0453,1,ordinary,88.7
305,سمک,1,1,4.2,88.7,0.198,0.0135,1,ordinary,88.7
306,غطش,1,1,21.0,88.5,0.199,0.0153,1,ordinary,88.5
307,طمم,1,1,20.0,88.5,0.189,0.0153,1,ordinary,88.5
308,دحو,1,1,19.8,88.4,0.198,0.0119,1,ordinary,88.4
309,ضعف,52,21,88.4,47.6,0.638,0.0371,1,ordinary,88.4
310,ندو,52,26,88.3,65.0,0.232,0.0043,1,ordinary,88.3
311,نضر,3,3,39.2,88.2,0.198,0.0043,1,ordinary,88.2
312,حلل,51,21,88.1,63.3,0.375,0.0043,1,ordinary,88.1
313,فسد,50,23,88.1,50.1,0.855,0.0295,1,ordinary,88.1
314,نسف,5,2,52.9,87.9,0.241,0.0043,1,ordinary,87.9
315,فضض,9,6,62.0,87.9,0.189,0.0043,1,ordinary,87.9
316,سوع,49,27,87.8,55.8,0.341,0.0135,1,ordinary,87.8
317,کرم,47,29,87.5,87.8,0.0489,0.0043,1,ordinary,87.8
318,ءثم,48,21,87.7,54.6,0.513,0.0135,1,ordinary,87.7
319,صلی,25,21,78.9,87.7,0.0415,0.0043,1,ordinary,87.7
320,خشی,48,24,87.6,67.2,0.222,0.0413,1,ordinary,87.6
321,شقو,12,7,69.0,87.5,0.163,0.0043,1,ordinary,87.5
322,طعم,48,26,87.5,86.4,0.0624,0.0043,1,ordinary,87.5
323,عجل,47,25,87.4,64.0,0.41,0.0119,1,ordinary,87.4
324,فکه,19,12,74.4,87.3,0.112,0.0043,1,ordinary,87.3
325,عهد,46,17,87.2,68.3,0.695,0.0043,1,ordinary,87.2
326,عبس,3,3,40.0,87.2,0.204,0.0119,1,ordinary,87.2
327,طلع,19,13,74.5,87.1,0.1,0.0043,1,ordinary,87.1
328,وذر,45,29,87.1,71.7,0.198,0.0043,1,ordinary,87.1
329,نسی,45,20,87.1,54.7,0.354,0.0135,1,ordinary,87.1
330,ءلس,3,2,39.8,87.1,0.476,0.0043,1,ordinary,87.1
331,صبح,45,25,87.0,71.8,0.192,0.00709,1,ordinary,87.0
332,حفظ,44,23,86.9,66.0,0.239,0.00956,1,ordinary,86.9
333,وعی,7,4,57.9,86.9,0.199,0.00709,1,ordinary,86.9
334,لمم,2,2,30.3,86.8,0.206,0.0247,1,ordinary,86.8
335,فصل,43,24,86.6,66.8,0.232,0.0135,1,ordinary,86.6
336,نمل,4,2,48.0,86.6,0.375,0.0043,1,ordinary,86.6
337,ضحک,10,8,64.4,86.5,0.206,0.00709,1,ordinary,86.5
338,نوح,43,28,86.5,73.0,0.305,0.0043,1,ordinary,86.5
339,جوب,43,23,86.5,47.6,0.475,0.04,1,ordinary,86.5
340,ترک,43,20,86.4,77.0,0.339,0.0043,1,ordinary,86.4
341,مکر,43,14,86.4,76.8,0.232,0.0043,1,ordinary,86.4
342,قرض,13,6,69.6,86.3,0.169,0.00956,1,ordinary,86.3
343,کیل,16,7,72.8,86.2,0.205,0.0043,1,ordinary,86.2
344,بحر,42,25,86.2,59.9,0.392,0.00709,1,ordinary,86.2
345,کوب,4,4,48.1,86.2,0.192,0.0135,1,ordinary,86.2
346,صفف,14,11,71.3,86.1,0.141,0.00709,1,ordinary,86.1
347,سخر,42,21,86.1,60.1,0.454,0.0119,1,ordinary,86.1
348,صدع,5,5,54.3,85.9,0.222,0.0483,1,ordinary,85.9
349,جبل,41,33,85.8,72.6,0.192,0.00956,1,ordinary,85.8
350,جهد,41,19,85.7,56.0,0.364,0.00709,1,ordinary,85.7
351,قرن,40,22,85.6,53.6,0.367,0.034,1,ordinary,85.6
352,ملء,40,18,85.5,66.7,0.471,0.0043,1,ordinary,85.5
353,رصد,6,4,56.3,85.5,0.206,0.0153,1,ordinary,85.5
354,سجر,3,3,43.4,85.4,0.215,0.0371,1,ordinary,85.4
355,کءس,6,5,55.1,85.4,0.217,0.00709,1,ordinary,85.4
356,شرب,39,22,85.4,81.8,0.192,0.0043,1,ordinary,85.4
357,طغی,39,27,85.3,75.2,0.2,0.0043,1,ordinary,85.3
358,حدق,3,3,39.7,85.2,0.227,0.0262,1,ordinary,85.2
359,طلق,23,10,77.3,85.2,0.309,0.0043,1,ordinary,85.2
360,مرء,38,22,85.1,80.4,0.103,0.034,1,ordinary,85.1
361,زجر,6,3,57.8,85.1,0.213,0.0043,1,ordinary,85.1
362,ءدم,25,9,78.3,85.0,0.564,0.0043,1,ordinary,85.0
363,فتح,38,25,85.0,70.2,0.207,0.0483,1,ordinary,85.0
364,هوی,38,22,85.0,72.8,0.189,0.0295,1,ordinary,85.0
365,کور,3,2,43.7,84.9,0.22,0.0327,1,ordinary,84.9
366,قرر,38,22,84.9,62.3,0.43,0.00709,1,ordinary,84.9
367,بخل,12,6,68.8,84.8,0.192,0.0247,1,ordinary,84.8
368,سبق,37,24,84.8,60.7,0.322,0.00709,1,ordinary,84.8
369,وتد,3,3,42.6,84.8,0.222,0.0135,1,ordinary,84.8
370,بلو,37,24,84.7,61.7,0.294,0.0247,1,ordinary,84.7
371,سوق,17,13,73.1,84.7,0.161,0.0153,1,ordinary,84.7
372,شطر,5,1,51.0,84.5,0.812,0.0043,1,ordinary,84.5
373,ءزف,3,2,36.5,84.5,0.234,0.0135,1,ordinary,84.5
374,نقر,4,2,47.9,84.4,0.206,0.0233,1,ordinary,84.4
375,رفع,29,21,81.3,84.3,0.0715,0.0233,1,ordinary,84.3
376,حین,35,23,84.2,69.8,0.631,0.0043,1,ordinary,84.2
377,مرر,35,22,84.2,51.1,0.533,0.0413,1,ordinary,84.2
378,حمم,21,15,76.1,84.1,0.137,0.0043,1,ordinary,84.1
379,ریم,34,12,84.0,74.2,0.36,0.0043,1,ordinary,84.0
380,وزر,27,11,80.0,83.9,0.115,0.0043,1,ordinary,83.9
381,لدی,22,12,77.0,83.8,0.129,0.00709,1,ordinary,83.8
382,جنح,34,14,83.8,63.3,0.696,0.0043,1,ordinary,83.8
383,وثق,34,13,83.7,66.5,0.495,0.0043,1,ordinary,83.7
384,عرش,33,25,83.7,57.7,0.52,0.00709,1,ordinary,83.7
385,برم,2,1,34.1,83.7,0.335,0.00956,1,ordinary,83.7
386,ظلل,33,20,83.6,76.1,0.206,0.0043,1,ordinary,83.6
387,رشد,19,9,74.7,83.5,0.148,0.0043,1,ordinary,83.5
388,قسم,33,24,83.4,76.3,0.188,0.0262,1,ordinary,83.4
389,حجج,33,10,83.4,67.7,0.618,0.0043,1,ordinary,83.4
390,طلح,1,1,20.1,83.0,0.364,0.047,1,ordinary,83.0
391,سمن,4,3,49.3,83.0,0.232,0.0216,1,ordinary,83.0
392,نصب,32,19,82.8,82.9,0.111,0.0043,1,ordinary,82.9
393,دهن,5,4,54.4,82.8,0.232,0.0247,1,ordinary,82.8
394,مدد,32,24,82.8,67.8,0.262,0.0043,1,ordinary,82.8
395,سدر,4,3,45.7,82.7,0.239,0.0043,1,ordinary,82.7
396,لبث,31,17,82.7,68.8,0.474,0.0043,1,ordinary,82.7
397,غلب,31,18,82.5,69.0,0.431,0.0043,1,ordinary,82.5
398,جهز,4,1,44.3,82.4,0.342,0.00709,1,ordinary,82.4
399,ختم,8,7,61.1,82.4,0.221,0.0153,1,ordinary,82.4
400,ءفل,4,1,48.5,82.3,0.59,0.00956,1,ordinary,82.3
401,خلص,31,17,82.1,64.8,0.346,0.0043,1,ordinary,82.1
402,ءنث,30,17,82.1,59.0,0.369,0.0135,1,ordinary,82.1
403,سعی,30,20,82.0,75.8,0.2,0.0043,1,ordinary,82.0
404,هود,30,12,82.0,58.1,0.673,0.0135,1,ordinary,82.0
405,رهق,10,7,64.7,81.7,0.226,0.00709,1,ordinary,81.7
406,طیر,29,19,81.6,69.7,0.242,0.0279,1,ordinary,81.6
407,حجر,21,14,75.9,81.6,0.169,0.0153,1,ordinary,81.6
408,جند,29,18,81.5,61.6,0.442,0.0119,1,ordinary,81.5
409,ءزز,2,1,36.3,81.5,0.413,0.0233,1,ordinary,81.5
410,ثوب,29,16,81.5,59.1,0.533,0.0119,1,ordinary,81.5
411,بضع,7,2,59.6,81.4,0.274,0.0043,1,ordinary,81.4
412,غشو,29,23,81.4,81.0,0.157,0.0262,1,ordinary,81.4
413,رجف,8,5,60.6,81.0,0.244,0.0153,1,ordinary,81.0
414,نزف,2,2,31.9,80.9,0.431,0.0119,1,ordinary,80.9
415,شقق,28,21,80.7,63.7,0.339,0.0439,1,ordinary,80.7
416,سبع,28,16,80.5,75.7,0.262,0.0043,1,ordinary,80.5
417,سعر,19,15,74.8,80.5,0.195,0.0043,1,ordinary,80.5
418,لوط,27,14,80.4,77.5,0.354,0.00709,1,ordinary,80.4
419,شهب,5,4,50.3,80.4,0.239,0.0153,1,ordinary,80.4
420,بوب,27,17,80.3,55.1,0.529,0.0262,1,ordinary,80.3
421,هیه,2,1,34.3,80.2,0.394,0.00956,1,ordinary,80.2
422,علق,7,6,58.7,80.1,0.242,0.0413,1,ordinary,80.1
423,شجر,27,19,80.1,63.2,0.592,0.00709,1,ordinary,80.1
424,غرر,27,14,80.1,74.6,0.211,0.0247,1,ordinary,80.1
425,زبد,3,1,43.3,79.9,0.262,0.0413,1,ordinary,79.9
426,مدن,27,15,79.7,60.9,0.522,0.0153,1,ordinary,79.7
427,منن,27,20,79.7,77.2,0.196,0.0279,1,ordinary,79.7
428,ثمد,26,21,79.2,70.8,0.252,0.0153,1,ordinary,79.2
429,وهب,25,12,78.4,79.0,0.245,0.0043,1,ordinary,79.0
430,سفر,12,9,68.5,79.0,0.245,0.0295,1,ordinary,79.0
431,جلد,13,6,70.4,78.9,0.374,0.0043,1,ordinary,78.9
432,ذرع,5,4,54.5,78.8,0.239,0.0247,1,ordinary,78.8
433,مطر,15,9,71.8,78.8,0.546,0.0043,1,ordinary,78.8
434,بذر,3,1,43.3,78.7,0.409,0.0135,1,ordinary,78.7
435,حدد,25,12,78.7,64.8,0.31,0.0176,1,ordinary,78.7
436,نجم,13,12,69.3,78.6,0.244,0.0043,1,ordinary,78.6
437,سقی,25,19,78.5,72.7,0.231,0.0135,1,ordinary,78.5
438,غلم,13,8,69.3,78.4,0.375,0.00709,1,ordinary,78.4
439,سنن,21,11,76.2,78.3,0.337,0.0043,1,ordinary,78.3
440,وقع,24,16,78.2,77.8,0.193,0.00956,1,ordinary,78.2
441,ذءب,3,1,41.9,78.2,0.473,0.0196,1,ordinary,78.2
442,عقم,4,3,47.2,78.2,0.245,0.0153,1,ordinary,78.2
443,قمص,6,1,57.3,78.1,0.257,0.0453,1,ordinary,78.1
444,نشر,21,18,76.0,78.0,0.206,0.0327,1,ordinary,78.0
445,منی,21,10,76.0,77.9,0.215,0.00956,1,ordinary,77.9
446,ءذی,24,10,77.7,64.4,0.437,0.00956,1,ordinary,77.7
447,ربص,17,7,73.3,77.7,0.303,0.0043,1,ordinary,77.7
448,فرر,11,9,66.3,77.5,0.245,0.0216,1,ordinary,77.5
449,ترب,22,18,76.8,77.4,0.2,0.00709,1,ordinary,77.4
450,نکح,23,6,77.2,64.2,0.441,0.0153,1,ordinary,77.2
451,مشی,23,14,77.2,69.0,0.262,0.0043,1,ordinary,77.2
452,سرق,9,4,63.0,77.1,0.356,0.0043,1,ordinary,77.1
453,شعب,13,6,70.2,77.0,0.431,0.0043,1,ordinary,77.0
454,بنی,22,16,77.0,66.0,0.35,0.00956,1,ordinary,77.0
455,غوی,22,11,76.9,76.5,0.418,0.0043,1,ordinary,76.9
456,عرب,22,15,76.5,60.4,0.527,0.0135,1,ordinary,76.5
457,فتی,21,7,76.5,70.1,0.4,0.00956,1,ordinary,76.5
458,حلف,13,5,69.2,76.2,0.262,0.0311,1,ordinary,76.2
459,بقی,21,16,76.2,54.8,0.4,0.0216,1,ordinary,76.2
460,شهر,21,9,75.8,68.8,0.306,0.0043,1,ordinary,75.8
461,زقم,3,3,43.7,75.7,0.364,0.0119,1,ordinary,75.7
462,هرن,20,13,75.7,64.6,0.671,0.00709,1,ordinary,75.7
463,ورد,11,7,66.0,75.6,0.487,0.0043,1,ordinary,75.6
464,صنع,20,14,75.6,56.4,0.74,0.0311,1,ordinary,75.6
465,حزب,20,13,75.5,69.3,0.287,0.0279,1,ordinary,75.5
466,نوق,7,6,58.7,75.4,0.248,0.0426,1,ordinary,75.4
467,بطش,10,8,64.8,75.2,0.262,0.0043,1,ordinary,75.2
468,نخل,20,16,75.1,53.0,0.461,0.0247,1,ordinary,75.1
469,ربو,20,12,75.0,64.7,0.673,0.0119,1,ordinary,75.0
470,سقم,2,1,33.8,74.5,0.346,0.034,1,ordinary,74.5
471,عذر,12,8,67.3,74.3,0.273,0.0262,1,ordinary,74.3
472,خصم,18,12,74.3,62.0,0.404,0.0176,1,ordinary,74.3
473,فرض,18,7,74.2,59.1,0.778,0.0216,1,ordinary,74.2
474,عقر,8,7,60.4,74.1,0.273,0.0483,1,ordinary,74.1
475,لوح,6,4,55.0,74.0,0.274,0.0196,1,ordinary,74.0
476,حصن,18,7,73.8,64.6,0.464,0.00709,1,ordinary,73.8
477,نوب,18,11,73.7,57.4,0.364,0.0262,1,ordinary,73.7
478,هیم,2,2,34.4,73.0,0.473,0.0355,1,ordinary,73.0
479,مسح,15,5,71.7,72.9,0.549,0.0043,1,ordinary,72.9
480,زلف,10,8,63.7,72.8,0.322,0.0043,1,ordinary,72.8
481,دود,16,9,72.7,70.0,0.309,0.00709,1,ordinary,72.7
482,حنث,2,2,27.4,72.5,0.425,0.0386,1,ordinary,72.5
483,خون,16,8,72.4,69.5,0.357,0.00956,1,ordinary,72.4
484,کلب,6,3,57.7,72.3,0.465,0.0233,1,ordinary,72.3
485,سلح,4,1,46.6,72.1,0.687,0.0233,1,ordinary,72.1
486,شحن,3,3,43.2,72.0,0.627,0.0327,1,ordinary,72.0
487,عصو,12,6,68.3,71.9,0.527,0.00956,1,ordinary,71.9
488,بقر,9,3,63.3,71.8,0.896,0.00709,1,ordinary,71.8
489,صوم,14,6,70.8,71.5,0.796,0.00709,1,ordinary,71.5
490,وصف,14,7,71.4,60.8,0.53,0.0262,1,ordinary,71.4
491,ضیف,6,5,57.0,71.3,0.367,0.0216,1,ordinary,71.3
492,رجم,14,12,71.3,56.9,0.415,0.0386,1,ordinary,71.3
493,رسو,14,13,71.0,67.6,0.302,0.0135,1,ordinary,71.0
494,زرع,14,12,71.0,57.6,0.439,0.0371,1,ordinary,71.0
495,لوم,14,10,70.9,64.1,0.341,0.0247,1,ordinary,70.9
496,سفن,4,2,49.4,70.9,0.475,0.0153,1,ordinary,70.9
497,جثو,3,2,41.3,70.8,0.429,0.0386,1,ordinary,70.8
498,وقت,13,10,70.5,57.0,0.458,0.0355,1,ordinary,70.5
499,رکع,13,8,70.4,61.5,0.394,0.0233,1,ordinary,70.4
500,مضغ,3,2,37.2,69.8,0.479,0.04,1,ordinary,69.8
501,نصح,13,6,69.8,68.0,0.556,0.0135,1,ordinary,69.8
502,صیح,13,9,69.8,68.1,0.308,0.0439,1,ordinary,69.8
503,وجل,5,4,50.6,68.9,0.438,0.0262,1,ordinary,68.9
504,شمل,12,9,68.9,68.0,0.375,0.0153,1,ordinary,68.9
505,وکء,11,10,66.3,68.7,0.378,0.0119,1,ordinary,68.7
506,جءر,3,2,38.5,68.7,0.522,0.0386,1,ordinary,68.7
507,سلک,12,11,68.2,68.4,0.322,0.0119,1,ordinary,68.4
508,صید,6,1,55.4,68.4,0.375,0.0247,1,ordinary,68.4
509,سبب,11,6,65.5,68.3,0.58,0.00956,1,ordinary,68.3
510,نطق,12,9,68.3,61.1,0.369,0.0262,1,ordinary,68.3
511,خوض,12,7,68.0,66.1,0.335,0.0196,1,ordinary,68.0
512,نطف,12,11,67.2,67.9,0.342,0.0119,1,ordinary,67.9
513,بیض,12,10,67.8,59.3,0.895,0.0355,1,ordinary,67.8
514,غمر,4,3,46.2,67.8,0.431,0.0196,1,ordinary,67.8
515,قنط,6,5,57.2,67.7,0.431,0.0233,1,ordinary,67.7
516,صرر,6,5,55.1,67.5,0.369,0.0153,1,ordinary,67.5
517,سرح,7,3,59.7,67.3,0.437,0.0247,1,ordinary,67.3
518,قصر,11,9,66.9,60.6,0.409,0.0279,1,ordinary,66.9
519,برق,11,10,66.5,65.9,0.428,0.0135,1,ordinary,66.5
520,یمم,11,7,66.4,60.3,0.522,0.0233,1,ordinary,66.4
521,صعق,11,8,66.1,55.8,0.437,0.0439,1,ordinary,66.1
522,غبر,8,7,60.3,65.2,0.428,0.0311,1,ordinary,65.2
523,مءی,10,5,65.2,63.1,0.513,0.0355,1,ordinary,65.2
524,سمم,4,4,46.8,65.1,0.409,0.0426,1,ordinary,65.1
525,رجز,10,7,65.0,58.3,0.618,0.0494,1,ordinary,65.0
526,ذبح,9,6,61.8,64.5,0.787,0.0295,1,ordinary,64.5
527,تسع,7,5,59.3,64.0,0.398,0.0279,1,ordinary,64.0
528,زول,4,2,44.0,63.9,0.335,0.04,1,ordinary,63.9
529,بکی,7,6,58.0,63.6,0.352,0.0426,1,ordinary,63.6
530,لءلء,6,6,55.3,63.4,0.361,0.034,1,ordinary,63.4
531,میل,6,1,54.9,62.4,0.523,0.0439,1,ordinary,62.4
532,ضرع,8,4,60.2,62.0,0.387,0.0453,1,ordinary,62.0
533,لون,9,5,61.9,58.2,0.447,0.0494,1,ordinary,61.9
534,ءجج,7,5,59.8,56.8,0.522,0.0494,1,ordinary,59.8
535,جری,64,43,89.8,32.6,0.623,0.75,0,ordinary,44.9
536,تلو,63,33,89.7,44.2,0.45,0.0881,0,ordinary,44.9
537,موه,63,41,89.7,57.6,0.286,0.0713,0,ordinary,44.8
538,عود,63,39,89.5,38.3,0.62,0.123,0,ordinary,44.7
539,مسس,61,29,89.4,34.4,0.722,0.183,0,ordinary,44.7
540,فتن,60,32,89.2,35.7,0.638,0.159,0,ordinary,44.6
541,ظهر,59,30,89.1,69.5,0.172,0.206,0,ordinary,44.6
542,ردد,59,30,89.0,20.2,0.792,0.845,0,ordinary,44.5
543,ضرب,58,28,88.9,38.7,0.533,0.54,0,ordinary,44.4
544,روح,57,40,88.8,43.4,0.46,0.28,0,ordinary,44.4
545,ءجل,56,29,88.7,38.4,0.527,0.449,0,ordinary,44.3
546,نهی,56,26,88.6,63.4,0.25,0.0852,0,ordinary,44.3
547,ذهب,56,30,88.5,41.3,0.547,0.0751,0,ordinary,44.3
548,دور,55,27,88.5,35.3,0.576,0.277,0,ordinary,44.2
549,فسق,54,23,88.4,51.6,0.391,0.344,0,ordinary,44.2
550,خبر,51,31,88.2,63.1,0.258,0.666,0,ordinary,44.1
551,تحت,51,30,88.2,34.2,0.58,0.558,0,ordinary,44.1
552,نفع,50,31,88.0,28.7,0.667,0.37,0,ordinary,44.0
553,طیب,50,23,87.9,28.6,0.835,0.385,0,ordinary,44.0
554,وری,50,29,87.9,57.0,0.335,0.0751,0,ordinary,43.9
555,عقل,49,30,87.8,19.2,0.982,0.809,0,ordinary,43.9
556,قدم,48,37,87.7,35.7,0.55,0.577,0,ordinary,43.8
557,صدر,46,31,87.4,81.8,0.0715,0.462,0,ordinary,43.7
558,زین,46,28,87.3,28.9,0.812,0.378,0,ordinary,43.7
559,صرط,45,25,87.2,81.5,0.0916,0.133,0,ordinary,43.6
560,دبر,44,31,86.9,54.3,0.364,0.0666,0,ordinary,43.4
561,بدل,44,25,86.8,37.0,0.666,0.164,0,ordinary,43.4
562,سرر,44,33,86.7,68.5,0.206,0.104,0,ordinary,43.4
563,حشر,43,28,86.7,37.1,0.667,0.169,0,ordinary,43.3
564,فوق,43,27,86.3,19.8,0.938,0.785,0,ordinary,43.2
565,قوی,42,25,86.2,43.9,0.487,0.145,0,ordinary,43.1
566,حزن,42,25,86.1,14.8,1,0.902,0,ordinary,43.1
567,صدد,42,23,86.0,45.7,0.439,0.195,0,ordinary,43.0
568,طوف,41,22,85.9,45.0,0.454,0.117,0,ordinary,43.0
569,لعن,41,18,85.9,41.6,0.862,0.0881,0,ordinary,42.9
570,کره,41,21,85.8,46.9,0.437,0.104,0,ordinary,42.9
571,فلح,40,24,85.5,39.3,0.527,0.478,0,ordinary,42.7
572,شعر,40,23,85.4,41.7,0.838,0.1,0,ordinary,42.7
573,ذنب,39,26,85.2,52.7,0.396,0.378,0,ordinary,42.6
574,سلط,39,27,85.2,30.3,0.754,0.32,0,ordinary,42.6
575,ذرر,38,21,85.1,79.7,0.136,0.115,0,ordinary,42.6
576,نکر,37,26,84.8,29.2,0.793,0.369,0,ordinary,42.4
577,قطع,36,23,84.7,38.5,0.812,0.138,0,ordinary,42.3
578,ءوی,36,23,84.6,65.1,0.284,0.0611,0,ordinary,42.3
579,ریب,36,26,84.5,23.2,0.796,0.614,0,ordinary,42.3
580,بطل,36,24,84.5,23.8,0.954,0.598,0,ordinary,42.2
581,حدث,36,28,84.4,75.4,0.173,0.0601,0,ordinary,42.2
582,ورث,35,20,84.3,42.1,0.572,0.0863,0,ordinary,42.2
583,غفل,35,21,84.1,26.3,1,0.462,0,ordinary,42.1
584,عفو,35,11,84.1,36.2,0.638,0.195,0,ordinary,42.0
585,خفی,34,21,84.0,32.2,0.585,0.323,0,ordinary,42.0
586,هزء,34,21,83.9,34.6,0.705,0.243,0,ordinary,41.9
587,جنب,33,21,83.5,48.3,0.446,0.0635,0,ordinary,41.8
588,کفی,33,15,83.5,42.8,0.476,0.307,0,ordinary,41.7
589,عمی,33,22,83.3,24.2,0.812,0.583,0,ordinary,41.7
590,شمس,33,28,83.2,50.0,0.433,0.247,0,ordinary,41.6
591,ثلث,32,20,83.2,33.2,0.579,0.518,0,ordinary,41.6
592,وسع,32,15,83.0,36.7,0.758,0.187,0,ordinary,41.5
593,عصی,32,23,83.0,30.9,0.615,0.298,0,ordinary,41.5
594,برر,32,18,82.9,59.8,0.352,0.0611,0,ordinary,41.4
595,برک,32,22,82.7,45.1,0.705,0.0624,0,ordinary,41.4
596,قعد,31,15,82.6,46.2,0.454,0.0611,0,ordinary,41.3
597,بدو,31,16,82.5,16.6,0.938,0.82,0,ordinary,41.2
598,هجر,31,17,82.4,53.7,0.398,0.0635,0,ordinary,41.2
599,طهر,31,18,82.4,31.7,0.611,0.286,0,ordinary,41.2
600,شفع,31,19,82.3,38.3,0.638,0.162,0,ordinary,41.2
601,حیث,31,14,82.2,31.2,0.659,0.28,0,ordinary,41.1
602,عسی,30,16,81.9,37.4,0.546,0.87,0,ordinary,40.9
603,ءفک,30,21,81.8,47.1,0.445,0.0678,0,ordinary,40.9
604,صرف,30,17,81.8,29.3,0.837,0.353,0,ordinary,40.9
605,قصص,30,14,81.7,49.4,0.943,0.0543,0,ordinary,40.9
606,برء,29,19,81.7,32.2,0.933,0.26,0,ordinary,40.8
607,ودد,29,18,81.4,70.0,0.234,0.105,0,ordinary,40.7
608,فوز,29,21,81.2,33.7,0.549,0.382,0,ordinary,40.6
609,جدل,29,16,81.2,36.9,0.637,0.176,0,ordinary,40.6
610,صیر,29,22,81.1,34.0,0.556,0.908,0,ordinary,40.6
611,ثنی,29,18,81.0,27.3,0.984,0.442,0,ordinary,40.5
612,ءبد,28,15,80.9,53.4,0.423,0.19,0,ordinary,40.4
613,حوط,28,18,80.8,26.6,0.636,0.596,0,ordinary,40.4
614,خلو,28,18,80.6,31.5,0.585,0.36,0,ordinary,40.3
615,عدل,28,11,80.5,33.2,0.557,0.366,0,ordinary,40.2
616,عجب,27,17,80.4,38.6,0.575,0.148,0,ordinary,40.2
617,مسک,27,17,80.2,54.5,0.398,0.28,0,ordinary,40.1
618,عشر,27,19,80.2,25.7,0.731,0.5,0,ordinary,40.1
619,عمر,27,16,80.0,33.1,0.591,0.288,0,ordinary,40.0
620,سیر,27,21,79.9,42.5,0.475,0.238,0,ordinary,39.9
621,قمر,27,23,79.8,72.1,0.213,0.0826,0,ordinary,39.9
622,ءین,27,20,79.8,19.7,0.741,0.784,0,ordinary,39.9
623,رجو,26,19,79.6,25.9,0.644,0.532,0,ordinary,39.8
624,نبت,26,21,79.5,49.0,0.431,0.123,0,ordinary,39.8
625,خزی,26,15,79.5,37.9,0.789,0.171,0,ordinary,39.7
626,وضع,26,18,79.4,78.1,0.164,0.18,0,ordinary,39.7
627,عجز,26,21,79.4,34.1,0.576,0.241,0,ordinary,39.7
628,هون,26,19,79.3,29.6,0.608,0.37,0,ordinary,39.7
629,شری,25,8,79.1,45.4,0.849,0.0583,0,ordinary,39.6
630,بسط,25,15,79.1,27.4,0.611,0.558,0,ordinary,39.5
631,بطن,25,18,79.0,38.2,0.695,0.176,0,ordinary,39.5
632,لسن,25,18,79.0,48.7,0.446,0.338,0,ordinary,39.5
633,حول,25,19,78.8,26.7,1,0.463,0,ordinary,39.4
634,عیس,25,11,78.8,38.8,0.539,0.14,0,ordinary,39.4
635,قسط,25,15,78.7,51.2,0.428,0.386,0,ordinary,39.3
636,حضر,25,16,78.6,39.0,0.488,0.251,0,ordinary,39.3
637,فلک,25,20,78.5,47.3,0.778,0.0554,0,ordinary,39.3
638,وعظ,25,14,78.4,31.8,0.952,0.288,0,ordinary,39.2
639,رقب,24,14,78.2,61.9,0.357,0.159,0,ordinary,39.1
640,ثمر,24,12,78.1,39.5,0.852,0.144,0,ordinary,39.1
641,مرض,24,13,78.1,41.0,0.673,0.108,0,ordinary,39.0
642,ذلل,24,17,78.0,43.2,0.486,0.149,0,ordinary,39.0
643,فحش,24,15,78.0,36.3,0.923,0.201,0,ordinary,39.0
644,غضب,24,15,77.9,61.3,0.364,0.257,0,ordinary,38.9
645,کود,24,19,77.8,40.7,0.761,0.128,0,ordinary,38.9
646,جهل,24,17,77.7,8.1,0.996,0.992,0,ordinary,38.8
647,سرع,23,14,77.6,27.1,0.787,0.444,0,ordinary,38.8
648,سرف,23,17,77.5,35.4,0.88,0.215,0,ordinary,38.7
649,لبس,23,13,77.4,30.7,0.721,0.299,0,ordinary,38.7
650,غرق,23,18,77.4,45.3,0.741,0.0764,0,ordinary,38.7
651,ربع,22,11,77.1,47.0,0.644,0.0646,0,ordinary,38.5
652,خطء,22,13,76.8,54.6,0.409,0.0713,0,ordinary,38.4
653,فرح,22,13,76.7,26.2,0.673,0.489,0,ordinary,38.4
654,تمم,22,12,76.7,30.6,0.911,0.318,0,ordinary,38.3
655,حلم,21,16,76.4,15.1,0.936,0.851,0,ordinary,38.2
656,حذر,21,12,76.4,22.5,0.886,0.666,0,ordinary,38.2
657,کتم,21,7,76.3,31.3,0.852,0.301,0,ordinary,38.2
658,ءثر,21,16,75.8,57.8,0.369,0.151,0,ordinary,37.9
659,فقه,20,12,75.7,50.4,0.431,0.162,0,ordinary,37.9
660,فطر,20,17,75.5,47.0,0.454,0.383,0,ordinary,37.7
661,لعب,20,13,75.4,42.9,0.48,0.108,0,ordinary,37.7
662,کشف,20,14,75.4,40.7,0.527,0.144,0,ordinary,37.7
663,سنو,20,17,75.3,21.0,0.849,0.73,0,ordinary,37.7
664,درج,20,16,75.2,10.9,0.977,0.951,0,ordinary,37.6
665,نفخ,20,17,75.2,50.7,0.431,0.0832,0,ordinary,37.6
666,نزع,20,16,75.1,32.0,0.695,0.307,0,ordinary,37.5
667,NA,20,19,75.0,19.6,0.754,0.777,0,ordinary,37.5
668,مری,20,16,74.9,32.5,0.58,0.297,0,ordinary,37.4
669,سحق,19,14,74.8,48.8,0.907,0.0742,0,ordinary,37.4
670,غرب,19,13,74.7,26.5,0.673,0.463,0,ordinary,37.4
671,صور,19,17,74.6,65.7,0.309,0.276,0,ordinary,37.3
672,ثمن,19,13,74.4,23.6,0.754,0.594,0,ordinary,37.2
673,فکر,18,13,74.3,25.5,0.736,0.524,0,ordinary,37.2
674,نفر,18,10,74.1,43.7,0.439,0.136,0,ordinary,37.1
675,دبب,18,14,74.1,20.9,0.766,0.72,0,ordinary,37.0
676,صفو,18,12,74.0,34.9,0.972,0.23,0,ordinary,37.0
677,رءس,18,15,74.0,18.1,0.751,0.79,0,ordinary,37.0
678,مکن,18,12,73.9,43.6,0.446,0.233,0,ordinary,36.9
679,لدن,18,10,73.8,29.2,0.758,0.378,0,ordinary,36.9
680,ثبت,18,11,73.7,34.8,0.527,0.411,0,ordinary,36.8
681,ملل,18,11,73.6,31.0,1,0.306,0,ordinary,36.8
682,نقم,17,12,73.5,49.6,0.431,0.32,0,ordinary,36.8
683,بوء,17,12,73.5,27.0,0.974,0.456,0,ordinary,36.7
684,خفف,17,13,73.4,55.7,0.391,0.669,0,ordinary,36.7
685,عوذ,17,14,73.4,90.2,0.059,0.0529,0,ordinary,36.7
686,شرق,17,13,73.3,43.3,0.638,0.128,0,ordinary,36.6
687,زعم,17,10,73.2,49.3,0.522,0.0666,0,ordinary,36.6
688,خشع,17,16,73.1,56.1,0.39,0.228,0,ordinary,36.5
689,منع,17,16,73.0,81.7,0.2,0.421,0,ordinary,36.5
690,سور,17,13,73.0,32.8,0.623,0.294,0,ordinary,36.5
691,مهد,16,13,72.9,49.8,0.421,0.186,0,ordinary,36.4
692,غلل,16,12,72.8,29.9,0.699,0.366,0,ordinary,36.4
693,بلس,16,13,72.7,50.7,0.637,0.0678,0,ordinary,36.3
694,لبب,16,10,72.6,38.2,0.667,0.181,0,ordinary,36.3
695,عتد,16,10,72.5,43.2,0.459,0.532,0,ordinary,36.3
696,حبط,16,12,72.5,30.5,0.57,0.332,0,ordinary,36.2
697,لهو,16,13,72.4,88.8,0.0857,0.193,0,ordinary,36.2
698,جهر,16,13,72.3,58.0,0.374,0.472,0,ordinary,36.2
699,غدو,16,13,72.3,42.6,0.457,0.419,0,ordinary,36.1
700,خبث,16,9,72.2,41.4,0.614,0.124,0,ordinary,36.1
701,فءد,16,13,72.1,77.6,0.252,0.235,0,ordinary,36.1
702,علن,16,12,72.1,34.3,0.542,0.223,0,ordinary,36.0
703,کفف,15,9,72.0,21.6,0.79,0.697,0,ordinary,36.0
704,رکب,15,13,72.0,63.0,0.339,0.0957,0,ordinary,36.0
705,سوم,15,10,71.9,33.0,0.8,0.273,0,ordinary,35.9
706,صمم,15,13,71.8,11.3,0.985,0.922,0,ordinary,35.9
707,حرج,15,9,71.7,45.6,0.434,0.14,0,ordinary,35.8
708,حرر,15,10,71.6,36.6,0.794,0.212,0,ordinary,35.8
709,بدء,15,11,71.5,45.1,0.419,0.575,0,ordinary,35.8
710,شکک,15,11,71.5,35.6,0.625,0.214,0,ordinary,35.7
711,بیع,15,8,71.4,64.3,0.361,0.153,0,ordinary,35.7
712,فقر,14,11,71.1,19.3,0.759,0.769,0,ordinary,35.6
713,سطر,14,13,71.1,58.4,0.369,0.101,0,ordinary,35.5
714,ولج,14,8,70.8,58.6,0.364,0.0841,0,ordinary,35.4
715,حرث,14,7,70.7,44.8,0.527,0.0816,0,ordinary,35.4
716,عشو,14,11,70.7,30.2,0.578,0.455,0,ordinary,35.3
717,ثوی,14,10,70.6,29.4,0.59,0.5,0,ordinary,35.3
718,یءس,13,9,70.5,55.0,0.369,0.311,0,ordinary,35.2
719,صغر,13,11,70.3,8.3,0.98,0.974,0,ordinary,35.2
720,شهو,13,13,70.3,33.5,0.638,0.288,0,ordinary,35.1
721,رءف,13,8,70.1,20.0,0.686,0.769,0,ordinary,35.1
722,ضیق,13,10,70.1,15.5,0.778,0.813,0,ordinary,35.0
723,جور,13,10,70.0,44.6,0.638,0.0914,0,ordinary,35.0
724,بغت,13,10,70.0,32.4,0.918,0.311,0,ordinary,35.0
725,خلل,13,11,69.9,15.6,0.856,0.812,0,ordinary,35.0
726,طمءن,13,11,69.7,25.2,0.694,0.553,0,ordinary,34.9
727,قنت,13,8,69.7,45.9,0.431,0.696,0,ordinary,34.8
728,عصم,13,10,69.5,21.6,0.954,0.695,0,ordinary,34.8
729,خزن,13,11,69.5,50.0,0.441,0.0832,0,ordinary,34.7
730,حور,13,10,69.4,77.1,0.263,0.0611,0,ordinary,34.7
731,غلظ,13,10,69.4,42.3,0.461,0.993,0,ordinary,34.7
732,فدی,13,10,69.1,26.5,0.778,0.489,0,ordinary,34.6
733,فوه,13,10,69.1,11.4,0.758,0.92,0,ordinary,34.5
734,ءبی,13,8,69.0,15.4,0.904,0.826,0,ordinary,34.5
735,شبه,12,6,68.8,40.9,0.954,0.171,0,ordinary,34.4
736,شیع,12,9,68.7,48.6,0.623,0.0742,0,ordinary,34.4
737,نیل,12,7,68.7,16.0,0.915,0.799,0,ordinary,34.3
738,نبذ,12,10,68.6,80.3,0.228,0.0957,0,ordinary,34.3
739,حنف,12,9,68.5,27.3,0.59,0.682,0,ordinary,34.3
740,بکر,12,11,68.4,36.8,0.487,0.306,0,ordinary,34.2
741,کنن,12,11,68.1,32.7,0.532,0.331,0,ordinary,34.1
742,طین,12,11,68.1,41.4,0.699,0.138,0,ordinary,34.0
743,طمع,12,10,68.0,34.5,0.547,0.279,0,ordinary,34.0
744,ودی,12,11,67.9,49.4,0.532,0.0731,0,ordinary,34.0
745,رهب,12,10,67.8,15.2,0.951,0.83,0,ordinary,33.9
746,جبی,12,12,67.7,14.9,0.906,0.846,0,ordinary,33.9
747,خطب,12,11,67.7,38.0,0.537,0.208,0,ordinary,33.8
748,حسر,12,12,67.6,20.1,0.715,0.711,0,ordinary,33.8
749,خرر,12,10,67.5,23.6,0.705,0.563,0,ordinary,33.8
750,جحد,12,10,67.5,29.1,0.673,0.415,0,ordinary,33.7
751,درک,12,9,67.4,29.9,0.869,0.377,0,ordinary,33.7
752,نجل,12,6,67.4,34.9,0.704,0.263,0,ordinary,33.7
753,لحم,12,10,67.3,25.9,0.699,0.508,0,ordinary,33.7
754,وصل,12,7,67.1,40.6,0.609,0.17,0,ordinary,33.5
755,طرف,11,11,67.0,41.1,0.794,0.163,0,ordinary,33.5
756,غمم,11,8,66.8,34.2,0.996,0.279,0,ordinary,33.4
757,جمل,11,9,66.8,51.1,0.424,0.0751,0,ordinary,33.4
758,رضع,11,5,66.7,44.7,0.439,0.123,0,ordinary,33.4
759,طبع,11,9,66.7,17.3,0.715,0.792,0,ordinary,33.3
760,عون,11,8,66.6,74.4,0.262,0.692,0,ordinary,33.3
761,شفق,11,9,66.5,68.2,0.335,0.0568,0,ordinary,33.3
762,حصی,11,10,66.4,56.5,0.369,0.332,0,ordinary,33.2
763,فءی,11,6,66.2,42.6,0.608,0.145,0,ordinary,33.1
764,غیظ,11,8,66.1,36.2,0.787,0.22,0,ordinary,33.1
765,سفه,11,5,66.0,30.0,0.838,0.385,0,ordinary,33.0
766,حرب,11,9,65.9,21.9,0.938,0.683,0,ordinary,33.0
767,عدن,11,11,65.8,50.9,0.409,0.48,0,ordinary,32.9
768,طور,11,9,65.8,79.7,0.25,0.119,0,ordinary,32.9
769,وقد,11,10,65.7,84.6,0.216,0.214,0,ordinary,32.9
770,عنب,11,10,65.7,39.2,0.461,0.297,0,ordinary,32.8
771,زبر,11,10,65.6,48.7,0.599,0.0881,0,ordinary,32.8
772,لغو,11,11,65.5,62.4,0.339,0.114,0,ordinary,32.8
773,سحب,11,10,65.4,24.0,0.665,0.575,0,ordinary,32.7
774,ضیع,10,8,65.4,14.3,1,0.863,0,ordinary,32.7
775,جدد,10,8,65.3,48.6,0.428,0.872,0,ordinary,32.7
776,زیل,10,10,65.3,6.1,0.976,0.991,0,ordinary,32.6
777,ملو,10,8,65.1,29.7,0.647,0.382,0,ordinary,32.6
778,قدس,10,7,65.1,37.0,0.489,0.803,0,ordinary,32.5
779,رجس,10,7,65.0,30.3,0.967,0.361,0,ordinary,32.5
780,حیق,10,9,64.9,21.0,0.741,0.681,0,ordinary,32.5
781,رعی,10,9,64.8,75.5,0.262,0.0657,0,ordinary,32.4
782,نقص,10,9,64.7,22.1,0.625,0.846,0,ordinary,32.4
783,عرج,10,9,64.6,72.7,0.302,0.0554,0,ordinary,32.3
784,طول,10,10,64.6,25.0,0.615,0.547,0,ordinary,32.3
785,عتو,10,7,64.5,55.1,0.375,0.151,0,ordinary,32.2
786,سود,10,8,64.4,17.2,0.959,0.784,0,ordinary,32.2
787,دفع,10,8,64.3,51.0,0.589,0.0863,0,ordinary,32.2
788,دمر,10,8,64.3,50.2,0.643,0.0891,0,ordinary,32.1
789,دمو,10,7,64.2,6.0,1,0.992,0,ordinary,32.1
790,جبر,10,9,64.1,29.6,0.663,0.384,0,ordinary,32.1
791,قهر,10,9,64.1,74.0,0.273,0.619,0,ordinary,32.0
792,خیل,10,10,64.0,8.8,0.845,0.958,0,ordinary,32.0
793,ءید,10,8,64.0,19.3,0.673,0.743,0,ordinary,32.0
794,کفل,10,8,63.9,39.1,0.754,0.188,0,ordinary,32.0
795,عزل,10,8,63.8,31.6,0.787,0.345,0,ordinary,31.9
796,ءصل,10,10,63.7,30.1,0.625,0.382,0,ordinary,31.9
797,فیض,9,7,63.6,22.4,0.999,0.634,0,ordinary,31.8
798,غنم,9,6,63.6,55.2,0.381,0.186,0,ordinary,31.8
799,وهن,9,7,63.5,27.5,0.559,0.712,0,ordinary,31.7
800,حلی,9,8,63.4,27.8,0.55,0.613,0,ordinary,31.7
801,دوم,9,6,63.4,33.4,0.61,0.32,0,ordinary,31.7
802,عوج,9,7,63.3,33.6,0.895,0.32,0,ordinary,31.6
803,قذف,9,6,63.2,45.7,0.454,0.123,0,ordinary,31.6
804,عزم,9,7,63.1,20.3,0.795,0.691,0,ordinary,31.5
805,عبر,9,8,63.0,24.5,0.613,0.795,0,ordinary,31.5
806,کنز,9,6,62.9,43.3,0.805,0.137,0,ordinary,31.5
807,نقض,9,7,62.8,88.9,0.169,0.156,0,ordinary,31.4
808,وقر,9,8,62.8,44.1,0.431,0.795,0,ordinary,31.4
809,سبت,9,6,62.7,39.9,0.72,0.157,0,ordinary,31.3
810,حرق,9,8,62.6,39.9,0.461,0.311,0,ordinary,31.3
811,نوم,9,9,62.6,33.9,0.542,0.309,0,ordinary,31.3
812,عنق,9,8,62.5,31.6,0.754,0.345,0,ordinary,31.2
813,عکف,9,7,62.4,34.7,0.874,0.275,0,ordinary,31.2
814,عوم,9,5,62.4,27.9,0.738,0.456,0,ordinary,31.2
815,تجر,9,7,62.3,76.6,0.273,0.921,0,ordinary,31.2
816,زیغ,9,7,62.3,68.6,0.288,0.463,0,ordinary,31.1
817,بثث,9,9,62.2,87.8,0.189,0.109,0,ordinary,31.1
818,قبض,9,6,62.1,44.4,0.618,0.127,0,ordinary,31.1
819,فرج,9,8,62.1,59.8,0.342,0.182,0,ordinary,31.0
820,صعد,9,8,62.0,24.3,0.622,0.585,0,ordinary,31.0
821,برز,9,8,61.7,39.3,0.608,0.208,0,ordinary,30.9
822,همم,9,6,61.7,13.5,0.975,0.862,0,ordinary,30.8
823,ترف,8,7,61.6,54.1,0.592,0.0554,0,ordinary,30.8
824,ءنی,8,8,61.6,67.5,0.304,0.136,0,ordinary,30.8
825,ستت,8,8,61.5,26.6,0.585,0.577,0,ordinary,30.7
826,سقط,8,8,61.4,22.9,0.805,0.642,0,ordinary,30.7
827,سلف,8,7,61.4,23.3,0.796,0.594,0,ordinary,30.7
828,خمس,8,7,61.3,40.9,0.523,0.152,0,ordinary,30.7
829,بهت,8,6,61.3,7.5,0.787,0.972,0,ordinary,30.6
830,رغب,8,7,61.2,90.2,0.163,0.356,0,ordinary,30.6
831,درس,8,7,61.1,16.5,0.758,0.769,0,ordinary,30.6
832,حجب,8,8,61.0,32.3,0.521,0.378,0,ordinary,30.5
833,هبط,8,4,60.9,40.6,0.977,0.187,0,ordinary,30.5
834,فرط,8,6,60.8,40.4,0.913,0.162,0,ordinary,30.4
835,صفح,8,6,60.8,51.3,0.391,0.265,0,ordinary,30.4
836,صلب,8,7,60.7,60.8,0.346,0.387,0,ordinary,30.4
837,برهن,8,7,60.7,14.1,0.896,0.846,0,ordinary,30.3
838,سری,8,8,60.6,48.1,0.431,0.108,0,ordinary,30.3
839,وبل,8,6,60.5,47.3,0.424,0.297,0,ordinary,30.2
840,کلف,8,7,60.4,14.6,0.86,0.82,0,ordinary,30.2
841,عیش,8,8,60.3,87.6,0.188,0.0957,0,ordinary,30.1
842,خسف,8,7,60.1,44.3,0.434,0.288,0,ordinary,30.0
843,خضر,8,7,60.0,41.7,0.555,0.166,0,ordinary,30.0
844,لطف,8,8,60.0,14.2,0.705,0.892,0,ordinary,30.0
845,حظظ,7,5,59.9,25.6,0.961,0.55,0,ordinary,30.0
846,زکر,7,4,59.8,56.3,0.736,0.0601,0,ordinary,29.9
847,ندم,7,6,59.7,31.9,0.714,0.353,0,ordinary,29.8
848,برج,7,6,59.5,57.1,0.369,0.223,0,ordinary,29.7
849,سکر,7,5,59.4,42.2,0.425,0.208,0,ordinary,29.7
850,بخس,7,6,59.4,24.7,0.736,0.553,0,ordinary,29.7
851,مکث,7,7,59.2,36.5,0.86,0.273,0,ordinary,29.6
852,نسک,7,3,59.1,52.6,0.637,0.072,0,ordinary,29.6
853,فیء,7,5,59.1,74.4,0.27,0.286,0,ordinary,29.5
854,بعل,7,5,59.0,43.0,0.634,0.155,0,ordinary,29.5
855,دلل,7,5,59.0,49.0,0.392,0.781,0,ordinary,29.5
856,موج,7,5,58.9,28.9,0.678,0.429,0,ordinary,29.5
857,غرف,7,5,58.8,27.5,0.752,0.462,0,ordinary,29.4
858,عقد,7,5,58.6,91.7,0.133,0.462,0,ordinary,29.3
859,عمه,7,7,58.5,23.5,0.953,0.571,0,ordinary,29.2
860,عمد,7,7,58.4,89.5,0.148,0.235,0,ordinary,29.2
861,نکث,7,5,58.4,33.0,0.561,0.338,0,ordinary,29.2
862,نصف,7,3,58.3,76.0,0.243,0.212,0,ordinary,29.2
863,خول,7,5,58.3,27.0,0.732,0.48,0,ordinary,29.1
864,خمر,7,5,58.2,23.8,0.793,0.559,0,ordinary,29.1
865,خطف,7,6,58.1,50.1,0.679,0.0936,0,ordinary,29.1
866,قسو,7,6,58.1,14.5,0.963,0.809,0,ordinary,29.0
867,ءسر,6,4,57.8,75.3,0.245,0.149,0,ordinary,28.9
868,همن,6,3,57.7,62.1,0.464,0.0519,0,ordinary,28.9
869,وطء,6,4,57.6,39.4,0.447,0.612,0,ordinary,28.8
870,بکم,6,5,57.5,10.1,1,0.889,0,ordinary,28.7
871,نزغ,6,4,57.4,41.5,0.638,0.206,0,ordinary,28.7
872,کظم,6,6,57.4,24.6,0.675,0.546,0,ordinary,28.7
873,تبر,6,4,57.3,53.6,0.43,0.0832,0,ordinary,28.7
874,خلط,6,6,57.1,10.1,0.977,0.868,0,ordinary,28.5
875,حرف,6,5,57.0,5.1,0.977,0.992,0,ordinary,28.5
876,حبر,6,4,56.9,31.3,0.795,0.376,0,ordinary,28.5
877,لحد,6,6,56.8,19.9,0.663,0.702,0,ordinary,28.4
878,دءب,6,5,56.8,16.2,0.751,0.747,0,ordinary,28.4
879,قصد,6,5,56.7,35.9,0.479,0.795,0,ordinary,28.4
880,مقت,6,4,56.7,55.6,0.375,0.101,0,ordinary,28.3
881,شفی,6,6,56.6,24.2,0.913,0.579,0,ordinary,28.3
882,ردی,6,6,56.6,72.0,0.272,0.0936,0,ordinary,28.3
883,ءدی,6,4,56.5,22.8,0.849,0.619,0,ordinary,28.2
884,زور,6,5,56.4,93.2,0.127,0.471,0,ordinary,28.2
885,حصد,6,6,56.3,14.9,0.791,0.778,0,ordinary,28.2
886,حمی,6,5,56.2,93.0,0.129,0.0881,0,ordinary,28.1
887,ذرء,6,6,56.1,25.2,0.705,0.534,0,ordinary,28.1
888,سدد,6,4,56.1,49.6,0.501,0.115,0,ordinary,28.0
889,حصر,6,5,56.0,2.2,1,1,0,ordinary,28.0
890,غیث,6,5,56.0,23.9,0.613,0.575,0,ordinary,28.0
891,ثقف,6,6,55.8,5.0,0.799,1,0,ordinary,27.9
892,فزع,6,4,55.8,49.7,0.465,0.117,0,ordinary,27.9
893,فرغ,6,6,55.7,92.9,0.157,0.19,0,ordinary,27.9
894,لحق,6,6,55.7,46.1,0.422,0.378,0,ordinary,27.8
895,ندد,6,5,55.6,10.8,0.819,0.868,0,ordinary,27.8
896,کرر,6,6,55.5,46.0,0.432,0.14,0,ordinary,27.7
897,غرم,6,5,55.4,51.7,0.413,0.0776,0,ordinary,27.7
898,ضوء,6,5,55.3,32.0,0.974,0.383,0,ordinary,27.7
899,حسس,6,4,55.2,16.0,0.739,0.756,0,ordinary,27.6
900,حمر,6,6,55.0,56.6,0.369,0.552,0,ordinary,27.5
901,فخر,6,5,54.9,48.2,0.414,0.295,0,ordinary,27.5
902,خنزر,5,4,54.7,4.1,0.996,1,0,ordinary,27.4
903,رفق,5,3,54.7,52.7,0.638,0.102,0,ordinary,27.3
904,کسف,5,5,54.6,32.9,0.547,0.353,0,ordinary,27.3
905,نقذ,5,4,54.6,33.3,0.523,0.577,0,ordinary,27.3
906,لزم,5,5,54.4,24.9,0.763,0.549,0,ordinary,27.2
907,طوی,5,4,54.3,56.7,0.365,0.0678,0,ordinary,27.1
908,ربط,5,4,54.2,8.2,0.744,0.912,0,ordinary,27.1
909,لوی,5,3,54.1,33.3,0.51,1,0,ordinary,27.1
910,مید,5,4,54.1,32.1,0.763,0.378,0,ordinary,27.0
911,مضی,5,5,54.0,34.5,0.654,0.341,0,ordinary,27.0
912,مصر,5,4,54.0,16.3,0.809,0.72,0,ordinary,27.0
913,قتر,5,5,53.9,47.4,0.417,0.278,0,ordinary,27.0
914,قدد,5,2,53.9,65.5,0.324,0.117,0,ordinary,26.9
915,هلل,5,4,53.8,2.4,1,1,0,ordinary,26.9
916,صنم,5,5,53.7,30.9,0.894,0.415,0,ordinary,26.9
917,ذمم,5,3,53.7,54.9,0.522,0.0841,0,ordinary,26.8
918,حوت,5,4,53.6,55.9,0.542,0.072,0,ordinary,26.8
919,نکل,5,5,53.6,53.8,0.364,0.409,0,ordinary,26.8
920,صفر,5,5,53.5,39.7,0.461,0.43,0,ordinary,26.7
921,صدف,5,2,53.4,53.3,0.659,0.103,0,ordinary,26.7
922,فرد,5,4,53.4,53.1,0.618,0.0957,0,ordinary,26.7
923,طرد,5,3,53.3,57.1,0.799,0.0635,0,ordinary,26.6
924,درء,5,5,53.2,9.9,0.942,0.862,0,ordinary,26.6
925,عمم,5,3,53.1,29.5,0.627,0.455,0,ordinary,26.6
926,قطر,5,5,53.1,27.9,0.627,0.469,0,ordinary,26.5
927,عثو,5,5,53.0,26.0,0.961,0.501,0,ordinary,26.5
928,نفد,5,4,53.0,45.9,0.638,0.155,0,ordinary,26.5
929,سنبل,5,2,52.9,56.8,0.666,0.0713,0,ordinary,26.5
930,حرص,5,5,52.8,4.8,1,0.993,0,ordinary,26.4
931,بور,5,4,52.7,41.8,0.434,0.767,0,ordinary,26.4
932,قفو,5,4,52.7,31.4,0.522,0.546,0,ordinary,26.3
933,جوع,5,5,52.6,96.4,0.0672,0.0692,0,ordinary,26.3
934,جثم,5,3,52.5,27.7,0.787,0.479,0,ordinary,26.2
935,رعب,5,5,52.4,7.1,0.754,0.953,0,ordinary,26.2
936,کمل,5,3,52.4,36.0,0.992,0.32,0,ordinary,26.2
937,عتب,5,4,52.3,41.9,0.428,0.463,0,ordinary,26.2
938,خطو,5,3,52.3,12.9,0.812,0.8,0,ordinary,26.1
939,خیب,5,4,52.2,83.7,0.213,0.181,0,ordinary,26.1
940,خوی,5,5,52.1,24.8,0.627,0.553,0,ordinary,26.1
941,عصب,5,4,52.1,35.8,0.804,0.314,0,ordinary,26.0
942,کسو,5,4,52.0,6.6,0.997,0.953,0,ordinary,26.0
943,طمس,5,5,51.9,51.4,0.399,0.129,0,ordinary,26.0
944,جوز,5,5,51.8,7.1,0.913,0.938,0,ordinary,25.9
945,عنت,5,5,51.7,6.8,0.824,0.941,0,ordinary,25.9
946,مرد,5,5,51.7,20.4,0.905,0.666,0,ordinary,25.8
947,سبط,5,4,51.6,19.1,1,0.703,0,ordinary,25.8
948,ثور,5,4,51.6,91.4,0.166,0.462,0,ordinary,25.8
949,کوکب,5,5,51.5,75.5,0.272,0.205,0,ordinary,25.7
950,لمس,5,5,51.4,20.2,0.627,0.846,0,ordinary,25.7
951,زهق,5,3,51.3,33.7,0.751,0.354,0,ordinary,25.7
952,شرح,5,5,51.3,93.7,0.13,0.258,0,ordinary,25.6
953,شحح,5,4,51.2,44.4,0.411,0.591,0,ordinary,25.6
954,شرع,5,4,51.1,31.2,0.513,0.548,0,ordinary,25.6
955,هزز,5,5,51.0,23.4,0.758,0.583,0,ordinary,25.5
956,فوت,5,5,50.9,44.3,0.431,0.769,0,ordinary,25.5
957,شتت,5,5,50.9,93.4,0.129,0.0852,0,ordinary,25.4
958,ثبر,5,3,50.8,82.7,0.211,0.0529,0,ordinary,25.4
959,برد,5,5,50.7,60.2,0.375,0.0543,0,ordinary,25.4
960,صرخ,5,4,50.7,39.6,0.472,0.234,0,ordinary,25.3
961,وزع,5,3,50.6,59.4,0.354,0.0519,0,ordinary,25.3
962,هیت,5,5,50.5,16.5,0.925,0.72,0,ordinary,25.2
963,لین,5,5,50.4,12.1,0.687,0.836,0,ordinary,25.2
964,وسط,5,4,50.4,90.5,0.178,0.403,0,ordinary,25.2
965,خدع,5,3,50.3,39.7,0.982,0.236,0,ordinary,25.1
966,حصب,5,5,50.2,36.7,0.474,0.288,0,ordinary,25.1
967,سدس,5,3,50.1,38.6,0.71,0.272,0,ordinary,25.1
968,جلو,5,4,50.1,91.8,0.172,0.0914,0,ordinary,25.0
969,حیص,5,5,50.0,23.0,0.585,0.773,0,ordinary,25.0
970,نشز,5,3,50.0,51.0,0.395,0.8,0,ordinary,25.0
971,دلو,5,4,49.9,39.8,0.673,0.235,0,ordinary,25.0
972,خرص,5,4,49.9,25.3,0.654,0.54,0,ordinary,24.9
973,قرف,5,3,49.8,42.4,0.764,0.226,0,ordinary,24.9
974,بغض,5,3,49.7,22.9,0.595,1,0,ordinary,24.8
975,رقی,4,3,49.6,62.7,0.334,0.0543,0,ordinary,24.8
976,سقف,4,4,49.6,44.9,0.529,0.195,0,ordinary,24.8
977,کعب,4,2,49.5,52.3,0.377,0.217,0,ordinary,24.8
978,ءمس,4,2,49.3,40.2,0.454,0.409,0,ordinary,24.6
979,ءسی,4,3,49.2,20.8,0.776,0.637,0,ordinary,24.6
980,قلد,4,3,49.1,5.8,0.757,0.958,0,ordinary,24.6
981,لمز,4,3,49.1,93.7,0.13,0.291,0,ordinary,24.5
982,سجل,4,4,49.0,94.9,0.127,0.165,0,ordinary,24.5
983,بدع,4,4,49.0,7.2,0.754,0.948,0,ordinary,24.5
984,زلل,4,3,48.9,7.3,1,0.912,0,ordinary,24.5
985,یبس,4,3,48.9,35.6,0.777,0.345,0,ordinary,24.4
986,ءیک,4,4,48.8,56.6,0.505,0.0891,0,ordinary,24.4
987,عزر,4,4,48.7,2.7,0.877,0.993,0,ordinary,24.4
988,وفق,4,3,48.7,44.0,0.459,0.193,0,ordinary,24.3
989,وقف,4,3,48.6,52.0,0.739,0.142,0,ordinary,24.3
990,بول,4,3,48.6,57.2,0.356,0.329,0,ordinary,24.3
991,نسل,4,4,48.4,23.5,0.576,0.602,0,ordinary,24.2
992,عفف,4,3,48.4,15.2,0.763,0.718,0,ordinary,24.2
993,قلم,4,4,48.3,86.5,0.189,0.145,0,ordinary,24.2
994,عجم,4,3,48.2,43.4,0.481,0.208,0,ordinary,24.1
995,طوق,4,2,48.1,8.7,0.985,0.874,0,ordinary,24.1
996,طلب,4,3,48.0,35.9,0.701,0.328,0,ordinary,24.0
997,نسخ,4,4,47.9,8.2,0.787,0.906,0,ordinary,23.9
998,نفل,4,3,47.7,44.6,0.626,0.193,0,ordinary,23.8
999,دحض,4,4,47.6,37.2,0.732,0.32,0,ordinary,23.8
1000,دخر,4,4,47.6,37.3,0.764,0.32,0,ordinary,23.8
1001,درر,4,4,47.5,29.0,0.527,0.712,0,ordinary,23.8
1002,عور,4,2,47.4,43.5,0.523,0.217,0,ordinary,23.7
1003,غسل,4,4,47.3,30.5,0.533,0.436,0,ordinary,23.7
1004,لجج,4,4,47.1,28.7,0.527,0.485,0,ordinary,23.6
1005,غضض,4,3,47.1,48.4,0.417,0.605,0,ordinary,23.5
1006,مزق,4,1,47.0,86.7,0.19,0.194,0,ordinary,23.5
1007,قنطر,4,2,47.0,10.0,0.86,0.834,0,ordinary,23.5
1008,قصو,4,4,46.9,14.4,0.75,0.72,0,ordinary,23.5
1009,طفل,4,3,46.9,26.3,0.638,0.523,0,ordinary,23.4
1010,سمر,4,2,46.7,59.0,0.413,0.0802,0,ordinary,23.4
1011,خفض,4,4,46.7,50.5,0.55,0.165,0,ordinary,23.3
1012,ودع,4,4,46.6,90.8,0.19,0.28,0,ordinary,23.3
1013,خصص,4,4,46.5,6.3,0.744,0.945,0,ordinary,23.3
1014,دحر,4,3,46.4,24.4,0.705,0.576,0,ordinary,23.2
1015,خرق,4,3,46.4,36.1,0.764,0.336,0,ordinary,23.2
1016,خسء,4,4,46.3,23.7,0.641,0.569,0,ordinary,23.2
1017,جدر,4,3,46.3,33.9,0.608,0.378,0,ordinary,23.1
1018,غوث,4,4,46.1,43.6,0.413,0.613,0,ordinary,23.1
1019,غور,4,3,46.1,31.5,0.574,0.409,0,ordinary,23.0
1020,نحت,4,4,46.0,58.7,0.736,0.0776,0,ordinary,23.0
1021,سول,4,3,45.9,19.9,0.638,0.769,0,ordinary,23.0
1022,جرح,4,3,45.9,7.9,0.736,0.991,0,ordinary,22.9
1023,کرب,4,3,45.8,57.8,0.527,0.0742,0,ordinary,22.9
1024,سرج,4,4,45.6,69.4,0.303,0.186,0,ordinary,22.8
1025,سرب,4,4,45.6,45.3,0.427,0.419,0,ordinary,22.8
1026,حیض,4,2,45.5,78.4,0.273,0.449,0,ordinary,22.8
1027,سفح,4,3,45.4,13.5,0.996,0.769,0,ordinary,22.7
1028,رکن,4,3,45.4,30.6,0.547,0.413,0,ordinary,22.7
1029,جسد,4,4,45.3,53.9,0.778,0.109,0,ordinary,22.7
1030,سخط,4,4,45.3,2.4,0.829,0.998,0,ordinary,22.6
1031,سحت,4,2,45.2,52.9,0.713,0.127,0,ordinary,22.6
1032,هیء,4,3,45.1,27.6,0.807,0.473,0,ordinary,22.6
1033,شیخ,4,4,45.1,11.5,0.877,0.799,0,ordinary,22.5
1034,صرح,4,3,45.0,43.9,0.6,0.221,0,ordinary,22.5
1035,شءن,4,4,45.0,69.7,0.291,0.0657,0,ordinary,22.5
1036,سیل,4,2,44.9,61.6,0.343,0.231,0,ordinary,22.5
1037,ورق,4,4,44.9,12.3,0.976,0.781,0,ordinary,22.4
1038,فشل,4,2,44.8,24.5,0.673,0.546,0,ordinary,22.4
1039,میز,4,4,44.7,28.0,0.527,0.466,0,ordinary,22.4
1040,مهن,4,4,44.6,74.3,0.274,0.117,0,ordinary,22.3
1041,شور,4,4,44.4,12.2,0.866,0.789,0,ordinary,22.2
1042,فور,4,4,44.4,28.8,0.613,0.469,0,ordinary,22.2
1043,رذل,4,4,44.3,35.2,0.861,0.353,0,ordinary,22.2
1044,رحب,4,2,44.2,59.7,0.447,0.0657,0,ordinary,22.1
1045,هنء,4,4,44.1,73.8,0.274,0.0529,0,ordinary,22.0
1046,ءمد,4,4,44.0,31.9,0.487,0.644,0,ordinary,22.0
1047,زخرف,4,4,43.9,11.3,0.852,0.793,0,ordinary,22.0
1048,زفر,3,3,43.8,11.2,0.736,0.764,0,ordinary,21.9
1049,ءلو,3,3,43.6,4.2,0.983,0.986,0,ordinary,21.8
1050,ءنف,3,2,43.6,22.8,0.638,0.563,0,ordinary,21.8
1051,ستر,3,3,43.5,17.5,0.739,0.635,0,ordinary,21.8
1052,سءم,3,2,43.4,42.3,0.432,0.383,0,ordinary,21.7
1053,ردف,3,3,43.2,60.4,0.346,0.193,0,ordinary,21.6
1054,شطط,3,3,43.0,45.4,0.428,0.228,0,ordinary,21.5
1055,هزم,3,3,43.0,51.8,0.564,0.171,0,ordinary,21.5
1056,جزء,3,3,42.9,30.4,0.675,0.429,0,ordinary,21.5
1057,کبت,3,2,42.8,74.1,0.272,0.281,0,ordinary,21.4
1058,سیح,3,2,42.7,41.2,0.454,0.958,0,ordinary,21.4
1059,وتر,3,3,42.6,75.8,0.274,0.132,0,ordinary,21.3
1060,وثن,3,2,42.5,42.9,0.461,0.285,0,ordinary,21.3
1061,وجس,3,3,42.4,43.7,0.575,0.264,0,ordinary,21.2
1062,شکو,3,3,42.4,18.0,0.626,0.881,0,ordinary,21.2
1063,شیب,3,3,42.3,58.5,0.357,0.355,0,ordinary,21.2
1064,صبء,3,3,42.3,6.8,0.974,0.912,0,ordinary,21.1
1065,برح,3,3,42.2,17.3,0.857,0.644,0,ordinary,21.1
1066,برزخ,3,3,42.2,47.4,0.522,0.23,0,ordinary,21.1
1067,صبغ,3,2,42.0,40.4,0.907,0.311,0,ordinary,21.0
1068,صبو,3,2,42.0,55.4,0.531,0.124,0,ordinary,21.0
1069,صخر,3,3,41.9,73.9,0.265,0.187,0,ordinary,21.0
1070,ذرو,3,2,41.8,82.6,0.222,0.0936,0,ordinary,20.9
1071,ذقن,3,2,41.7,43.1,0.551,0.259,0,ordinary,20.9
1072,صرصر,3,3,41.7,66.2,0.303,0.126,0,ordinary,20.8
1073,هطع,3,3,41.6,69.9,0.283,0.134,0,ordinary,20.8
1074,همز,3,3,41.6,95.6,0.13,0.0713,0,ordinary,20.8
1075,سوغ,3,3,41.5,10.4,0.662,0.773,0,ordinary,20.8
1076,جلت,3,1,41.4,44.7,0.954,0.27,0,ordinary,20.7
1077,لذذ,3,3,41.4,54.0,0.542,0.155,0,ordinary,20.7
1078,جدث,3,3,41.3,71.7,0.267,0.0529,0,ordinary,20.6
1079,متن,3,3,41.2,57.3,0.369,0.114,0,ordinary,20.6
1080,محو,3,3,41.2,10.2,0.664,0.791,0,ordinary,20.6
1081,جذع,3,2,41.1,62.6,0.521,0.0751,0,ordinary,20.5
1082,جود,3,3,41.0,96.5,0.112,0.117,0,ordinary,20.5
1083,ضجع,3,3,40.9,14.2,0.637,0.967,0,ordinary,20.5
1084,طفء,3,3,40.9,38.9,0.464,0.993,0,ordinary,20.4
1085,ضغث,3,3,40.8,27.7,0.699,0.469,0,ordinary,20.4
1086,لجء,3,2,40.7,10.9,0.69,0.765,0,ordinary,20.4
1087,جیب,3,3,40.7,22.6,0.754,0.554,0,ordinary,20.3
1088,رغد,3,2,40.6,12.4,0.982,0.736,0,ordinary,20.3
1089,سلل,3,3,40.6,30.8,0.523,0.619,0,ordinary,20.3
1090,سلو,3,3,40.5,15.3,0.982,0.645,0,ordinary,20.3
1091,ظمء,3,3,40.4,10.3,0.849,0.792,0,ordinary,20.2
1092,طفق,3,3,40.4,27.2,0.754,0.462,0,ordinary,20.2
1093,نکس,3,3,40.3,39.4,0.454,0.365,0,ordinary,20.2
1094,نکف,3,1,40.3,53.4,0.758,0.148,0,ordinary,20.1
1095,نقب,3,3,40.2,17.9,0.62,0.697,0,ordinary,20.1
1096,خیط,3,2,40.1,18.0,1,0.651,0,ordinary,20.0
1097,بهج,3,3,40.0,27.2,0.544,0.531,0,ordinary,20.0
1098,بهم,3,2,39.9,41.2,0.626,0.29,0,ordinary,20.0
1099,ءفق,3,3,39.9,86.1,0.215,0.0519,0,ordinary,19.9
1100,حرض,3,3,39.7,5.1,0.913,0.96,0,ordinary,19.8
1101,مرح,3,3,39.6,16.3,0.647,0.648,0,ordinary,19.8
1102,سندس,3,3,39.6,62.6,0.334,0.194,0,ordinary,19.8
1103,أله,3,3,39.5,58.6,0.673,0.102,0,ordinary,19.8
1104,عری,3,3,39.4,59.3,0.439,0.0891,0,ordinary,19.7
1105,ءسو,3,2,39.4,84.7,0.234,0.439,0,ordinary,19.7
1106,ءصر,3,3,39.3,2.5,1,0.992,0,ordinary,19.7
1107,ءفف,3,3,39.3,22.0,0.667,0.583,0,ordinary,19.6
1108,نضد,3,3,39.2,55.5,0.413,0.125,0,ordinary,19.6
1109,نسب,3,3,39.1,46.1,0.659,0.222,0,ordinary,19.5
1110,خفت,3,3,39.0,35.3,0.48,0.456,0,ordinary,19.5
1111,عرو,3,3,39.0,7.0,0.736,0.904,0,ordinary,19.5
1112,سلخ,3,3,38.9,16.2,0.794,0.641,0,ordinary,19.5
1113,سلسل,3,3,38.9,69.6,0.286,0.1,0,ordinary,19.4
1114,رمن,3,2,38.7,53.7,0.585,0.152,0,ordinary,19.4
1115,رهط,3,2,38.7,49.5,0.671,0.208,0,ordinary,19.3
1116,رهن,3,3,38.6,64.3,0.322,0.203,0,ordinary,19.3
1117,خذل,3,3,38.4,14.1,0.838,0.704,0,ordinary,19.2
1118,عیر,3,1,38.4,39.0,0.454,0.386,0,ordinary,19.2
1119,قرح,3,1,38.3,37.2,0.741,0.377,0,ordinary,19.2
1120,قرد,3,3,38.3,2.6,1,0.991,0,ordinary,19.1
1121,قبس,3,3,38.2,37.3,0.638,0.344,0,ordinary,19.1
1122,نحس,3,3,38.1,58.4,0.369,0.0841,0,ordinary,19.0
1123,خبت,3,2,38.0,46.0,0.603,0.225,0,ordinary,19.0
1124,رکض,3,2,37.9,36.9,0.493,0.37,0,ordinary,19.0
1125,رکم,3,3,37.9,35.0,0.487,0.456,0,ordinary,18.9
1126,سربل,3,2,37.8,40.8,0.627,0.277,0,ordinary,18.9
1127,فرت,3,3,37.7,62.8,0.34,0.206,0,ordinary,18.8
1128,فتر,3,3,37.6,29.5,0.741,0.444,0,ordinary,18.8
1129,فتل,3,2,37.6,5.5,0.906,0.953,0,ordinary,18.8
1130,حوج,3,3,37.5,20.3,0.596,0.792,0,ordinary,18.8
1131,فزز,3,1,37.4,45.8,0.431,0.247,0,ordinary,18.7
1132,فسح,3,1,37.4,91.4,0.16,0.0511,0,ordinary,18.7
1133,فجج,3,3,37.3,50.3,0.403,0.4,0,ordinary,18.7
1134,نءی,3,3,37.3,12.1,0.787,0.728,0,ordinary,18.6
1135,حفو,3,3,37.2,15.6,0.678,0.678,0,ordinary,18.6
1136,فقد,3,2,37.0,49.9,0.667,0.206,0,ordinary,18.5
1137,لفت,3,3,36.9,31.1,0.709,0.431,0,ordinary,18.5
1138,لفف,3,3,36.9,82.2,0.234,0.0841,0,ordinary,18.4
1139,لفو,3,3,36.8,41.9,0.854,0.27,0,ordinary,18.4
1140,لقف,3,3,36.7,37.4,0.861,0.345,0,ordinary,18.4
1141,لقم,3,2,36.7,71.2,0.278,0.0704,0,ordinary,18.3
1142,ءسس,3,1,36.6,66.6,0.618,0.0601,0,ordinary,18.3
1143,زجو,3,3,36.6,8.8,0.829,0.826,0,ordinary,18.3
1144,ءزر,3,3,36.4,19.4,0.709,0.613,0,ordinary,18.2
1145,ءرب,2,2,36.4,25.0,0.739,0.471,0,ordinary,18.2
1146,کمم,2,2,36.3,47.7,0.425,0.266,0,ordinary,18.1
1147,یسع,2,2,36.2,25.8,0.696,0.461,0,ordinary,18.1
1148,کرس,2,2,36.1,22.5,0.751,0.525,0,ordinary,18.0
1149,کبب,2,2,36.0,52.1,0.391,0.405,0,ordinary,18.0
1150,ءمل,2,2,36.0,14.6,0.596,0.624,0,ordinary,18.0
1151,ءمو,2,2,35.9,1.2,0.907,0.998,0,ordinary,18.0
1152,رکس,2,1,35.9,29.8,0.871,0.421,0,ordinary,17.9
1153,سبغ,2,2,35.8,32.3,0.515,0.748,0,ordinary,17.9
1154,زود,2,1,35.7,23.9,0.974,0.486,0,ordinary,17.9
1155,سبء,2,2,35.7,30.7,0.625,0.429,0,ordinary,17.8
1156,زجج,2,1,35.6,35.0,0.502,0.382,0,ordinary,17.8
1157,زحزح,2,2,35.6,2.6,1,0.972,0,ordinary,17.8
1158,وسم,2,2,35.5,65.8,0.326,0.288,0,ordinary,17.8
1159,وصب,2,2,35.4,35.1,0.673,0.37,0,ordinary,17.7
1160,وطر,2,1,35.4,42.7,0.51,0.315,0,ordinary,17.7
1161,ءوه,2,2,35.3,8.6,0.906,0.794,0,ordinary,17.7
1162,ودق,2,2,35.3,10.2,0.636,0.826,0,ordinary,17.6
1163,وسل,2,2,35.2,8.5,0.886,0.809,0,ordinary,17.6
1164,وبق,2,2,35.1,24.1,0.671,0.501,0,ordinary,17.5
1165,وجف,2,2,35.0,82.2,0.219,0.186,0,ordinary,17.5
1166,رمم,2,2,34.9,63.6,0.389,0.123,0,ordinary,17.5
1167,سرمد,2,1,34.9,55.0,0.527,0.204,0,ordinary,17.4
1168,سعد,2,1,34.8,58.9,0.59,0.156,0,ordinary,17.4
1169,روض,2,2,34.7,22.2,0.558,0.596,0,ordinary,17.4
1170,بخع,2,2,34.7,38.7,0.791,0.363,0,ordinary,17.3
1171,بدر,2,2,34.6,7.4,0.996,0.846,0,ordinary,17.3
1172,بدن,2,2,34.6,15.0,0.787,0.632,0,ordinary,17.3
1173,هور,2,1,34.5,40.0,0.705,0.344,0,ordinary,17.3
1174,هیج,2,2,34.5,22.2,0.576,0.652,0,ordinary,17.2
1175,هیمن,2,2,34.3,24.9,0.528,0.974,0,ordinary,17.2
1176,برص,2,2,34.2,5.6,0.976,0.912,0,ordinary,17.1
1177,رفت,2,1,34.0,22.0,0.571,0.639,0,ordinary,17.0
1178,رفث,2,1,34.0,24.0,0.974,0.489,0,ordinary,17.0
1179,رفد,2,1,33.9,58.8,0.6,0.154,0,ordinary,17.0
1180,سفک,2,1,33.9,11.2,0.972,0.703,0,ordinary,16.9
1181,رقد,2,2,33.7,34.3,0.613,0.379,0,ordinary,16.9
1182,بزغ,2,1,33.7,48.9,0.791,0.272,0,ordinary,16.8
1183,بسر,2,2,33.6,87.2,0.202,0.072,0,ordinary,16.8
1184,هشم,2,2,33.6,50.6,0.487,0.257,0,ordinary,16.8
1185,هضم,2,2,33.5,57.3,0.73,0.171,0,ordinary,16.8
1186,هلم,2,2,33.5,9.9,0.866,0.758,0,ordinary,16.7
1187,بسل,2,1,33.3,48.9,0.787,0.259,0,ordinary,16.7
1188,سین,2,2,33.2,96.6,0.122,0.0529,0,ordinary,16.6
1189,رطب,2,2,33.1,17.9,0.792,0.561,0,ordinary,16.5
1190,رعد,2,2,33.0,13.6,0.791,0.65,0,ordinary,16.5
1191,بطر,2,2,33.0,9.6,0.739,0.771,0,ordinary,16.5
1192,هبو,2,2,32.9,57.5,0.426,0.175,0,ordinary,16.4
1193,هرع,2,2,32.8,57.4,0.682,0.19,0,ordinary,16.4
1194,بعر,2,1,32.7,49.1,0.589,0.27,0,ordinary,16.4
1195,نکب,2,2,32.7,54.0,0.375,0.295,0,ordinary,16.3
1196,نکص,2,2,32.6,24.8,0.667,0.493,0,ordinary,16.3
1197,بنن,2,2,32.6,77.7,0.242,0.246,0,ordinary,16.3
1198,نعس,2,2,32.5,9.8,0.86,0.771,0,ordinary,16.3
1199,نفش,2,2,32.5,96.9,0.125,0.18,0,ordinary,16.2
1200,نصت,2,2,32.3,13.8,0.647,0.647,0,ordinary,16.2
1201,تبت,2,2,32.3,17.5,0.907,0.574,0,ordinary,16.1
1202,رجأ,2,2,32.2,36.4,0.86,0.367,0,ordinary,16.1
1203,شخص,2,2,32.1,15.3,0.625,0.591,0,ordinary,16.0
1204,رسخ,2,2,32.0,0.5,0.996,1,0,ordinary,16.0
1205,رسس,2,2,32.0,44.0,0.437,0.452,0,ordinary,16.0
1206,نسء,2,2,31.9,6.1,0.704,0.885,0,ordinary,15.9
1207,نحل,2,2,31.8,8.0,0.952,0.826,0,ordinary,15.9
1208,تنر,2,2,31.7,27.6,0.736,0.449,0,ordinary,15.9
1209,تور,2,2,31.7,29.0,0.777,0.433,0,ordinary,15.8
1210,نبع,2,2,31.6,15.0,0.741,0.603,0,ordinary,15.8
1211,ثخن,2,2,31.6,25.7,0.53,0.82,0,ordinary,15.8
1212,ثرب,2,2,31.5,8.9,0.796,0.795,0,ordinary,15.8
1213,ثعب,2,2,31.5,38.1,0.86,0.369,0,ordinary,15.7
1214,شهق,2,2,31.4,45.2,0.447,0.4,0,ordinary,15.7
1215,شطء,2,2,31.3,17.4,0.577,0.777,0,ordinary,15.7
1216,شغل,2,2,31.3,33.8,0.465,0.384,0,ordinary,15.6
1217,شفو,2,2,31.2,8.4,0.972,0.795,0,ordinary,15.6
1218,ملح,2,2,31.1,19.6,0.568,0.566,0,ordinary,15.5
1219,ملق,2,2,31.0,12.3,0.901,0.673,0,ordinary,15.5
1220,جبب,2,1,31.0,58.8,0.596,0.162,0,ordinary,15.5
1221,محص,2,1,30.9,7.3,0.842,0.844,0,ordinary,15.5
1222,محق,2,2,30.9,4.9,1,0.947,0,ordinary,15.4
1223,محن,2,2,30.8,72.4,0.297,0.905,0,ordinary,15.4
1224,مخر,2,2,30.7,25.4,0.654,0.463,0,ordinary,15.4
1225,جذذ,2,2,30.7,26.4,0.751,0.463,0,ordinary,15.3
1226,جرد,2,2,30.6,39.2,0.528,0.352,0,ordinary,15.3
1227,جرز,2,2,30.6,38.9,0.454,0.696,0,ordinary,15.3
1228,جزع,2,2,30.5,71.5,0.273,0.241,0,ordinary,15.3
1229,لهث,2,1,30.5,61.2,0.819,0.14,0,ordinary,15.2
1230,لقط,2,2,30.4,13.6,0.803,0.669,0,ordinary,15.2
1231,لمح,2,2,30.3,48.3,0.499,0.28,0,ordinary,15.2
1232,صغو,2,2,30.2,52.1,0.392,0.954,0,ordinary,15.1
1233,صفد,2,2,30.2,30.0,0.557,0.425,0,ordinary,15.1
1234,صبع,2,2,30.1,56.7,0.369,0.218,0,ordinary,15.0
1235,صدی,2,2,30.0,83.5,0.221,0.0826,0,ordinary,15.0
1236,شوی,2,2,30.0,67.0,0.339,0.26,0,ordinary,15.0
1237,شکل,2,2,29.9,32.9,0.634,0.378,0,ordinary,15.0
1238,شید,2,2,29.9,8.3,0.866,0.811,0,ordinary,14.9
1239,جسم,2,2,29.8,72.3,0.273,0.998,0,ordinary,14.9
1240,جلب,2,2,29.7,11.1,0.791,0.696,0,ordinary,14.9
1241,لدد,2,2,29.6,22.6,0.823,0.513,0,ordinary,14.8
1242,لغب,2,2,29.5,49.7,0.417,0.455,0,ordinary,14.8
1243,دهر,2,2,29.5,71.6,0.31,0.303,0,ordinary,14.7
1244,دول,2,2,29.4,23.3,0.558,0.811,0,ordinary,14.7
1245,صنو,2,1,29.3,61.4,0.346,0.322,0,ordinary,14.7
1246,صهر,2,2,29.3,23.0,0.641,0.484,0,ordinary,14.6
1247,ذبب,2,1,29.2,60.0,0.454,0.148,0,ordinary,14.6
1248,جنف,2,2,29.2,0.6,0.998,1,0,ordinary,14.6
1249,جنی,2,2,29.1,58.0,0.452,0.177,0,ordinary,14.6
1250,قوع,2,2,29.0,14.7,0.738,0.612,0,ordinary,14.5
1251,قیض,2,2,29.0,23.2,0.547,0.522,0,ordinary,14.5
1252,قیل,2,2,28.9,16.1,0.758,0.576,0,ordinary,14.5
1253,لبد,2,2,28.9,93.3,0.184,0.0591,0,ordinary,14.4
1254,لبن,2,2,28.8,20.9,0.564,0.771,0,ordinary,14.4
1255,قنع,2,2,28.7,14.5,0.627,0.618,0,ordinary,14.4
1256,قوت,2,2,28.7,9.1,0.721,0.778,0,ordinary,14.3
1257,حبس,2,2,28.6,9.0,0.911,0.792,0,ordinary,14.3
1258,قطف,2,2,28.6,81.4,0.23,0.0519,0,ordinary,14.3
1259,دمع,2,2,28.5,5.2,0.954,0.919,0,ordinary,14.3
1260,حجز,2,2,28.4,61.0,0.368,0.201,0,ordinary,14.2
1261,قسطس,2,2,28.3,53.5,0.778,0.232,0,ordinary,14.2
1262,قدو,2,2,28.3,15.5,0.726,0.617,0,ordinary,14.1
1263,قرطس,2,1,28.2,4.9,0.795,0.958,0,ordinary,14.1
1264,قحم,2,2,28.2,91.8,0.172,0.0519,0,ordinary,14.1
1265,حطب,2,2,28.1,98.1,0.1,0.0519,0,ordinary,14.1
1266,حطط,2,2,28.0,5.2,1,0.937,0,ordinary,14.0
1267,حظر,2,2,28.0,50.3,0.488,0.257,0,ordinary,14.0
1268,حفر,2,2,27.9,70.5,0.309,0.181,0,ordinary,14.0
1269,حفف,2,2,27.9,10.3,0.747,0.715,0,ordinary,13.9
1270,حقب,2,2,27.7,70.7,0.284,0.163,0,ordinary,13.9
1271,حلق,2,2,27.7,6.2,0.667,0.98,0,ordinary,13.8
1272,فردس,2,2,27.6,34.6,0.696,0.378,0,ordinary,13.8
1273,غوص,2,2,27.6,34.0,0.59,0.378,0,ordinary,13.8
1274,غوط,2,2,27.5,0.8,0.982,1,0,ordinary,13.8
1275,غیض,2,2,27.5,8.9,0.685,0.789,0,ordinary,13.7
1276,طرو,2,2,27.3,25.3,0.659,0.47,0,ordinary,13.7
1277,طعن,2,2,27.3,3.4,0.98,0.972,0,ordinary,13.6
1278,ضغن,2,1,27.2,81.9,0.214,0.311,0,ordinary,13.6
1279,ضمم,2,2,27.2,29.3,0.741,0.429,0,ordinary,13.6
1280,حنجر,2,2,27.1,11.0,0.739,0.712,0,ordinary,13.6
1281,حنن,2,2,27.0,14.0,0.785,0.644,0,ordinary,13.5
1282,حوذ,2,2,27.0,21.9,0.558,0.988,0,ordinary,13.5
1283,حوش,2,1,26.9,49.1,0.608,0.275,0,ordinary,13.5
1284,حوی,2,2,26.9,91.7,0.186,0.102,0,ordinary,13.4
1285,غلف,2,2,26.8,1.5,1,0.993,0,ordinary,13.4
1286,غلو,2,2,26.7,1.2,0.976,0.998,0,ordinary,13.4
1287,خور,2,2,26.6,17.2,0.863,0.566,0,ordinary,13.3
1288,ظفر,2,2,26.5,9.2,0.632,0.919,0,ordinary,13.3
1289,طلت,2,1,26.5,21.8,0.974,0.532,0,ordinary,13.2
1290,دخن,2,2,26.3,54.4,0.373,0.366,0,ordinary,13.2
1291,غرو,2,2,26.3,2.5,0.86,0.972,0,ordinary,13.1
1292,غطو,2,2,26.2,35.2,0.489,0.494,0,ordinary,13.1
1293,خبل,2,2,26.2,7.2,0.974,0.848,0,ordinary,13.1
1294,خدد,2,2,26.1,89.1,0.192,0.157,0,ordinary,13.1
1295,خدن,2,2,26.0,0.8,0.977,1,0,ordinary,13.0
1296,خرب,2,2,26.0,21.8,0.557,0.958,0,ordinary,13.0
1297,خردل,2,2,25.9,26.2,0.532,0.462,0,ordinary,13.0
1298,عیل,2,2,25.9,95.9,0.14,0.117,0,ordinary,12.9
1299,عیی,2,2,25.8,53.9,0.389,0.547,0,ordinary,12.9
1300,غدر,2,1,25.7,60.3,0.558,0.155,0,ordinary,12.8
1301,خصف,2,2,25.6,18.2,0.874,0.581,0,ordinary,12.8
1302,خضع,2,2,25.6,36.0,0.738,0.378,0,ordinary,12.8
1303,عزب,2,2,25.5,8.1,0.667,0.826,0,ordinary,12.8
1304,عرر,2,2,25.5,20.0,0.576,0.704,0,ordinary,12.7
1305,عبث,2,2,25.4,60.5,0.68,0.149,0,ordinary,12.7
1306,عتق,2,1,25.3,60.0,0.475,0.152,0,ordinary,12.7
1307,عتل,2,2,25.3,76.1,0.254,0.22,0,ordinary,12.6
1308,عثر,2,2,25.2,7.5,0.894,0.84,0,ordinary,12.6
1309,عجف,2,1,25.2,49.2,0.576,0.265,0,ordinary,12.6
1310,خمص,2,2,25.1,2.3,0.954,0.984,0,ordinary,12.6
1311,عنکب,2,1,25.0,64.1,0.378,0.113,0,ordinary,12.5
1312,عوق,2,2,24.9,64.9,0.322,0.422,0,ordinary,12.5
1313,عضد,2,2,24.9,14.3,0.794,0.626,0,ordinary,12.4
1314,عضض,2,2,24.8,19.8,0.787,0.562,0,ordinary,12.4
1315,عضل,2,2,24.8,0.7,1,1,0,ordinary,12.4
1316,عطل,2,2,24.7,88.0,0.198,0.0876,0,ordinary,12.3
1317,خمد,2,2,24.6,32.5,0.564,0.379,0,ordinary,12.3
1318,کمه,2,2,24.6,5.5,0.976,0.921,0,ordinary,12.3
1319,کهل,2,2,24.5,5.6,0.978,0.918,0,ordinary,12.3
1320,کهن,2,2,24.5,80.0,0.242,0.0591,0,ordinary,12.2
1321,کسل,2,2,24.4,1.5,0.978,0.993,0,ordinary,12.2
1322,ءلل,2,1,24.2,42.0,0.706,0.296,0,ordinary,12.1
1323,زلق,2,2,24.2,52.2,0.391,0.286,0,ordinary,12.1
1324,زلم,2,1,24.1,2.2,0.758,0.984,0,ordinary,12.1
1325,زمر,2,1,24.0,52.4,0.454,0.209,0,ordinary,12.0
1326,ءثث,2,2,24.0,29.7,0.741,0.438,0,ordinary,12.0
1327,ینع,1,1,23.9,4.5,0.878,0.885,0,ordinary,12.0
1328,ءثل,1,1,23.9,20.5,0.527,0.682,0,ordinary,11.9
1329,ءبق,1,1,23.8,79.5,0.542,0.0936,0,ordinary,11.9
1330,زهد,1,1,23.8,15.9,0.787,0.522,0,ordinary,11.9
1331,زنم,1,1,23.7,79.1,0.273,0.273,0,ordinary,11.8
1332,زنجبل,1,1,23.6,81.2,0.262,0.169,0,ordinary,11.8
1333,زمهر,1,1,23.6,81.2,0.238,0.154,0,ordinary,11.8
1334,زمل,1,1,23.5,85.7,0.229,0.265,0,ordinary,11.8
1335,وکد,1,1,23.5,13.1,0.796,0.606,0,ordinary,11.7
1336,وکز,1,1,23.4,11.9,0.733,0.652,0,ordinary,11.7
1337,ءمت,1,1,23.3,28.5,0.695,0.381,0,ordinary,11.7
1338,ریش,1,1,23.3,8.6,0.91,0.757,0,ordinary,11.6
1339,سحل,1,1,23.2,40.3,0.695,0.307,0,ordinary,11.6
1340,سدی,1,1,23.2,89.7,0.172,0.178,0,ordinary,11.6
1341,سرد,1,1,23.1,20.6,0.523,0.792,0,ordinary,11.6
1342,سردق,1,1,23.0,10.5,0.758,0.673,0,ordinary,11.5
1343,زهر,1,1,22.9,28.3,0.705,0.381,0,ordinary,11.5
1344,ریع,1,1,22.9,73.4,0.679,0.134,0,ordinary,11.4
1345,رین,1,1,22.8,91.2,0.183,0.0591,0,ordinary,11.4
1346,زبن,1,1,22.8,96.7,0.129,0.125,0,ordinary,11.4
1347,ءنم,1,1,22.7,70.3,0.375,0.157,0,ordinary,11.3
1348,وفد,1,1,22.6,46.3,0.613,0.288,0,ordinary,11.3
1349,وفر,1,1,22.6,19.0,0.739,0.461,0,ordinary,11.3
1350,غدق,1,1,22.5,80.7,0.273,0.28,0,ordinary,11.3
1351,خشب,1,1,22.5,89.3,0.188,0.866,0,ordinary,11.2
1352,خضد,1,1,22.4,83.1,0.371,0.0554,0,ordinary,11.2
1353,عزو,1,1,22.3,85.8,0.221,0.158,0,ordinary,11.2
1354,عسل,1,1,22.2,47.9,0.402,0.791,0,ordinary,11.1
1355,عدس,1,1,22.2,3.1,1,0.94,0,ordinary,11.1
1356,عرم,1,1,22.1,20.7,0.524,0.717,0,ordinary,11.1
1357,عبء,1,1,22.0,61.7,0.578,0.221,0,ordinary,11.0
1358,عبقر,1,1,22.0,74.8,0.367,0.125,0,ordinary,11.0
1359,خمط,1,1,21.9,20.8,0.522,0.693,0,ordinary,11.0
1360,عنی,1,1,21.9,28.3,0.695,0.356,0,ordinary,10.9
1361,عول,1,1,21.8,4.2,0.976,0.9,0,ordinary,10.9
1362,عمق,1,1,21.8,16.8,0.667,0.5,0,ordinary,10.9
1363,عضو,1,1,21.7,40.1,0.454,0.32,0,ordinary,10.8
1364,عطف,1,1,21.6,21.2,0.648,0.456,0,ordinary,10.8
1365,حیز,1,1,21.6,18.6,0.667,0.48,0,ordinary,10.8
1366,حیف,1,1,21.5,3.5,0.695,0.921,0,ordinary,10.8
1367,خبء,1,1,21.5,25.5,0.625,0.42,0,ordinary,10.7
1368,خبر2,1,1,21.4,14.8,0.806,0.549,0,ordinary,10.7
1369,خبز,1,1,21.3,9.5,0.762,0.72,0,ordinary,10.7
1370,غزل,1,1,21.3,13.2,0.789,0.602,0,ordinary,10.6
1371,غزو,1,1,21.2,4.3,0.931,0.892,0,ordinary,10.6
1372,غصب,1,1,21.2,17.7,0.758,0.497,0,ordinary,10.6
1373,غصص,1,1,21.1,85.7,0.22,0.281,0,ordinary,10.6
1374,خبط,1,1,21.0,0.1,1,1,0,ordinary,10.5
1375,خبو,1,1,20.9,10.6,0.751,0.697,0,ordinary,10.5
1376,ختر,1,1,20.9,44.9,0.398,0.632,0,ordinary,10.4
1377,خرطم,1,1,20.8,79.4,0.262,0.251,0,ordinary,10.4
1378,عیب,1,1,20.8,17.8,0.751,0.48,0,ordinary,10.4
1379,غبن,1,1,20.7,82.5,0.245,0.877,0,ordinary,10.3
1380,حوب,1,1,20.6,4.4,0.976,0.902,0,ordinary,10.3
1381,غلق,1,1,20.6,15.9,0.778,0.506,0,ordinary,10.3
1382,غمز,1,1,20.5,91.1,0.188,0.0832,0,ordinary,10.3
1383,غمض,1,1,20.5,0.0,1,1,0,ordinary,10.2
1384,حید,1,1,20.4,66.8,0.342,0.363,0,ordinary,10.2
1385,حیر,1,1,20.3,9.1,0.881,0.735,0,ordinary,10.2
1386,خنق,1,1,20.3,1.1,0.86,0.985,0,ordinary,10.1
1387,ظعن,1,1,20.2,13.1,0.793,0.577,0,ordinary,10.1
1388,طفف,1,1,20.2,91.1,0.184,0.0601,0,ordinary,10.1
1389,طلل,1,1,20.0,0.5,1,1,0,ordinary,10.0
1390,طود,1,1,19.9,76.0,0.686,0.146,0,ordinary,10.0
1391,خیم,1,1,19.9,75.0,0.369,0.129,0,ordinary,9.9
1392,دثر,1,1,19.8,83.4,0.23,0.193,0,ordinary,9.9
1393,فتء,1,1,19.7,9.4,0.764,0.721,0,ordinary,9.8
1394,فتق,1,1,19.6,37.7,0.6,0.323,0,ordinary,9.8
1395,ضیز,1,1,19.6,73.7,0.322,0.208,0,ordinary,9.8
1396,طحو,1,1,19.5,97.6,0.106,0.0731,0,ordinary,9.8
1397,طرح,1,1,19.5,15.8,0.775,0.515,0,ordinary,9.7
1398,ضدد,1,1,19.4,46.3,0.608,0.294,0,ordinary,9.7
1399,ضفدع,1,1,19.3,7.6,0.907,0.777,0,ordinary,9.7
1400,ضمر,1,1,19.3,17.0,0.666,0.48,0,ordinary,9.6
1401,ضنک,1,1,19.2,28.1,0.703,0.385,0,ordinary,9.6
1402,ضهء,1,1,19.1,3.9,0.821,0.908,0,ordinary,9.6
1403,ضیر,1,1,19.0,61.8,0.667,0.21,0,ordinary,9.5
1404,درهم,1,1,19.0,15.8,0.786,0.534,0,ordinary,9.5
1405,دسر,1,1,18.9,67.4,0.347,0.206,0,ordinary,9.5
1406,حنذ,1,1,18.9,12.8,0.81,0.613,0,ordinary,9.4
1407,حنک,1,1,18.8,18.9,0.736,0.461,0,ordinary,9.4
1408,فوم,1,1,18.8,3.1,1,0.944,0,ordinary,9.4
1409,فصم,1,1,18.7,0.1,1,1,0,ordinary,9.3
1410,فضح,1,1,18.6,63.8,0.46,0.218,0,ordinary,9.3
1411,فضو,1,1,18.6,1.4,0.972,0.973,0,ordinary,9.3
1412,فظظ,1,1,18.5,4.4,0.951,0.908,0,ordinary,9.3
1413,فقع,1,1,18.5,2.9,1,0.938,0,ordinary,9.2
1414,فلن,1,1,18.4,26.0,0.57,0.386,0,ordinary,9.2
1415,حقف,1,1,18.3,36.4,0.431,0.692,0,ordinary,9.2
1416,حلقم,1,1,18.3,67.3,0.357,0.56,0,ordinary,9.1
1417,فرع,1,1,18.2,18.2,0.55,0.632,0,ordinary,9.1
1418,فره,1,1,18.2,73.3,0.667,0.14,0,ordinary,9.1
1419,فسر,1,1,18.1,26.1,0.55,0.378,0,ordinary,9.1
1420,فصح,1,1,18.0,11.6,0.738,0.655,0,ordinary,9.0
1421,فجو,1,1,18.0,10.7,0.753,0.671,0,ordinary,9.0
1422,فرث,1,1,17.9,13.3,0.787,0.577,0,ordinary,9.0
1423,غول,1,1,17.9,78.5,0.528,0.114,0,ordinary,8.9
1424,حری,1,1,17.8,80.6,0.25,0.255,0,ordinary,8.9
1425,حسم,1,1,17.8,82.0,0.245,0.179,0,ordinary,8.9
1426,حصحص,1,1,17.7,9.3,0.777,0.72,0,ordinary,8.8
1427,قسس,1,1,17.6,5.3,0.851,0.866,0,ordinary,8.8
1428,فیل,1,1,17.5,99.2,0.0624,0.0713,0,ordinary,8.8
1429,قبح,1,1,17.5,11.8,0.736,0.666,0,ordinary,8.7
1430,قثء,1,1,17.4,3.2,1,0.939,0,ordinary,8.7
1431,قدح,1,1,17.3,98.9,0.103,0.117,0,ordinary,8.7
1432,حصل,1,1,17.3,98.7,0.0959,0.114,0,ordinary,8.6
1433,حفد,1,1,17.2,13.0,0.804,0.596,0,ordinary,8.6
1434,فند,1,1,17.2,6.2,0.789,0.827,0,ordinary,8.6
1435,فنن,1,1,17.1,74.9,0.375,0.14,0,ordinary,8.6
1436,فنی,1,1,17.0,70.3,0.369,0.155,0,ordinary,8.5
1437,فهم,1,1,17.0,21.5,0.61,0.44,0,ordinary,8.5
1438,فوض,1,1,16.9,11.1,0.648,0.675,0,ordinary,8.5
1439,ضءن,1,1,16.8,4.8,0.881,0.896,0,ordinary,8.4
1440,ضبح,1,1,16.8,98.8,0.106,0.13,0,ordinary,8.4
1441,دمغ,1,1,16.7,37.7,0.609,0.337,0,ordinary,8.3
1442,دنر,1,1,16.6,6.4,0.939,0.799,0,ordinary,8.3
1443,حدب,1,1,16.6,21.3,0.613,0.433,0,ordinary,8.3
1444,حرد,1,1,16.5,79.2,0.273,0.274,0,ordinary,8.3
1445,حرس,1,1,16.5,80.7,0.273,0.284,0,ordinary,8.2
1446,قسور,1,1,16.4,83.3,0.242,0.189,0,ordinary,8.2
1447,قشعر,1,1,16.3,13.9,0.636,0.558,0,ordinary,8.2
1448,قصف,1,1,16.3,18.8,0.741,0.477,0,ordinary,8.1
1449,قصم,1,1,16.2,28.6,0.613,0.38,0,ordinary,8.1
1450,قصی,1,1,16.2,26.9,0.596,0.386,0,ordinary,8.1
1451,قضض,1,1,16.0,17.6,0.754,0.489,0,ordinary,8.0
1452,حرک,1,1,16.0,89.7,0.189,0.162,0,ordinary,8.0
1453,قطط,1,1,15.9,69.3,0.462,0.185,0,ordinary,8.0
1454,قطمر,1,1,15.9,24.3,0.475,0.695,0,ordinary,7.9
1455,قطن,1,1,15.8,69.1,0.543,0.186,0,ordinary,7.9
1456,قعر,1,1,15.8,70.4,0.354,0.152,0,ordinary,7.9
1457,قفل,1,1,15.7,48.1,0.4,0.781,0,ordinary,7.8
1458,قلع,1,1,15.6,12.6,0.808,0.598,0,ordinary,7.8
1459,دسس,1,1,15.6,13.2,0.791,0.583,0,ordinary,7.8
1460,دفء,1,1,15.5,40.0,0.787,0.315,0,ordinary,7.7
1461,دلک,1,1,15.3,19.0,0.738,0.463,0,ordinary,7.7
1462,صوع,1,1,15.2,9.3,0.782,0.735,0,ordinary,7.6
1463,صوف,1,1,15.2,12.9,0.802,0.594,0,ordinary,7.6
1464,صکک,1,1,15.1,70.7,0.341,0.177,0,ordinary,7.6
1465,صیص,1,1,15.0,6.9,0.731,0.795,0,ordinary,7.5
1466,ذعن,1,1,15.0,3.4,0.684,0.921,0,ordinary,7.5
1467,لحف,1,1,14.9,0.2,1,1,0,ordinary,7.5
1468,قمح,1,1,14.9,31.0,0.446,0.366,0,ordinary,7.4
1469,قمطر,1,1,14.8,81.1,0.272,0.172,0,ordinary,7.4
1470,قمع,1,1,14.8,21.3,0.673,0.48,0,ordinary,7.4
1471,قمل,1,1,14.7,7.7,0.912,0.776,0,ordinary,7.3
1472,قنو,1,1,14.6,4.7,0.878,0.896,0,ordinary,7.3
1473,قنی,1,1,14.6,73.7,0.338,0.206,0,ordinary,7.3
1474,قوب,1,1,14.5,73.6,0.325,0.206,0,ordinary,7.3
1475,قوس,1,1,14.5,73.5,0.324,0.202,0,ordinary,7.2
1476,جوس,1,1,14.4,16.4,0.745,0.534,0,ordinary,7.2
1477,جوف,1,1,14.3,12.5,0.706,0.607,0,ordinary,7.2
1478,جوو,1,1,14.3,13.3,0.785,0.575,0,ordinary,7.1
1479,حبک,1,1,14.2,70.6,0.33,0.174,0,ordinary,7.1
1480,حتم,1,1,14.2,46.9,0.608,0.288,0,ordinary,7.1
1481,حثث,1,1,14.1,9.6,0.907,0.695,0,ordinary,7.1
1482,جمح,1,1,14.1,3.7,0.821,0.904,0,ordinary,7.0
1483,جمد,1,1,14.0,12.0,0.626,0.637,0,ordinary,7.0
1484,لحن,1,1,13.9,47.7,0.413,0.778,0,ordinary,7.0
1485,لحی,1,1,13.9,28.0,0.699,0.378,0,ordinary,6.9
1486,لزب,1,1,13.8,55.4,0.522,0.224,0,ordinary,6.9
1487,جمم,1,1,13.8,91.5,0.169,0.0666,0,ordinary,6.9
1488,دهق,1,1,13.7,87.4,0.199,0.104,0,ordinary,6.8
1489,دهم,1,1,13.6,75.1,0.373,0.139,0,ordinary,6.8
1490,دهی,1,1,13.6,70.4,0.351,0.155,0,ordinary,6.8
1491,صلد,1,1,13.5,0.4,1,1,0,ordinary,6.8
1492,صمت,1,1,13.5,18.6,0.906,0.482,0,ordinary,6.7
1493,صمع,1,1,13.3,16.9,0.667,0.484,0,ordinary,6.7
1494,ذءم,1,1,13.3,8.5,0.907,0.753,0,ordinary,6.6
1495,ذبذب,1,1,13.2,1.0,0.972,0.984,0,ordinary,6.6
1496,ذخر,1,1,13.2,6.3,0.954,0.817,0,ordinary,6.6
1497,لقب,1,1,13.1,71.0,0.357,0.378,0,ordinary,6.6
1498,لقح,1,1,13.1,63.8,0.433,0.218,0,ordinary,6.5
1499,جسس,1,1,13.0,71.1,0.324,0.349,0,ordinary,6.5
1500,صرع,1,1,12.9,82.0,0.254,0.171,0,ordinary,6.5
1501,صعر,1,1,12.9,45.0,0.395,0.519,0,ordinary,6.4
1502,صفصف,1,1,12.8,28.2,0.695,0.362,0,ordinary,6.4
1503,صفن,1,1,12.8,48.5,0.461,0.275,0,ordinary,6.4
1504,شوک,1,1,12.6,18.5,0.644,0.471,0,ordinary,6.3
1505,شکس,1,1,12.6,13.8,0.634,0.56,0,ordinary,6.3
1506,ذهل,1,1,12.5,21.2,0.685,0.462,0,ordinary,6.3
1507,ذود,1,1,12.5,11.5,0.732,0.653,0,ordinary,6.2
1508,جفء,1,1,12.4,19.5,0.549,0.824,0,ordinary,6.2
1509,جفن,1,1,12.3,20.5,0.516,0.696,0,ordinary,6.2
1510,جفو,1,1,12.3,70.1,0.346,0.619,0,ordinary,6.1
1511,جلس,1,1,12.2,57.9,0.379,0.851,0,ordinary,6.1
1512,جبن,1,1,12.2,79.6,0.534,0.1,0,ordinary,6.1
1513,جبه,1,1,12.1,3.8,0.817,0.912,0,ordinary,6.1
1514,جثث,1,1,12.1,18.4,0.55,0.629,0,ordinary,6.0
1515,مجس,1,1,12.0,21.4,0.673,0.456,0,ordinary,6.0
1516,محل,1,1,11.9,19.5,0.558,0.825,0,ordinary,6.0
1517,مخض,1,1,11.9,26.9,0.6,0.381,0,ordinary,5.9
1518,مرت,1,1,11.8,2.8,1,0.94,0,ordinary,5.9
1519,جذو,1,1,11.8,11.9,0.723,0.652,0,ordinary,5.9
1520,جرر,1,1,11.7,7.8,0.907,0.771,0,ordinary,5.8
1521,جرع,1,1,11.6,18.3,0.558,0.614,0,ordinary,5.8
1522,جرف,1,1,11.6,5.8,0.823,0.846,0,ordinary,5.8
1523,لوذ,1,1,11.5,3.5,0.699,0.93,0,ordinary,5.7
1524,لیت,1,1,11.4,73.3,0.31,0.213,0,ordinary,5.7
1525,لفح,1,1,11.3,37.9,0.588,0.327,0,ordinary,5.7
1526,لفظ,1,1,11.3,66.9,0.369,0.362,0,ordinary,5.6
1527,شغف,1,1,11.2,9.5,0.785,0.732,0,ordinary,5.6
1528,شفه,1,1,11.2,96.1,0.133,0.0666,0,ordinary,5.6
1529,رتع,1,1,11.1,15.7,0.778,0.506,0,ordinary,5.6
1530,منو,1,1,11.1,73.4,0.297,0.208,0,ordinary,5.5
1531,مکو,1,1,11.0,6.7,0.671,0.811,0,ordinary,5.5
1532,مطو,1,1,10.9,89.8,0.188,0.169,0,ordinary,5.5
1533,معز,1,1,10.9,4.6,0.876,0.89,0,ordinary,5.4
1534,معی,1,1,10.8,48.0,0.411,0.782,0,ordinary,5.4
1535,مرو,1,1,10.7,5.9,1,0.817,0,ordinary,5.3
1536,مزن,1,1,10.6,83.1,0.369,0.0583,0,ordinary,5.3
1537,مسخ,1,1,10.6,55.3,0.437,0.218,0,ordinary,5.3
1538,مسد,1,1,10.5,99.1,0.081,0.0591,0,ordinary,5.3
1539,مسو,1,1,10.5,22.3,0.495,0.441,0,ordinary,5.2
1540,مشج,1,1,10.4,81.1,0.278,0.179,0,ordinary,5.2
1541,جبت,1,1,10.3,1.3,0.974,0.972,0,ordinary,5.2
1542,میر,1,1,10.3,9.2,0.787,0.72,0,ordinary,5.1
1543,نبز,1,1,10.2,71.1,0.335,0.353,0,ordinary,5.1
1544,نبط,1,1,10.2,1.8,0.973,0.954,0,ordinary,5.1
1545,نتق,1,1,10.1,18.7,0.906,0.477,0,ordinary,5.1
1546,نجد,1,1,10.1,96.1,0.155,0.072,0,ordinary,5.0
1547,ثجج,1,1,10.0,87.5,0.2,0.107,0,ordinary,5.0
1548,ثری,1,1,9.9,46.8,0.695,0.288,0,ordinary,5.0
1549,ذکو,1,1,9.9,0.9,0.852,0.984,0,ordinary,4.9
1550,ذیع,1,1,9.8,1.6,0.974,0.954,0,ordinary,4.9
1551,ربح,1,1,9.8,23.1,1,0.422,0,ordinary,4.9
1552,شمءز,1,1,9.7,13.9,0.628,0.55,0,ordinary,4.9
1553,شمت,1,1,9.6,7.8,0.911,0.787,0,ordinary,4.8
1554,شمخ,1,1,9.6,87.0,0.199,0.0826,0,ordinary,4.8
1555,شوب,1,1,9.5,78.5,0.533,0.0802,0,ordinary,4.8
1556,شوظ,1,1,9.5,75.0,0.374,0.142,0,ordinary,4.7
1557,شعل,1,1,9.4,26.8,0.608,0.401,0,ordinary,4.7
1558,ترق,1,1,9.3,89.8,0.18,0.157,0,ordinary,4.7
1559,نسر,1,1,9.3,84.0,0.233,0.27,0,ordinary,4.6
1560,نجس,1,1,9.2,3.9,0.828,0.912,0,ordinary,4.6
1561,نحب,1,1,9.2,6.9,0.713,0.791,0,ordinary,4.6
1562,نخر,1,1,9.1,88.4,0.198,0.0969,0,ordinary,4.5
1563,ندی,1,1,9.0,46.7,0.595,0.288,0,ordinary,4.5
1564,تعس,1,1,8.9,47.9,0.4,0.682,0,ordinary,4.5
1565,تفث,1,1,8.9,16.8,0.673,0.517,0,ordinary,4.4
1566,تقن,1,1,8.8,11.7,0.631,0.659,0,ordinary,4.4
1567,تلل,1,1,8.8,79.3,0.539,0.0914,0,ordinary,4.4
1568,تیه,1,1,8.6,2.1,0.854,0.946,0,ordinary,4.3
1569,ثبط,1,1,8.6,3.8,0.823,0.912,0,ordinary,4.3
1570,ثبو,1,1,8.5,1.9,0.977,0.967,0,ordinary,4.3
1571,مکک,1,1,8.5,36.6,0.429,0.773,0,ordinary,4.2
1572,نفح,1,1,8.4,37.5,0.619,0.353,0,ordinary,4.2
1573,نضج,1,1,8.3,1.4,0.972,0.972,0,ordinary,4.2
1574,نضخ,1,1,8.3,75.1,0.367,0.139,0,ordinary,4.1
1575,نطح,1,1,8.2,0.9,0.852,0.984,0,ordinary,4.1
1576,بید,1,1,8.2,10.6,0.746,0.682,0,ordinary,4.1
1577,رتق,1,1,8.1,37.6,0.608,0.331,0,ordinary,4.1
1578,رحق,1,1,8.1,90.9,0.186,0.0832,0,ordinary,4.0
1579,شتو,1,1,8.0,99.6,0.0555,0.0646,0,ordinary,4.0
1580,شحم,1,1,7.9,4.5,0.879,0.889,0,ordinary,4.0
1581,شرد,1,1,7.9,6.6,0.644,0.793,0,ordinary,3.9
1582,شرذم,1,1,7.8,61.8,0.673,0.22,0,ordinary,3.9
1583,شرط,1,1,7.8,48.0,0.406,0.781,0,ordinary,3.9
1584,رخو,1,1,7.7,48.4,0.461,0.276,0,ordinary,3.9
1585,ردء,1,1,7.6,11.8,0.739,0.666,0,ordinary,3.8
1586,ردم,1,1,7.6,17.6,0.753,0.485,0,ordinary,3.8
1587,رصص,1,1,7.5,85.1,0.207,0.844,0,ordinary,3.8
1588,نون,1,1,7.5,21.5,0.609,0.455,0,ordinary,3.7
1589,نوی,1,1,7.4,4.6,0.881,0.9,0,ordinary,3.7
1590,نکد,1,1,7.3,9.7,0.913,0.712,0,ordinary,3.7
1591,نفی,1,1,7.3,2.1,0.86,0.953,0,ordinary,3.6
1592,نقع,1,1,7.2,98.8,0.115,0.114,0,ordinary,3.6
1593,نمم,1,1,7.1,79.5,0.265,0.274,0,ordinary,3.6
1594,نهج,1,1,7.1,2.0,0.857,0.947,0,ordinary,3.5
1595,نوء,1,1,7.0,13.7,0.731,0.582,0,ordinary,3.5
1596,بلی,1,1,6.9,28.4,0.699,0.373,0,ordinary,3.5
1597,بهل,1,1,6.9,6.5,0.943,0.816,0,ordinary,3.4
1598,بکک,1,1,6.8,12.2,0.952,0.636,0,ordinary,3.4
1599,نعق,1,1,6.8,5.9,1,0.836,0,ordinary,3.4
1600,نعل,1,1,6.7,46.7,0.687,0.288,0,ordinary,3.4
1601,نغض,1,1,6.6,18.8,0.74,0.454,0,ordinary,3.3
1602,سوط,1,1,6.5,91.5,0.188,0.0657,0,ordinary,3.3
1603,رغم,1,1,6.5,1.8,0.974,0.958,0,ordinary,3.2
1604,بطء,1,1,6.4,1.6,0.972,0.953,0,ordinary,3.2
1605,هجد,1,1,6.3,18.9,0.732,0.455,0,ordinary,3.2
1606,هجع,1,1,6.3,70.5,0.342,0.176,0,ordinary,3.1
1607,هدد,1,1,6.2,46.6,0.595,0.288,0,ordinary,3.1
1608,هدم,1,1,6.2,16.6,0.659,0.48,0,ordinary,3.1
1609,هدهد,1,1,6.1,51.9,0.623,0.251,0,ordinary,3.1
1610,هرب,1,1,6.1,80.5,0.262,0.27,0,ordinary,3.0
1611,هرت,1,1,6.0,3.2,1,0.941,0,ordinary,3.0
1612,بغل,1,1,5.9,40.2,0.787,0.323,0,ordinary,3.0
1613,بقع,1,1,5.9,11.6,0.738,0.669,0,ordinary,2.9
1614,بقل,1,1,5.8,3.3,1,0.938,0,ordinary,2.9
1615,بلع,1,1,5.8,12.7,0.805,0.612,0,ordinary,2.9
1616,نوش,1,1,5.7,20.6,0.523,0.697,0,ordinary,2.9
1617,نوص,1,1,5.6,69.2,0.468,0.208,0,ordinary,2.8
1618,هلع,1,1,5.6,85.8,0.228,0.162,0,ordinary,2.8
1619,همد,1,1,5.5,21.1,0.666,0.447,0,ordinary,2.8
1620,همر,1,1,5.5,67.4,0.346,0.204,0,ordinary,2.7
1621,همس,1,1,5.4,28.5,0.686,0.367,0,ordinary,2.7
1622,بسق,1,1,5.3,67.0,0.348,0.338,0,ordinary,2.7
1623,بسم,1,1,5.3,51.9,0.626,0.257,0,ordinary,2.6
1624,بصل,1,1,5.2,3.0,1,0.944,0,ordinary,2.6
1625,سکب,1,1,5.2,83.2,0.349,0.0635,0,ordinary,2.6
1626,سکت,1,1,5.1,7.9,0.911,0.78,0,ordinary,2.6
1627,سیء,1,1,5.1,5.7,0.819,0.833,0,ordinary,2.5
1628,سیب,1,1,5.0,5.3,0.859,0.885,0,ordinary,2.5
1629,سنه,1,1,4.9,0.2,1,1,0,ordinary,2.5
1630,سهر,1,1,4.9,88.6,0.207,0.117,0,ordinary,2.4
1631,سهل,1,1,4.8,9.8,0.912,0.701,0,ordinary,2.4
1632,سهم,1,1,4.8,79.4,0.534,0.0881,0,ordinary,2.4
1633,سوح,1,1,4.7,69.1,0.528,0.184,0,ordinary,2.4
1634,هیل,1,1,4.6,85.6,0.215,0.204,0,ordinary,2.3
1635,وءل,1,1,4.5,17.8,0.741,0.477,0,ordinary,2.3
1636,وبر,1,1,4.5,13.4,0.796,0.603,0,ordinary,2.2
1637,رفرف,1,1,4.4,74.8,0.369,0.129,0,ordinary,2.2
1638,سلق,1,1,4.4,12.5,0.73,0.636,0,ordinary,2.2
1639,سمد,1,1,4.3,73.5,0.322,0.217,0,ordinary,2.1
1640,سند,1,1,4.2,89.4,0.195,0.869,0,ordinary,2.1
1641,سنم,1,1,4.1,91.0,0.19,0.0881,0,ordinary,2.1
1642,سلب,1,1,4.1,16.9,0.669,0.487,0,ordinary,2.0
1643,سلسبل,1,1,4.0,81.3,0.272,0.165,0,ordinary,2.0
1644,رقق,1,1,3.9,76.7,0.275,0.166,0,ordinary,2.0
1645,رمح,1,1,3.9,5.4,0.86,0.885,0,ordinary,1.9
1646,هشش,1,1,3.8,46.4,0.7,0.301,0,ordinary,1.9
1647,بتک,1,1,3.6,1.7,0.974,0.958,0,ordinary,1.8
1648,بجس,1,1,3.6,7.6,0.907,0.776,0,ordinary,1.8
1649,رمد,1,1,3.5,18.3,0.567,0.623,0,ordinary,1.8
1650,رمز,1,1,3.5,6.5,0.938,0.789,0,ordinary,1.7
1651,رمض,1,1,3.4,0.6,1,0.993,0,ordinary,1.7
1652,رهو,1,1,3.4,72.2,0.343,0.227,0,ordinary,1.7
1653,سطو,1,1,3.2,17.1,0.679,0.48,0,ordinary,1.6
1654,سغب,1,1,3.2,96.0,0.14,0.0704,0,ordinary,1.6
1655,سفع,1,1,3.1,96.8,0.115,0.106,0,ordinary,1.6
1656,روع,1,1,3.1,12.8,0.789,0.586,0,ordinary,1.5
1657,روم,1,1,3.0,22.3,0.523,0.429,0,ordinary,1.5
1658,رکد,1,1,2.9,30.2,0.488,0.336,0,ordinary,1.5
1659,رکز,1,1,2.9,46.5,0.608,0.299,0,ordinary,1.4
1660,بحث,1,1,2.8,1.9,0.849,0.941,0,ordinary,1.4
1661,وفض,1,1,2.8,85.9,0.216,0.159,0,ordinary,1.4
1662,وقب,1,1,2.7,99.3,0.0555,0.0666,0,ordinary,1.4
1663,وقذ,1,1,2.6,1.1,0.859,0.986,0,ordinary,1.3
1664,ولت,1,1,2.6,71.0,0.339,0.375,0,ordinary,1.3
1665,وسن,1,1,2.5,0.4,1,1,0,ordinary,1.3
1666,وشی,1,1,2.5,2.8,1,0.947,0,ordinary,1.2
1667,وصد,1,1,2.4,10.8,0.753,0.682,0,ordinary,1.2
1668,وضن,1,1,2.4,83.2,0.369,0.0601,0,ordinary,1.2
1669,وطن,1,1,2.3,4.1,0.826,0.911,0,ordinary,1.1
1670,ءود,1,1,2.2,0.3,1,1,0,ordinary,1.1
1671,ءیم,1,1,2.2,3.6,0.704,0.921,0,ordinary,1.1
1672,بءر,1,1,2.1,17.0,0.659,0.488,0,ordinary,1.1
1673,ببل,1,1,2.1,2.9,1,0.938,0,ordinary,1.0
1674,وتن,1,1,1.9,82.1,0.263,0.16,0,ordinary,1.0
1675,وجب,1,1,1.9,16.7,0.671,0.506,0,ordinary,0.9
1676,زفف,1,1,1.8,79.2,0.527,0.1,0,ordinary,0.9
1677,ءدد,1,1,1.7,46.4,0.595,0.276,0,ordinary,0.9
1678,یقظ,1,1,1.6,10.5,0.746,0.666,0,ordinary,0.8
1679,ءرم,1,1,1.6,91.6,0.163,0.0591,0,ordinary,0.8
1680,یقت,1,1,1.5,74.7,0.354,0.127,0,ordinary,0.8
1681,ءسن,1,1,1.5,47.8,0.417,0.781,0,ordinary,0.7
1682,کلح,1,1,1.4,37.8,0.576,0.322,0,ordinary,0.7
1683,کبد,1,1,1.4,96.2,0.13,0.0624,0,ordinary,0.7
1684,کبکب,1,1,1.3,75.9,0.686,0.134,0,ordinary,0.6
1685,کثب,1,1,1.2,85.5,0.22,0.198,0,ordinary,0.6
1686,کدر,1,1,1.2,94.4,0.163,0.0519,0,ordinary,0.6
1687,کدی,1,1,1.1,73.2,0.322,0.209,0,ordinary,0.6
1688,ونی,1,1,1.1,40.3,0.705,0.315,0,ordinary,0.5
1689,وهج,1,1,1.0,87.4,0.214,0.115,0,ordinary,0.5
1690,وهی,1,1,0.9,82.1,0.242,0.162,0,ordinary,0.5
1691,عفرت,1,1,0.9,25.6,0.613,0.383,0,ordinary,0.4
1692,خطط,1,1,0.8,21.7,0.575,0.426,0,ordinary,0.4
1693,خلع,1,1,0.8,46.6,0.699,0.266,0,ordinary,0.4
1694,کوی,1,1,0.7,4.0,0.834,0.919,0,ordinary,0.4
1695,کند,1,1,0.6,98.6,0.0761,0.109,0,ordinary,0.3
1696,کسد,1,1,0.5,3.6,0.812,0.912,0,ordinary,0.3
1697,کفت,1,1,0.4,86.9,0.213,0.0832,0,ordinary,0.2
1698,کلء,1,1,0.3,37.6,0.608,0.338,0,ordinary,0.1
1699,ءلت,1,1,0.2,76.7,0.286,0.19,0,ordinary,0.1
1700,زحف,1,1,0.2,18.5,0.652,0.462,0,ordinary,0.1
1701,زرق,1,1,0.1,28.2,0.706,0.396,0,ordinary,0.0
1702,زری,1,1,0.0,12.6,0.796,0.596,0,ordinary,0.0
