salience_rank,root,freq,n_forms,n_suras,n_ayat,morphology_pctile,sura_concentration_q,signature,typology
1,ءله,2848,6,86,1877,78.5,0.027,1,CENTRAL
2,قول,1722,17,84,1383,97.5,0.027,1,CENTRAL+productive
3,کون,1390,18,86,1176,98.1,0.027,1,CENTRAL+productive
4,ربب,980,8,94,871,84.2,0.027,1,CENTRAL
5,ءمن,879,28,77,723,99.7,0.027,1,CENTRAL+productive
6,علم,854,20,85,728,98.4,0.027,1,CENTRAL+productive
7,قوم,660,45,79,597,100.0,0.027,1,CENTRAL+productive
8,ءتی,549,31,72,486,99.8,0.312,0,CENTRAL+productive
9,کفر,525,20,77,465,98.4,0.042,1,CENTRAL+productive
10,بین,523,16,71,454,96.6,0.184,0,CENTRAL+productive
11,شیء,519,12,73,449,92.8,0.042,1,CENTRAL+productive
12,رسل,513,16,69,429,96.2,0.027,1,CENTRAL+productive
13,یوم,475,6,80,437,79.7,0.027,1,CENTRAL
14,ءرض,461,2,80,440,42.8,0.158,0,CENTRAL
15,ءیی,382,3,59,353,53.0,0.027,1,CENTRAL
16,سمو,381,12,81,352,93.1,0.0648,0,CENTRAL+productive
17,کلل,377,4,74,355,62.9,0.715,0,CENTRAL
18,عذب,373,11,68,336,90.6,0.132,0,CENTRAL+productive
19,عمل,360,13,68,313,94.0,0.027,1,CENTRAL+productive
20,جعل,346,9,66,311,86.4,0.027,1,CENTRAL
21,ءنس,342,10,77,321,89.0,0.027,1,CENTRAL
22,رحم,339,14,62,313,94.7,0.027,1,CENTRAL+productive
23,رءی,328,25,72,297,99.5,0.027,1,CENTRAL+productive
24,کتب,319,14,61,279,94.5,0.027,1,CENTRAL+productive
25,هدی,316,30,62,268,99.8,0.138,0,CENTRAL+productive
26,ظلم,315,17,59,290,97.5,0.661,0,CENTRAL+productive
27,نفس,298,7,63,270,83.0,0.243,0,CENTRAL
28,قبل,294,15,64,282,95.7,0.912,0,CENTRAL+productive
29,نزل,293,18,60,257,97.9,0.27,0,CENTRAL+productive
30,ذکر,292,23,71,264,98.9,0.027,1,CENTRAL+productive
31,حقق,287,7,59,263,82.0,0.119,0,CENTRAL
32,کذب,282,16,68,257,97.1,0.027,1,CENTRAL+productive
33,جیء,278,4,62,262,68.3,0.143,0,CENTRAL
34,عبد,275,16,57,251,97.1,0.027,1,CENTRAL+productive
35,ءخذ,273,23,55,244,98.9,0.198,0,CENTRAL+productive
36,خلق,261,12,75,218,92.5,0.042,1,CENTRAL+productive
37,وقی,258,21,63,237,98.5,0.042,1,CENTRAL+productive
38,ءخر,250,16,64,242,97.0,0.526,0,CENTRAL+productive
39,ءمر,248,13,61,226,93.8,0.1,0,CENTRAL+productive
40,بعد,235,6,57,223,76.5,0.597,0,CENTRAL
41,غفر,234,19,56,202,98.2,0.123,0,CENTRAL+productive
42,ولی,232,26,55,202,99.6,0.0882,0,CENTRAL+productive
43,دعو,212,22,55,182,98.7,0.042,1,CENTRAL+productive
44,حکم,210,14,57,189,94.3,0.173,0,CENTRAL+productive
45,ملک,206,14,63,191,94.8,0.295,0,CENTRAL+productive
46,جنن,201,9,70,196,85.7,0.0526,0,CENTRAL
47,عند,201,3,62,189,57.1,0.923,0,CENTRAL
48,خیر,196,11,55,178,91.2,0.219,0,CENTRAL+productive
49,نور,194,6,62,174,77.4,0.143,0,CENTRAL
50,حسن,194,17,50,177,97.3,0.312,0,CENTRAL+productive
51,ضلل,191,18,56,170,98.1,0.258,0,CENTRAL+productive
52,حیی,189,25,50,166,99.5,0.252,0,CENTRAL+productive
53,سمع,185,16,57,163,96.9,0.424,0,CENTRAL+productive
54,خرج,182,21,56,157,98.6,0.127,0,CENTRAL+productive
55,صلح,180,15,54,170,95.4,0.413,0,CENTRAL+productive
56,سبل,176,5,47,164,75.1,0.174,0,CENTRAL
57,تبع,174,13,52,158,93.7,0.787,0,CENTRAL+productive
58,ءول,172,13,54,160,94.1,0.245,0,CENTRAL+productive
59,قتل,170,18,33,122,97.8,0.0733,0,CENTRAL+productive
60,مثل,169,9,50,148,87.9,0.407,0,CENTRAL
61,شرک,168,15,44,143,96.1,0.0733,0,CENTRAL+productive
62,قلب,168,15,48,155,96.0,0.0882,0,CENTRAL+productive
63,کثر,167,10,51,162,90.1,0.232,0,CENTRAL+productive
64,سوء,166,17,45,150,97.6,0.36,0,CENTRAL+productive
65,موت,165,25,53,143,99.3,0.258,0,CENTRAL+productive
66,بنو,162,10,46,132,88.2,0.249,0,CENTRAL
67,کبر,161,25,57,153,99.4,0.232,0,CENTRAL+productive
68,شهد,160,23,48,123,99.0,0.119,0,CENTRAL+productive
69,بعض,158,3,38,87,60.8,0.18,0,CENTRAL
70,نصر,158,27,46,137,99.6,0.127,0,CENTRAL+productive
71,سلم,157,19,50,142,98.2,0.1,0,CENTRAL+productive
72,صدق,155,25,49,144,99.4,0.536,0,CENTRAL+productive
73,غیر,154,5,46,146,73.9,0.29,0,CENTRAL
74,وحد,153,10,50,148,88.5,0.027,1,CENTRAL
75,وعد,151,16,51,130,96.4,0.202,0,CENTRAL+productive
76,رود,148,13,47,120,93.7,0.494,0,CENTRAL+productive
77,بصر,148,15,62,139,95.3,0.342,0,CENTRAL+productive
78,لقی,146,33,53,135,99.9,0.169,0,CENTRAL+productive
79,دون,144,1,46,142,27.4,0.547,0,CENTRAL
80,ذوی,143,8,55,136,84.2,0.027,1,CENTRAL
81,نعم,140,9,61,128,86.8,0.143,0,CENTRAL
82,وسی,136,1,34,131,3.0,0.042,1,CENTRAL
83,دنو,133,6,46,128,77.1,0.96,0,CENTRAL
84,قدر,132,18,58,121,97.8,0.027,1,CENTRAL+productive
85,نذر,130,11,50,115,90.8,0.027,1,CENTRAL+productive
86,جمع,129,18,45,123,97.7,0.19,0,CENTRAL+productive
87,سءل,129,16,47,118,96.5,0.132,0,CENTRAL+productive
88,طوع,129,24,40,118,99.2,0.0733,0,CENTRAL+productive
89,نظر,129,16,48,115,96.3,0.197,0,CENTRAL+productive
90,عظم,128,7,50,127,82.6,0.311,0,CENTRAL
91,ءهل,127,3,40,120,55.8,0.219,0,CENTRAL
92,خلف,127,31,40,116,99.9,0.739,0,CENTRAL+productive
93,دخل,126,12,45,111,92.4,0.23,0,CENTRAL+productive
94,خوف,124,16,42,112,96.7,0.408,0,CENTRAL+productive
95,بشر,123,18,47,119,97.9,0.372,0,CENTRAL+productive
96,رزق,123,9,44,109,85.9,0.311,0,CENTRAL
97,یدی,121,5,48,111,76.1,0.272,0,CENTRAL
98,عزز,120,10,48,117,89.4,0.227,0,CENTRAL
99,ءمم,119,13,42,108,94.2,0.498,0,CENTRAL+productive
100,جزی,118,15,47,109,95.8,0.251,0,CENTRAL+productive
101,ءبو,117,9,37,104,87.5,0.027,1,CENTRAL
102,نهر,113,7,51,102,82.5,0.312,0,CENTRAL
103,نفق,111,14,31,86,95.0,0.027,1,CENTRAL+productive
104,ءکل,109,10,40,101,90.4,0.28,0,CENTRAL+productive
105,حسب,109,12,40,102,91.9,0.042,1,CENTRAL+productive
106,فعل,108,11,44,102,91.1,0.223,0,CENTRAL+productive
107,ءجر,108,5,39,99,71.1,0.184,0,CENTRAL
108,وجد,107,5,32,99,71.8,0.027,1,CENTRAL
109,عدو,106,22,34,92,98.8,0.184,0,CENTRAL+productive
110,رجع,104,9,42,103,87.7,0.222,0,CENTRAL
111,فضل,104,5,32,92,75.8,0.197,0,CENTRAL
112,صبر,103,15,45,93,95.2,0.184,0,CENTRAL+productive
113,شدد,102,11,48,99,91.4,0.44,0,CENTRAL+productive
114,ولد,102,17,39,80,97.4,0.027,1,CENTRAL+productive
115,ءذن,102,13,38,90,93.3,0.245,0,CENTRAL+productive
116,دین,101,6,40,87,77.0,0.027,1,CENTRAL
117,صلو,99,9,37,90,86.7,0.027,1,CENTRAL
118,صحب,97,6,47,89,77.6,0.027,1,CENTRAL
119,بغی,96,24,41,90,99.1,0.808,0,CENTRAL+productive
120,ءخو,96,11,31,80,90.7,0.0882,0,CENTRAL+productive
121,عقب,96,15,36,90,95.8,0.184,0,CENTRAL+productive
122,قرب,96,17,41,91,97.2,0.53,0,CENTRAL+productive
123,حبب,95,13,35,85,93.9,0.187,0,CENTRAL+productive
124,لیل,92,5,49,81,75.0,0.027,1,CENTRAL
125,سجد,92,15,32,81,95.2,0.222,0,CENTRAL+productive
126,سبح,92,10,49,87,89.1,0.123,0,CENTRAL
127,لیس,89,3,33,85,54.1,0.28,0,CENTRAL
128,قرء,88,11,42,79,90.5,0.027,1,CENTRAL+productive
129,شطن,88,5,36,78,71.5,0.754,0,CENTRAL
130,توب,87,16,25,69,96.2,0.0882,0,CENTRAL+productive
131,خلد,87,10,40,86,89.7,0.402,0,CENTRAL
132,مول,86,5,38,80,73.4,0.027,1,CENTRAL
133,نجو,84,22,31,75,98.8,0.042,1,CENTRAL+productive
134,سوو,83,16,48,80,96.9,0.15,0,CENTRAL+productive
135,حرم,83,12,25,71,92.2,0.408,0,CENTRAL+productive
136,زوج,81,8,43,72,83.7,0.243,0,CENTRAL
137,نبء,80,13,36,75,93.5,0.355,0,CENTRAL+productive
138,نبو,80,7,23,77,81.4,0.027,1,CENTRAL
139,عرض,79,13,35,72,94.1,0.615,0,CENTRAL+productive
140,وجه,78,7,38,71,82.4,0.251,0,CENTRAL
141,وحی,78,8,33,70,83.8,0.198,0,CENTRAL
142,بلغ,77,12,36,73,92.9,0.574,0,CENTRAL+productive
143,جهنم,77,1,39,77,14.7,0.508,0,CENTRAL
144,صوب,77,12,27,56,92.9,0.715,0,CENTRAL+productive
145,قلل,76,7,33,74,81.2,0.579,0,CENTRAL
146,شکر,75,13,35,69,93.5,0.367,0,CENTRAL+productive
147,ءلم,75,4,42,73,62.7,0.847,0,CENTRAL
148,کلم,75,12,32,71,93.2,0.969,0,CENTRAL+productive
149,ضرر,74,17,31,70,97.2,0.941,0,CENTRAL+productive
150,فرعن,74,1,27,67,17.9,0.0526,0,CENTRAL
151,غنی,73,14,44,72,94.4,0.0526,0,CENTRAL+productive
152,بءس,73,7,33,70,81.6,0.969,0,CENTRAL
153,رضو,73,20,32,64,98.3,0.042,1,CENTRAL+productive
154,رجل,73,7,32,66,82.0,0.916,0,CENTRAL
155,بیت,73,7,29,54,83.0,0.0648,0,CENTRAL
156,فرق,72,21,30,66,98.5,0.685,0,CENTRAL+productive
157,سکن,71,18,40,68,98.0,0.349,0,CENTRAL+productive
158,یمن,71,4,34,63,62.5,0.0733,0,CENTRAL
159,عرف,71,12,26,63,92.1,0.361,0,CENTRAL+productive
160,متع,70,11,38,65,91.9,0.972,0,CENTRAL+productive
161,وکل,70,9,29,61,85.8,0.685,0,CENTRAL
162,علو,70,21,41,68,98.6,0.293,0,CENTRAL+productive
163,برهم,69,1,25,63,5.3,0.624,0,CENTRAL
164,ظنن,69,9,32,57,86.4,0.081,0,CENTRAL
165,هلک,68,13,40,63,93.4,0.517,0,CENTRAL+productive
166,حمد,68,8,44,66,83.9,0.184,0,CENTRAL
167,بعث,67,10,33,64,88.8,0.547,0,CENTRAL
168,کسب,67,4,27,60,70.0,0.402,0,CENTRAL
169,وفی,66,24,27,64,99.2,0.918,0,CENTRAL+productive
170,جرم,66,10,36,65,89.3,0.422,0,CENTRAL
171,عین,65,9,37,63,86.3,0.0526,0,ordinary
172,خسر,65,14,35,60,94.6,0.29,0,CENTRAL+productive
173,حمل,64,13,29,50,93.8,0.0526,0,productive
174,جری,64,7,43,64,80.8,0.611,0,ordinary
175,ذوق,63,13,32,61,93.4,0.213,0,productive
176,عود,63,13,39,58,93.9,0.631,0,productive
177,سحر,63,12,27,59,92.7,0.0648,0,productive
178,قضی,63,12,29,59,92.8,0.592,0,productive
179,موه,63,1,41,60,11.1,0.312,0,ordinary
180,تلو,63,15,33,61,95.5,0.439,0,productive
181,زید,62,16,32,60,96.5,0.191,0,productive
182,مسس,61,7,29,57,80.4,0.727,0,ordinary
183,فتن,60,8,32,58,83.2,0.653,0,ordinary
184,فری,60,15,24,54,95.6,0.44,0,productive
185,غیب,60,6,35,59,78.9,0.423,0,ordinary
186,زکو,59,12,29,56,92.6,0.196,0,productive
187,ظهر,59,16,30,57,96.6,0.174,0,productive
188,نسو,59,4,16,53,70.5,0.184,0,ordinary
189,ردد,59,17,30,57,97.6,0.8,0,productive
190,ضرب,58,6,28,54,78.3,0.548,0,ordinary
191,روح,57,8,40,52,84.7,0.486,0,ordinary
192,عدد,57,13,26,50,94.2,0.1,0,productive
193,قری,57,4,26,54,65.4,0.624,0,ordinary
194,نهی,56,24,26,54,99.1,0.242,0,productive
195,ذهب,56,10,30,56,88.9,0.539,0,ordinary
196,ءجل,56,4,29,48,63.4,0.522,0,ordinary
197,دور,55,7,27,53,82.1,0.592,0,ordinary
198,فسق,54,9,23,54,86.8,0.377,0,ordinary
199,ندو,52,12,26,49,92.3,0.232,0,productive
200,ضعف,52,16,21,45,96.8,0.619,0,productive
201,تحت,51,1,30,50,8.9,0.6,0,ordinary
202,حلل,51,15,21,43,96.1,0.377,0,productive
203,خبر,51,5,31,51,74.5,0.254,0,ordinary
204,فسد,50,10,23,47,90.2,0.861,0,productive
205,وری,50,9,29,47,85.7,0.31,0,ordinary
206,طیب,50,9,23,46,87.1,0.827,0,ordinary
207,نفع,50,6,31,49,77.8,0.661,0,ordinary
208,سوع,49,2,27,44,50.8,0.361,0,ordinary
209,عقل,49,4,30,49,66.7,0.983,0,ordinary
210,ءثم,48,10,21,42,89.9,0.532,0,ordinary
211,قدم,48,10,37,48,88.8,0.567,0,ordinary
212,خشی,48,10,24,40,89.5,0.223,0,ordinary
213,طعم,48,10,26,41,89.2,0.042,1,ordinary
214,عجل,47,11,25,44,90.9,0.447,0,productive
215,کرم,47,12,29,46,93.2,0.0526,0,productive
216,صدر,46,4,31,43,64.6,0.115,0,ordinary
217,عهد,46,4,17,36,67.5,0.686,0,ordinary
218,زین,46,5,28,43,72.7,0.825,0,ordinary
219,وذر,45,4,29,43,66.4,0.184,0,ordinary
220,صبح,45,10,25,43,90.2,0.191,0,productive
221,نسی,45,12,20,37,92.2,0.372,0,productive
222,صرط,45,2,25,45,39.0,0.081,0,ordinary
223,بدل,44,14,25,40,95.1,0.671,0,productive
224,یسر,44,11,27,40,91.8,0.027,1,productive
225,حفظ,44,17,23,42,97.4,0.245,0,productive
226,سرر,44,14,33,43,94.4,0.191,0,productive
227,دبر,44,10,31,44,89.5,0.365,0,ordinary
228,ترک,43,8,20,37,83.2,0.333,0,ordinary
229,نوح,43,2,28,43,38.9,0.331,0,ordinary
230,جوب,43,15,23,41,95.9,0.477,0,productive
231,فصل,43,12,24,42,93.0,0.243,0,productive
232,فوق,43,3,27,41,54.0,0.923,0,ordinary
233,حشر,43,8,28,43,85.1,0.671,0,ordinary
234,مکر,43,5,14,23,73.5,0.223,0,ordinary
235,قوی,42,6,25,39,79.1,0.444,0,ordinary
236,حزن,42,4,25,42,65.4,1,0,ordinary
237,صدد,42,6,23,41,77.5,0.473,0,ordinary
238,سخر,42,9,21,35,87.4,0.424,0,ordinary
239,بحر,42,6,25,40,78.4,0.411,0,ordinary
240,جهد,41,8,19,36,85.3,0.404,0,ordinary
241,لعن,41,10,18,36,89.4,0.847,0,ordinary
242,کره,41,9,21,35,86.5,0.447,0,ordinary
243,طوف,41,10,22,35,88.4,0.45,0,ordinary
244,جبل,41,4,33,39,67.5,0.187,0,ordinary
245,شعر,40,9,23,40,87.9,0.826,0,ordinary
246,قرن,40,11,22,38,90.8,0.392,0,productive
247,ملء,40,7,18,40,80.5,0.447,0,ordinary
248,ویل,40,4,25,38,68.2,0.027,1,ordinary
249,فلح,40,6,24,40,79.8,0.543,0,ordinary
250,ذنب,39,3,26,37,59.2,0.393,0,ordinary
251,سلط,39,4,27,39,67.0,0.77,0,ordinary
252,طغی,39,14,27,39,94.9,0.219,0,productive
253,شرب,39,11,22,34,91.5,0.196,0,productive
254,قرر,38,12,22,37,92.0,0.427,0,productive
255,فتح,38,12,25,33,92.4,0.236,0,productive
256,ذرر,38,3,21,36,60.3,0.115,0,ordinary
257,هوی,38,9,22,37,87.8,0.184,0,ordinary
258,مرء,38,8,22,37,83.6,0.107,0,ordinary
259,سبق,37,11,24,35,91.6,0.352,0,productive
260,بلو,37,16,24,34,96.8,0.313,0,productive
261,نکر,37,10,26,37,90.3,0.792,0,productive
262,حدث,36,8,28,36,83.7,0.169,0,ordinary
263,ءوی,36,11,23,36,91.1,0.252,0,productive
264,ریب,36,8,26,35,84.9,0.818,0,ordinary
265,بطل,36,6,24,34,77.1,0.96,0,ordinary
266,قطع,36,9,23,36,85.8,0.815,0,ordinary
267,ورث,35,14,20,34,94.7,0.569,0,productive
268,کید,35,6,16,29,79.9,0.027,1,ordinary
269,مرر,35,9,22,32,86.2,0.55,0,ordinary
270,غفل,35,8,21,35,84.8,1,0,ordinary
271,حین,35,1,23,33,21.2,0.611,0,ordinary
272,عفو,35,11,11,31,91.7,0.631,0,productive
273,هزء,34,9,21,32,87.7,0.715,0,ordinary
274,وثق,34,8,13,29,84.4,0.482,0,ordinary
275,جنح,34,5,14,32,75.2,0.698,0,ordinary
276,خفی,34,15,21,31,95.5,0.583,0,productive
277,ریم,34,1,12,31,1.8,0.364,0,ordinary
278,ءلی,34,1,3,34,34.0,0.027,1,ordinary
279,ظلل,33,10,20,31,89.8,0.223,0,ordinary
280,شمس,33,2,28,32,39.4,0.438,0,ordinary
281,قسم,33,11,24,31,91.8,0.184,0,productive
282,عرش,33,4,25,32,67.1,0.528,0,ordinary
283,کفی,33,5,15,32,76.0,0.482,0,ordinary
284,حجج,33,8,10,26,84.0,0.602,0,ordinary
285,جنب,33,10,21,31,88.2,0.447,0,ordinary
286,عمی,33,10,22,30,88.9,0.822,0,ordinary
287,برک,32,7,22,32,82.1,0.709,0,ordinary
288,عصی,32,10,23,32,88.7,0.601,0,ordinary
289,ثلث,32,10,20,28,88.5,0.604,0,ordinary
290,ءسف,32,4,7,30,63.8,0.027,1,ordinary
291,وصی,32,11,13,21,91.0,0.027,1,productive
292,نصب,32,7,19,29,81.2,0.1,0,ordinary
293,برر,32,5,18,30,71.1,0.333,0,ordinary
294,مدد,32,16,24,29,96.4,0.252,0,productive
295,وسع,32,7,15,29,81.3,0.752,0,ordinary
296,خلص,31,9,17,30,86.5,0.331,0,ordinary
297,بدو,31,11,16,29,91.7,0.921,0,productive
298,لبث,31,4,17,27,69.7,0.475,0,ordinary
299,طهر,31,13,18,26,93.6,0.601,0,productive
300,شفع,31,6,19,26,77.0,0.648,0,ordinary
301,هجر,31,11,17,27,91.4,0.388,0,productive
302,قعد,31,14,15,26,94.5,0.427,0,productive
303,حیث,31,2,14,29,46.1,0.661,0,ordinary
304,شرر,31,4,22,30,69.0,0.027,1,ordinary
305,غلب,31,9,18,28,87.2,0.416,0,ordinary
306,ءفک,30,10,21,29,90.0,0.462,0,productive
307,قصص,30,9,14,25,87.5,0.938,0,ordinary
308,سعی,30,7,20,28,81.1,0.174,0,ordinary
309,عسی,30,2,16,28,45.6,0.543,0,ordinary
310,صرف,30,11,17,29,91.3,0.829,0,productive
311,ءنث,30,3,17,26,55.0,0.328,0,ordinary
312,هود,30,6,12,29,76.8,0.671,0,ordinary
313,ثنی,29,12,18,24,92.1,0.983,0,productive
314,جدل,29,6,16,27,79.3,0.624,0,ordinary
315,رفع,29,9,21,29,85.5,0.107,0,ordinary
316,صیر,29,3,22,29,57.8,0.549,0,ordinary
317,فوز,29,7,21,27,82.7,0.574,0,ordinary
318,غشو,29,15,23,26,95.9,0.143,0,productive
319,برء,29,15,19,26,95.1,0.942,0,productive
320,دری,29,7,21,28,82.4,0.027,1,ordinary
321,ثوب,29,9,16,24,86.2,0.549,0,ordinary
322,جند,29,4,18,27,67.8,0.45,0,ordinary
323,ودد,29,7,18,28,81.9,0.234,0,ordinary
324,طیر,29,8,19,24,85.0,0.219,0,ordinary
325,سبع,28,5,16,24,75.1,0.279,0,ordinary
326,ثقل,28,12,19,26,92.7,0.027,1,productive
327,حوط,28,10,18,27,89.7,0.652,0,ordinary
328,شقق,28,14,21,25,94.9,0.344,0,productive
329,ءبد,28,1,15,28,1.7,0.427,0,ordinary
330,یقن,28,9,19,28,86.7,0.027,1,ordinary
331,عدل,28,6,11,24,78.0,0.583,0,ordinary
332,نشء,28,9,14,25,86.0,0.0526,0,ordinary
333,خلو,28,5,18,28,73.2,0.575,0,ordinary
334,ءین,27,2,20,27,47.6,0.735,0,ordinary
335,عمر,27,11,16,22,91.5,0.577,0,productive
336,عجب,27,7,17,24,80.2,0.574,0,ordinary
337,سیر,27,9,21,25,87.8,0.492,0,ordinary
338,مدن,27,3,15,27,59.1,0.536,0,ordinary
339,لوط,27,2,14,27,40.6,0.325,0,ordinary
340,منن,27,10,20,25,89.9,0.184,0,ordinary
341,بوب,27,5,17,24,71.5,0.526,0,ordinary
342,عشر,27,10,19,26,89.6,0.75,0,ordinary
343,قمر,27,2,23,26,41.9,0.232,0,ordinary
344,شجر,27,2,19,26,52.2,0.596,0,ordinary
345,وزر,27,8,11,14,85.2,0.123,0,ordinary
346,غرر,27,6,14,21,79.2,0.184,0,ordinary
347,مسک,27,9,17,24,87.2,0.412,0,ordinary
348,عجز,26,10,21,25,89.8,0.589,0,ordinary
349,وضع,26,7,18,24,80.3,0.187,0,ordinary
350,ثمد,26,1,21,25,10.6,0.26,0,ordinary
351,هون,26,10,19,26,88.6,0.596,0,ordinary
352,جحم,26,2,18,26,38.3,0.027,1,signature
353,نبت,26,5,21,23,73.1,0.424,0,ordinary
354,رجو,26,9,19,25,86.9,0.634,0,ordinary
355,خزی,26,8,15,24,85.2,0.792,0,ordinary
356,بسط,25,8,15,23,84.1,0.631,0,ordinary
357,حول,25,8,19,25,85.0,1,0,ordinary
358,ءدم,25,1,9,25,35.0,0.601,0,ordinary
359,لسن,25,3,18,24,56.6,0.441,0,ordinary
360,بطن,25,6,18,25,76.5,0.693,0,ordinary
361,قسط,25,5,15,22,70.8,0.418,0,ordinary
362,حضر,25,11,16,25,90.7,0.515,0,productive
363,وهب,25,5,12,22,72.5,0.245,0,ordinary
364,سقی,25,15,19,24,95.4,0.232,0,productive
365,حدد,25,7,12,20,81.7,0.317,0,ordinary
366,صلی,25,14,21,25,94.8,0.042,1,productive+signature
367,فلک,25,1,20,25,18.3,0.765,0,ordinary
368,عیس,25,1,11,25,21.6,0.569,0,ordinary
369,وعظ,25,9,14,24,87.4,0.956,0,ordinary
370,شری,25,10,8,23,88.7,0.847,0,ordinary
371,رقب,24,9,14,20,85.5,0.377,0,ordinary
372,فحش,24,3,15,23,55.6,0.915,0,ordinary
373,فجر,24,10,16,21,88.1,0.042,1,signature
374,جهل,24,8,17,24,85.4,1,0,ordinary
375,کود,24,6,19,24,76.2,0.76,0,ordinary
376,مرض,24,5,13,23,73.4,0.668,0,ordinary
377,غضب,24,4,15,21,70.1,0.346,0,ordinary
378,وقع,24,9,16,22,85.4,0.169,0,ordinary
379,ذلل,24,12,17,23,93.1,0.447,0,productive
380,ثمر,24,4,12,22,66.1,0.847,0,ordinary
381,ءذی,24,9,10,22,87.1,0.427,0,ordinary
382,غرق,23,8,18,23,85.1,0.721,0,ordinary
383,یتم,23,4,12,22,63.6,0.027,1,signature
384,مشی,23,8,14,20,84.7,0.304,0,ordinary
385,لبس,23,6,13,20,79.1,0.71,0,ordinary
386,سرف,23,8,17,21,83.3,0.886,0,ordinary
387,سرع,23,6,14,23,79.5,0.789,0,ordinary
388,وزن,23,6,14,21,77.9,0.027,1,signature
389,طلق,23,5,10,21,73.7,0.304,0,ordinary
390,نکح,23,8,6,19,84.1,0.477,0,ordinary
391,ترب,22,6,18,22,78.8,0.206,0,ordinary
392,تمم,22,6,12,20,78.7,0.923,0,ordinary
393,لدی,22,1,12,21,14.4,0.0882,0,ordinary
394,ءلف,22,8,12,19,84.5,0.027,1,signature
395,فرح,22,5,13,21,73.8,0.683,0,ordinary
396,غوی,22,8,11,18,83.1,0.427,0,ordinary
397,ربع,22,6,11,21,80.0,0.643,0,ordinary
398,عرب,22,4,15,22,67.2,0.547,0,ordinary
399,بنی,22,9,16,18,85.6,0.352,0,ordinary
400,خطء,22,8,13,20,83.4,0.411,0,ordinary
401,حذر,21,7,12,19,81.8,0.883,0,ordinary
402,شهر,21,5,9,17,71.3,0.28,0,ordinary
403,سنن,21,4,11,15,65.8,0.331,0,ordinary
404,نشر,21,15,18,20,95.6,0.222,0,productive
405,بقی,21,10,16,21,90.4,0.393,0,productive
406,کتم,21,4,7,20,68.8,0.83,0,ordinary
407,منی,21,10,10,18,89.1,0.197,0,ordinary
408,حلم,21,4,16,20,62.3,0.926,0,ordinary
409,ءثر,21,8,16,21,84.6,0.377,0,ordinary
410,فتی,21,12,7,19,92.5,0.399,0,productive
411,حمم,21,3,15,20,55.4,0.15,0,ordinary
412,حجر,21,6,14,18,77.7,0.184,0,ordinary
413,ءوب,21,7,11,21,80.9,0.042,1,signature
414,مری,20,8,16,19,84.8,0.583,0,ordinary
415,ربو,20,10,12,15,88.3,0.685,0,ordinary
416,نخل,20,4,16,20,69.4,0.471,0,ordinary
417,درج,20,3,16,20,59.8,0.978,0,ordinary
418,نفخ,20,6,17,18,77.4,0.406,0,ordinary
419,NA,20,1,19,20,35.3,0.742,0,ordinary
420,فطر,20,7,17,19,80.2,0.424,0,ordinary
421,هرن,20,1,13,20,6.1,0.685,0,ordinary
422,فقه,20,4,12,20,64.1,0.413,0,ordinary
423,حزب,20,3,13,17,56.8,0.312,0,ordinary
424,صنع,20,8,14,19,84.0,0.751,0,ordinary
425,کشف,20,7,14,20,80.0,0.511,0,ordinary
426,نزع,20,9,16,20,86.1,0.704,0,ordinary
427,سنو,20,3,17,20,58.6,0.847,0,ordinary
428,لعب,20,5,13,20,75.3,0.49,0,ordinary
429,بلد,19,4,15,19,64.4,0.0733,0,ordinary
430,رشد,19,7,9,19,81.4,0.166,0,ordinary
431,سحق,19,3,14,18,56.8,0.891,0,ordinary
432,طلع,19,9,13,18,86.1,0.0958,0,ordinary
433,فکه,19,6,12,19,76.6,0.107,0,ordinary
434,ثمن,19,6,13,19,79.0,0.743,0,ordinary
435,صور,19,5,17,17,72.1,0.311,0,ordinary
436,غرب,19,11,13,17,90.5,0.671,0,productive
437,سعر,19,3,15,19,53.1,0.191,0,ordinary
438,صفو,18,9,12,17,88.0,0.969,0,ordinary
439,فکر,18,3,13,18,53.6,0.732,0,ordinary
440,رءس,18,2,15,17,48.4,0.743,0,ordinary
441,نوب,18,7,11,18,82.3,0.372,0,ordinary
442,فرض,18,5,7,14,73.8,0.77,0,ordinary
443,ثبت,18,7,11,17,81.5,0.536,0,ordinary
444,حصن,18,7,7,12,80.1,0.436,0,ordinary
445,لدن,18,1,10,17,14.5,0.748,0,ordinary
446,خصم,18,11,12,17,91.2,0.392,0,productive
447,نفر,18,9,10,16,88.1,0.47,0,ordinary
448,مکن,18,5,12,16,73.6,0.451,0,ordinary
449,دبب,18,2,14,18,40.3,0.759,0,ordinary
450,ملل,18,3,11,16,61.4,1,0,ordinary
451,خفف,17,9,13,17,85.9,0.414,0,ordinary
452,زعم,17,4,10,16,64.3,0.532,0,ordinary
453,خشع,17,9,16,16,87.0,0.408,0,ordinary
454,سوق,17,10,13,16,88.4,0.152,0,ordinary
455,نقم,17,7,12,16,82.5,0.41,0,ordinary
456,شرق,17,7,13,17,82.8,0.644,0,ordinary
457,سور,17,5,13,16,71.0,0.628,0,ordinary
458,منع,17,8,16,17,83.5,0.198,0,ordinary
459,بوء,17,8,12,16,84.4,0.971,0,ordinary
460,عوذ,17,6,14,17,77.2,0.0526,0,ordinary
461,ربص,17,6,7,12,76.9,0.305,0,ordinary
462,خبث,16,7,9,10,80.6,0.628,0,ordinary
463,خون,16,10,8,11,89.2,0.377,0,ordinary
464,حبط,16,4,12,16,70.5,0.574,0,ordinary
465,لبب,16,1,10,16,14.2,0.654,0,ordinary
466,دود,16,1,9,16,27.5,0.28,0,ordinary
467,بلس,16,4,13,16,65.3,0.665,0,ordinary
468,مهد,16,7,13,15,81.8,0.402,0,ordinary
469,عتد,16,2,10,16,37.9,0.466,0,ordinary
470,فءد,16,3,13,15,56.3,0.257,0,ordinary
471,جهر,16,6,13,15,76.3,0.377,0,ordinary
472,علن,16,5,12,16,75.4,0.552,0,ordinary
473,لهو,16,8,13,15,83.5,0.0958,0,ordinary
474,کیل,16,6,7,13,76.7,0.242,0,ordinary
475,غلل,16,7,12,13,80.5,0.704,0,ordinary
476,غدو,16,7,13,16,80.7,0.443,0,ordinary
477,رکب,15,8,13,15,84.5,0.357,0,ordinary
478,شکک,15,1,11,15,26.3,0.61,0,ordinary
479,حرر,15,7,10,11,82.2,0.787,0,ordinary
480,بیع,15,4,8,11,68.3,0.359,0,ordinary
481,مسح,15,3,5,12,60.5,0.539,0,ordinary
482,صمم,15,3,13,14,59.7,0.998,0,ordinary
483,بدء,15,4,11,14,68.0,0.436,0,ordinary
484,کفف,15,5,9,14,70.7,0.789,0,ordinary
485,مطر,15,4,9,9,65.8,0.583,0,ordinary
486,سوم,15,5,10,15,71.0,0.79,0,ordinary
487,حرج,15,2,9,11,42.0,0.42,0,ordinary
488,فقر,14,5,11,14,75.7,0.765,0,ordinary
489,صفف,14,5,11,12,72.3,0.146,0,ordinary
490,حرث,14,2,7,11,44.2,0.536,0,ordinary
491,عطو,14,7,11,12,82.7,0.042,1,signature
492,ولج,14,4,8,9,69.8,0.354,0,ordinary
493,رسو,14,4,13,14,66.2,0.313,0,ordinary
494,ثوی,14,4,10,14,65.7,0.567,0,ordinary
495,وصف,14,3,7,14,56.4,0.539,0,ordinary
496,لوم,14,11,10,12,90.9,0.347,0,productive
497,سطر,14,5,13,14,73.0,0.379,0,ordinary
498,زرع,14,6,12,12,79.8,0.438,0,ordinary
499,صوم,14,7,6,11,80.8,0.795,0,ordinary
500,عشو,14,5,11,14,74.8,0.567,0,ordinary
501,رجم,14,9,12,14,87.6,0.423,0,ordinary
502,شعب,13,4,6,12,63.6,0.436,0,ordinary
503,نصح,13,6,6,11,77.8,0.569,0,ordinary
504,فوه,13,2,10,13,43.0,0.784,0,ordinary
505,حلف,13,3,5,12,57.3,0.245,0,ordinary
506,قرض,13,4,6,7,64.1,0.138,0,ordinary
507,شهو,13,5,13,13,71.4,0.631,0,ordinary
508,رکع,13,7,8,10,80.1,0.414,0,ordinary
509,یءس,13,6,9,11,76.7,0.379,0,ordinary
510,نجم,13,2,12,13,39.9,0.227,0,ordinary
511,خلل,13,4,11,13,66.5,0.852,0,ordinary
512,حور,13,6,10,12,79.4,0.236,0,ordinary
513,قنت,13,7,8,12,80.4,0.449,0,ordinary
514,خزن,13,3,11,13,53.3,0.438,0,ordinary
515,عصم,13,6,10,12,78.1,0.965,0,ordinary
516,بغت,13,1,10,13,7.1,0.912,0,ordinary
517,وقت,13,6,10,13,79.4,0.462,0,ordinary
518,ضیق,13,6,10,12,78.7,0.776,0,ordinary
519,طمءن,13,7,11,12,81.7,0.682,0,ordinary
520,جلد,13,4,6,9,67.3,0.386,0,ordinary
521,صیح,13,1,9,13,24.5,0.344,0,ordinary
522,فدی,13,8,10,13,83.8,0.77,0,ordinary
523,جور,13,9,10,10,86.6,0.648,0,ordinary
524,صغر,13,7,11,13,82.8,0.983,0,ordinary
525,غلم,13,4,8,13,68.9,0.352,0,ordinary
526,غلظ,13,6,10,13,79.2,0.441,0,ordinary
527,رءف,13,2,8,13,48.3,0.671,0,ordinary
528,ءبی,13,6,8,12,76.1,0.912,0,ordinary
529,عصو,12,2,6,12,44.2,0.517,0,ordinary
530,عسر,12,7,9,12,80.7,0.027,1,signature
531,رهب,12,10,10,12,90.1,0.952,0,productive
532,بخل,12,4,6,7,67.9,0.198,0,ordinary
533,نجل,12,1,6,12,9.9,0.715,0,ordinary
534,خوض,12,6,7,9,78.8,0.351,0,ordinary
535,سجن,12,4,3,12,70.3,0.0958,0,ordinary
536,طمع,12,5,10,12,73.7,0.567,0,ordinary
537,ودی,12,4,11,11,66.3,0.526,0,ordinary
538,طین,12,2,11,12,36.2,0.686,0,ordinary
539,درک,12,8,9,11,84.3,0.85,0,ordinary
540,لحم,12,3,10,12,57.5,0.699,0,ordinary
541,بیض,12,5,10,12,72.4,0.895,0,ordinary
542,عذر,12,6,8,11,79.0,0.297,0,ordinary
543,بکر,12,4,11,12,68.8,0.498,0,ordinary
544,نبذ,12,4,10,12,66.4,0.236,0,ordinary
545,وصل,12,5,7,10,73.0,0.604,0,ordinary
546,حسر,12,5,12,12,70.9,0.735,0,ordinary
547,نطق,12,4,9,11,69.2,0.37,0,ordinary
548,خرر,12,3,10,12,53.6,0.726,0,ordinary
549,نطف,12,1,11,12,9.3,0.338,0,ordinary
550,شقو,12,9,7,12,86.9,0.152,0,ordinary
551,شبه,12,6,6,9,76.4,0.952,0,ordinary
552,شمل,12,3,9,11,59.0,0.412,0,ordinary
553,کنن,12,5,11,12,75.4,0.538,0,ordinary
554,حنف,12,2,9,12,42.4,0.601,0,ordinary
555,سلک,12,6,11,12,76.8,0.34,0,ordinary
556,نیل,12,3,7,10,60.6,0.919,0,ordinary
557,سفر,12,7,9,12,81.1,0.252,0,ordinary
558,خطب,12,6,11,12,78.2,0.543,0,ordinary
559,جحد,12,2,10,12,38.2,0.663,0,ordinary
560,جبی,12,5,12,12,74.0,0.903,0,ordinary
561,شیع,12,5,9,11,71.3,0.624,0,ordinary
562,طبع,11,3,9,11,58.6,0.7,0,ordinary
563,فرر,11,7,9,10,81.5,0.245,0,ordinary
564,زبر,11,4,10,11,62.6,0.592,0,ordinary
565,یمم,11,2,7,10,46.4,0.536,0,ordinary
566,رضع,11,7,5,6,81.0,0.438,0,ordinary
567,طرق,11,5,6,11,73.3,0.0648,0,ordinary
568,طرف,11,4,11,11,66.8,0.8,0,ordinary
569,جمل,11,6,9,11,77.2,0.418,0,ordinary
570,سبب,11,5,6,10,72.8,0.569,0,ordinary
571,شفق,11,4,9,11,64.0,0.312,0,ordinary
572,حصی,11,5,10,11,75.8,0.396,0,ordinary
573,حرب,11,5,9,11,71.7,0.945,0,ordinary
574,قصر,11,7,9,11,82.9,0.425,0,ordinary
575,سفه,11,6,5,10,77.7,0.839,0,ordinary
576,صعق,11,5,8,10,72.2,0.472,0,ordinary
577,لغو,11,4,11,11,70.0,0.344,0,ordinary
578,وقد,11,6,10,11,77.3,0.219,0,ordinary
579,فءی,11,3,6,9,56.7,0.602,0,ordinary
580,عدن,11,1,11,11,23.3,0.418,0,ordinary
581,سحب,11,3,10,11,56.0,0.671,0,ordinary
582,طور,11,2,9,11,36.0,0.252,0,ordinary
583,عنب,11,4,10,11,65.5,0.46,0,ordinary
584,عون,11,7,8,10,82.2,0.258,0,ordinary
585,غمم,11,4,8,10,68.1,0.995,0,ordinary
586,برق,11,3,10,11,57.8,0.423,0,ordinary
587,وکء,11,5,10,11,72.7,0.359,0,ordinary
588,ورد,11,8,7,9,83.4,0.532,0,ordinary
589,غیظ,11,4,8,10,69.1,0.759,0,ordinary
590,زلف,10,5,8,10,70.7,0.312,0,ordinary
591,عتو,10,5,7,9,74.7,0.401,0,ordinary
592,جبر,10,3,9,10,61.7,0.666,0,ordinary
593,سود,10,9,8,9,87.3,0.953,0,ordinary
594,سفل,10,5,9,9,74.3,0.027,1,signature
595,جدد,10,4,8,10,67.7,0.424,0,ordinary
596,ضیع,10,4,8,10,69.5,1,0,ordinary
597,ضحک,10,6,8,10,78.4,0.169,0,ordinary
598,قهر,10,4,9,10,68.4,0.243,0,ordinary
599,خیل,10,5,10,10,72.4,0.859,0,ordinary
600,طول,10,5,10,10,74.1,0.59,0,ordinary
601,زیل,10,6,10,10,78.5,0.972,0,ordinary
602,دفع,10,4,8,9,63.0,0.624,0,ordinary
603,دمر,10,3,8,8,60.1,0.643,0,ordinary
604,عرج,10,5,9,10,74.6,0.317,0,ordinary
605,رعی,10,8,9,9,83.1,0.26,0,ordinary
606,ءید,10,3,8,10,55.1,0.68,0,ordinary
607,رجز,10,2,7,9,49.0,0.628,0,ordinary
608,ءصل,10,4,10,10,65.2,0.612,0,ordinary
609,رجس,10,2,7,9,49.9,0.962,0,ordinary
610,کفل,10,5,8,10,75.9,0.757,0,ordinary
611,بطش,10,5,8,8,71.2,0.308,0,ordinary
612,دمو,10,3,7,10,60.7,1,0,ordinary
613,مءی,10,2,5,7,37.0,0.496,0,ordinary
614,عزل,10,6,8,10,78.1,0.789,0,ordinary
615,رهق,10,4,7,10,63.5,0.232,0,ordinary
616,قدس,10,5,7,10,75.7,0.466,0,ordinary
617,ملو,10,5,8,9,74.2,0.661,0,ordinary
618,نقص,10,6,9,10,77.5,0.633,0,ordinary
619,حیق,10,2,9,10,46.6,0.759,0,ordinary
620,سبت,9,3,6,7,56.0,0.711,0,ordinary
621,سرق,9,7,4,7,81.0,0.36,0,ordinary
622,همم,9,2,6,8,51.4,0.969,0,ordinary
623,فضض,9,3,6,9,54.3,0.184,0,ordinary
624,صعد,9,5,8,9,72.1,0.611,0,ordinary
625,وقر,9,4,8,9,69.6,0.436,0,ordinary
626,عبر,9,4,8,9,67.4,0.604,0,ordinary
627,فرج,9,2,8,9,41.6,0.36,0,ordinary
628,زیغ,9,6,7,8,78.6,0.305,0,ordinary
629,تجر,9,1,7,8,8.9,0.242,0,ordinary
630,بقر,9,3,3,9,61.8,0.896,0,ordinary
631,زنی,9,6,4,5,79.7,0.274,0,ordinary
632,عزم,9,3,7,9,54.6,0.804,0,ordinary
633,غنم,9,2,6,9,42.3,0.402,0,ordinary
634,لون,9,2,5,7,36.9,0.436,0,ordinary
635,رمی,9,4,5,7,63.3,0.119,0,ordinary
636,ذبح,9,4,6,9,63.7,0.787,0,ordinary
637,عوم,9,3,5,7,57.2,0.717,0,ordinary
638,عوج,9,2,7,9,47.1,0.912,0,ordinary
639,نوم,9,3,9,9,61.1,0.543,0,ordinary
640,صحف,9,3,8,9,60.1,0.0733,0,ordinary
641,حلی,9,4,8,9,62.1,0.569,0,ordinary
642,کنز,9,4,6,7,62.4,0.789,0,ordinary
643,فیض,9,4,7,8,64.0,1,0,ordinary
644,قذف,9,4,6,8,63.7,0.452,0,ordinary
645,نقض,9,4,7,9,65.5,0.184,0,ordinary
646,قبض,9,5,6,7,75.5,0.628,0,ordinary
647,حرق,9,4,8,9,61.9,0.466,0,ordinary
648,دوم,9,4,6,9,65.1,0.646,0,ordinary
649,وهن,9,5,7,8,72.6,0.583,0,ordinary
650,برز,9,3,8,9,60.4,0.583,0,ordinary
651,عکف,9,6,7,9,76.4,0.868,0,ordinary
652,بثث,9,5,9,9,72.8,0.184,0,ordinary
653,عنق,9,2,8,9,47.0,0.734,0,ordinary
654,ستت,8,2,8,8,48.1,0.569,0,ordinary
655,لطف,8,3,8,8,56.6,0.702,0,ordinary
656,ترف,8,4,7,8,69.7,0.601,0,ordinary
657,ختم,8,6,7,8,76.2,0.222,0,ordinary
658,عیش,8,4,8,8,70.1,0.197,0,ordinary
659,کلف,8,4,7,8,63.0,0.867,0,ordinary
660,قبر,8,4,8,8,64.5,0.042,1,signature
661,غبر,8,2,7,8,46.3,0.42,0,ordinary
662,ءنی,8,5,8,8,75.2,0.325,0,ordinary
663,صلب,8,4,7,8,62.8,0.372,0,ordinary
664,هبط,8,2,4,8,51.2,0.978,0,ordinary
665,خضر,8,4,7,8,67.3,0.574,0,ordinary
666,فرط,8,4,6,8,69.3,0.921,0,ordinary
667,سلف,8,3,7,8,54.6,0.799,0,ordinary
668,سقط,8,6,8,8,78.0,0.803,0,ordinary
669,برهن,8,2,7,8,47.9,0.915,0,ordinary
670,عقر,8,3,7,8,54.8,0.275,0,ordinary
671,رغب,8,6,7,8,79.5,0.146,0,ordinary
672,رجف,8,4,5,7,67.6,0.243,0,ordinary
673,درس,8,5,7,8,72.0,0.759,0,ordinary
674,بهت,8,4,6,8,63.4,0.789,0,ordinary
675,صفح,8,5,6,7,72.3,0.413,0,ordinary
676,حجب,8,3,8,8,55.8,0.519,0,ordinary
677,ضرع,8,5,4,8,73.3,0.398,0,ordinary
678,صوت,8,2,4,5,40.8,0.183,0,ordinary
679,خمس,8,4,7,8,66.6,0.528,0,ordinary
680,وبل,8,3,6,7,61.3,0.438,0,ordinary
681,خسف,8,3,7,8,53.3,0.423,0,ordinary
682,سری,8,4,8,8,65.6,0.427,0,ordinary
683,سکر,7,4,5,6,68.7,0.444,0,ordinary
684,غرف,7,5,5,5,74.4,0.741,0,ordinary
685,نسک,7,4,3,6,68.7,0.652,0,ordinary
686,نکث,7,3,5,6,60.7,0.567,0,ordinary
687,حظظ,7,2,5,7,43.7,0.966,0,ordinary
688,نصف,7,1,3,7,7.6,0.274,0,ordinary
689,بضع,7,2,2,6,51.0,0.272,0,ordinary
690,عصف,7,5,6,6,74.9,0.0526,0,ordinary
691,موج,7,2,5,6,35.7,0.698,0,ordinary
692,بعل,7,3,5,5,61.3,0.648,0,ordinary
693,برج,7,4,6,6,66.0,0.379,0,ordinary
694,عمه,7,1,7,7,22.3,0.923,0,ordinary
695,علق,7,3,6,6,57.1,0.24,0,ordinary
696,عمد,7,4,7,7,66.3,0.184,0,ordinary
697,عقد,7,3,5,7,54.9,0.162,0,ordinary
698,مکث,7,5,7,7,73.5,0.865,0,ordinary
699,بخس,7,4,6,7,67.8,0.748,0,ordinary
700,ءجج,7,4,5,5,64.8,0.536,0,ordinary
701,قسو,7,3,6,6,55.3,0.962,0,ordinary
702,ضحو,7,3,5,7,58.4,0.0526,0,ordinary
703,فیء,7,4,5,6,63.9,0.274,0,ordinary
704,نوق,7,1,6,7,7.3,0.254,0,ordinary
705,خطف,7,6,6,6,78.2,0.693,0,ordinary
706,حبل,7,2,5,6,46.0,0.166,0,ordinary
707,سرح,7,5,3,5,74.4,0.422,0,ordinary
708,خمر,7,2,5,7,36.5,0.795,0,ordinary
709,زکر,7,1,4,6,32.1,0.715,0,ordinary
710,ندم,7,2,6,7,40.0,0.715,0,ordinary
711,زیت,7,4,5,6,68.5,0.191,0,ordinary
712,دکک,7,4,4,4,65.0,0.027,1,signature
713,دلل,7,4,5,7,62.2,0.407,0,ordinary
714,بکی,7,5,6,7,72.0,0.344,0,ordinary
715,وعی,7,6,4,4,79.6,0.198,0,ordinary
716,تسع,7,4,5,6,69.8,0.402,0,ordinary
717,خول,7,3,5,6,58.1,0.738,0,ordinary
718,ردی,6,5,6,6,71.9,0.283,0,ordinary
719,رصد,6,5,4,6,72.9,0.21,0,ordinary
720,ءدی,6,4,4,5,62.1,0.836,0,ordinary
721,ثقف,6,3,6,6,61.6,0.804,0,ordinary
722,ندد,6,1,5,6,8.5,0.827,0,ordinary
723,فرش,6,4,6,6,69.3,0.198,0,ordinary
724,زور,6,4,5,6,68.5,0.1,0,ordinary
725,دءب,6,3,5,6,60.4,0.743,0,ordinary
726,وطء,6,5,4,5,74.3,0.427,0,ordinary
727,بکم,6,3,5,6,59.5,1,0,ordinary
728,زلزل,6,4,4,4,62.7,0.042,1,signature
729,غیث,6,3,5,5,56.1,0.631,0,ordinary
730,تبر,6,5,4,4,72.5,0.431,0,ordinary
731,زجر,6,5,3,5,76.0,0.197,0,ordinary
732,میل,6,5,1,3,73.1,0.516,0,ordinary
733,مرج,6,4,3,6,66.9,0.173,0,ordinary
734,مهل,6,2,5,5,35.6,0.0648,0,ordinary
735,کءس,6,2,5,6,48.5,0.227,0,ordinary
736,لوح,6,3,4,6,54.3,0.28,0,ordinary
737,کرر,6,2,6,6,52.6,0.425,0,ordinary
738,ذرء,6,2,6,6,52.0,0.714,0,ordinary
739,غرم,6,5,5,6,74.5,0.393,0,ordinary
740,کلب,6,2,3,4,51.5,0.464,0,ordinary
741,صید,6,2,1,5,40.3,0.402,0,ordinary
742,همن,6,1,3,6,4.8,0.436,0,ordinary
743,فخر,6,4,5,6,63.1,0.432,0,ordinary
744,سدد,6,3,4,5,57.0,0.508,0,ordinary
745,خلط,6,4,6,6,66.5,0.984,0,ordinary
746,ضوء,6,3,5,6,58.2,0.971,0,ordinary
747,فزع,6,1,4,6,19.7,0.462,0,ordinary
748,فرغ,6,4,6,6,64.6,0.119,0,ordinary
749,ضیف,6,2,5,6,36.6,0.363,0,ordinary
750,لءلء,6,2,6,6,46.8,0.36,0,ordinary
751,لحق,6,2,6,6,47.0,0.42,0,ordinary
752,لحد,6,3,6,6,57.6,0.664,0,ordinary
753,حرف,6,3,5,6,55.2,0.971,0,ordinary
754,قنط,6,5,5,6,74.0,0.46,0,ordinary
755,قمص,6,1,1,6,15.9,0.234,0,ordinary
756,نزغ,6,2,4,4,40.1,0.648,0,ordinary
757,حبر,6,3,4,6,55.9,0.793,0,ordinary
758,صرر,6,4,5,6,64.9,0.379,0,ordinary
759,حطم,6,3,5,6,53.5,0.027,1,signature
760,حسس,6,4,4,6,64.2,0.715,0,ordinary
761,شفی,6,3,6,6,58.3,0.919,0,ordinary
762,قصد,6,5,5,6,71.8,0.486,0,ordinary
763,حصد,6,4,6,6,64.4,0.795,0,ordinary
764,حصر,6,5,5,6,75.5,1,0,ordinary
765,کهف,6,1,1,6,1.1,0.243,0,ordinary
766,ءسر,6,5,4,6,70.6,0.279,0,ordinary
767,حمی,6,4,5,5,63.3,0.123,0,ordinary
768,حمر,6,3,6,6,55.4,0.367,0,ordinary
769,مقت,6,2,4,5,35.6,0.385,0,ordinary
770,کظم,6,3,6,6,57.6,0.654,0,ordinary
771,کوکب,5,3,5,5,53.4,0.302,0,ordinary
772,کمل,5,4,3,5,62.0,0.986,0,ordinary
773,شرح,5,4,5,5,69.1,0.15,0,ordinary
774,شرع,5,4,4,5,69.0,0.522,0,ordinary
775,حوت,5,2,4,5,42.6,0.544,0,ordinary
776,نفد,5,4,4,4,63.1,0.638,0,ordinary
777,حیص,5,2,5,5,45.7,0.601,0,ordinary
778,عنت,5,2,5,5,44.7,0.826,0,ordinary
779,مرد,5,5,5,5,74.7,0.891,0,ordinary
780,ذرع,5,4,4,4,64.7,0.243,0,ordinary
781,دهن,5,5,4,4,71.4,0.232,0,ordinary
782,رفق,5,4,3,5,69.9,0.643,0,ordinary
783,برد,5,3,5,5,61.6,0.359,0,ordinary
784,عمم,5,3,3,3,56.5,0.631,0,ordinary
785,لوی,5,4,3,5,67.4,0.522,0,ordinary
786,لین,5,5,5,5,75.0,0.697,0,ordinary
787,عصب,5,2,4,5,45.6,0.799,0,ordinary
788,عصر,5,5,4,5,74.8,0.042,1,signature
789,بغض,5,1,3,5,7.1,0.596,0,ordinary
790,نقذ,5,4,4,5,65.3,0.508,0,ordinary
791,قرع,5,1,3,5,17.6,0.027,1,signature
792,قرف,5,3,3,4,54.5,0.771,0,ordinary
793,شطر,5,1,1,3,27.3,0.809,0,ordinary
794,شحح,5,2,4,4,52.7,0.412,0,ordinary
795,شتت,5,3,5,5,60.0,0.119,0,ordinary
796,دلو,5,5,4,4,71.6,0.663,0,ordinary
797,بور,5,4,4,5,62.3,0.42,0,ordinary
798,مید,5,2,4,5,35.8,0.754,0,ordinary
799,لمس,5,3,5,5,54.9,0.634,0,ordinary
800,لزم,5,3,5,5,56.7,0.76,0,ordinary
801,عتب,5,2,4,4,37.8,0.423,0,ordinary
802,عثو,5,1,5,5,22.8,0.968,0,ordinary
803,وسوس,5,4,4,5,66.0,0.027,1,signature
804,قطر,5,4,5,5,62.4,0.638,0,ordinary
805,شهب,5,3,4,5,61.7,0.243,0,ordinary
806,قتر,5,5,5,5,75.6,0.422,0,ordinary
807,قدد,5,2,2,5,43.4,0.331,0,ordinary
808,قفو,5,2,4,4,41.7,0.532,0,ordinary
809,درء,5,4,5,5,62.6,0.933,0,ordinary
810,طوی,5,4,4,4,68.0,0.418,0,ordinary
811,ثبر,5,2,3,4,36.3,0.219,0,ordinary
812,وزع,5,2,3,5,49.6,0.383,0,ordinary
813,خوی,5,1,5,5,24.8,0.612,0,ordinary
814,خیب,5,2,4,5,40.2,0.245,0,ordinary
815,فرد,5,2,4,5,41.3,0.618,0,ordinary
816,طمس,5,3,5,5,59.0,0.418,0,ordinary
817,وسط,5,4,4,5,66.8,0.184,0,ordinary
818,ثور,5,3,4,5,61.1,0.169,0,ordinary
819,زهق,5,4,3,4,62.0,0.727,0,ordinary
820,خدع,5,3,3,3,53.7,0.982,0,ordinary
821,خرص,5,3,4,5,53.4,0.645,0,ordinary
822,صبب,5,4,4,4,64.3,0.152,0,ordinary
823,نکل,5,4,5,5,65.0,0.388,0,ordinary
824,حسد,5,5,4,4,70.8,0.027,1,signature
825,حصب,5,2,5,5,43.2,0.481,0,ordinary
826,سبط,5,2,4,5,47.8,1,0,ordinary
827,طرد,5,3,3,4,58.4,0.794,0,ordinary
828,جثم,5,1,3,5,11.3,0.787,0,ordinary
829,خطو,5,1,3,4,24.1,0.832,0,ordinary
830,خنزر,5,2,4,5,36.8,0.989,0,ordinary
831,سدس,5,2,3,4,48.1,0.728,0,ordinary
832,وجل,5,4,4,5,67.1,0.436,0,ordinary
833,جلو,5,4,4,5,65.7,0.183,0,ordinary
834,هیت,5,2,5,5,50.6,0.924,0,ordinary
835,نشز,5,4,3,4,68.1,0.402,0,ordinary
836,هلل,5,2,4,5,47.4,1,0,ordinary
837,صنم,5,2,5,5,40.7,0.894,0,ordinary
838,جوز,5,2,5,5,44.5,0.913,0,ordinary
839,جوع,5,2,5,5,45.8,0.0958,0,ordinary
840,صدف,5,3,2,3,60.2,0.68,0,ordinary
841,صرخ,5,5,4,4,71.7,0.497,0,ordinary
842,حرص,5,4,5,5,65.1,1,0,ordinary
843,نسف,5,4,2,3,70.4,0.234,0,ordinary
844,سنبل,5,4,2,4,65.9,0.671,0,ordinary
845,صفر,5,3,5,5,59.4,0.447,0,ordinary
846,فوت,5,3,5,5,54.1,0.438,0,ordinary
847,فوج,5,3,5,5,53.8,0.081,0,ordinary
848,هزز,5,3,5,5,60.0,0.765,0,ordinary
849,صدع,5,4,5,5,64.7,0.217,0,ordinary
850,مصر,5,2,4,5,38.1,0.806,0,ordinary
851,کسف,5,1,5,5,34.7,0.587,0,ordinary
852,کسو,5,4,4,5,64.8,1,0,ordinary
853,مضی,5,5,5,5,74.1,0.648,0,ordinary
854,ءرک,5,1,4,5,1.5,0.184,0,ordinary
855,ذمم,5,3,3,5,59.3,0.528,0,ordinary
856,رعب,5,2,5,5,47.3,0.751,0,ordinary
857,ربط,5,4,4,5,69.4,0.74,0,ordinary
858,رحل,4,3,2,4,61.8,0.0733,0,ordinary
859,رحب,4,2,2,4,49.7,0.436,0,ordinary
860,رتل,4,2,2,2,50.1,0.173,0,ordinary
861,رذل,4,3,4,4,54.0,0.866,0,ordinary
862,ءیک,4,1,4,4,3.3,0.51,0,ordinary
863,غسق,4,4,4,4,70.3,0.107,0,ordinary
864,غسل,4,4,4,4,70.2,0.55,0,ordinary
865,غضض,4,3,3,4,55.7,0.402,0,ordinary
866,عور,4,2,2,3,45.0,0.532,0,ordinary
867,سلح,4,1,1,1,31.9,0.691,0,ordinary
868,فور,4,3,4,4,53.9,0.601,0,ordinary
869,سقر,4,1,2,4,30.2,0.152,0,ordinary
870,سفن,4,1,2,3,31.1,0.46,0,ordinary
871,ءمد,4,2,4,4,52.3,0.508,0,ordinary
872,ءمس,4,1,2,4,2.4,0.47,0,ordinary
873,کعب,4,3,2,4,57.4,0.382,0,ordinary
874,سقف,4,2,4,4,49.2,0.538,0,ordinary
875,صلصل,4,1,2,4,25.7,0.206,0,ordinary
876,سمر,4,2,2,4,50.7,0.423,0,ordinary
877,خسء,4,3,4,4,54.7,0.652,0,ordinary
878,خصص,4,3,4,4,60.9,0.762,0,ordinary
879,هیء,4,3,3,4,58.8,0.809,0,ordinary
880,سفح,4,3,3,4,53.0,0.993,0,ordinary
881,لجج,4,3,4,4,57.7,0.533,0,ordinary
882,هنء,4,1,4,4,4.8,0.285,0,ordinary
883,صرح,4,2,3,3,38.9,0.628,0,ordinary
884,نسخ,4,4,4,4,70.4,0.802,0,ordinary
885,خرق,4,2,3,3,44.9,0.77,0,ordinary
886,نسل,4,2,4,4,40.4,0.597,0,ordinary
887,سمم,4,2,4,4,50.3,0.422,0,ordinary
888,سمن,4,3,3,4,61.4,0.222,0,ordinary
889,قنطر,4,4,2,3,68.4,0.847,0,ordinary
890,جهز,4,2,1,2,44.4,0.333,0,ordinary
891,طفل,4,3,3,4,59.1,0.648,0,ordinary
892,قلم,4,2,4,4,41.8,0.152,0,ordinary
893,شیخ,4,3,4,4,58.7,0.902,0,ordinary
894,طلب,4,4,3,3,66.1,0.693,0,ordinary
895,دحض,4,3,4,4,60.3,0.732,0,ordinary
896,زول,4,3,2,3,56.1,0.331,0,ordinary
897,قلد,4,2,3,4,41.7,0.756,0,ordinary
898,طوق,4,3,2,4,60.6,0.984,0,ordinary
899,دخر,4,2,4,4,39.8,0.765,0,ordinary
900,ورق,4,2,4,4,49.5,0.969,0,ordinary
901,ودع,4,3,4,4,58.8,0.197,0,ordinary
902,درر,4,2,4,4,40.6,0.549,0,ordinary
903,لمز,4,3,3,4,55.0,0.127,0,ordinary
904,سحت,4,2,2,4,48.7,0.714,0,ordinary
905,نحت,4,2,4,4,39.9,0.706,0,ordinary
906,دحر,4,2,3,4,40.4,0.706,0,ordinary
907,سجل,4,2,4,4,48.2,0.115,0,ordinary
908,فلق,4,3,3,4,53.1,0.1,0,ordinary
909,نعج,4,2,1,2,41.0,0.19,0,ordinary
910,سرب,4,4,4,4,66.7,0.42,0,ordinary
911,طبق,4,3,3,3,57.7,0.107,0,ordinary
912,جدر,4,4,3,4,67.7,0.596,0,ordinary
913,سرج,4,1,4,4,32.7,0.275,0,ordinary
914,خفض,4,2,4,4,36.1,0.56,0,ordinary
915,سدر,4,2,3,4,50.9,0.234,0,ordinary
916,جرح,4,4,3,4,67.0,0.729,0,ordinary
917,فشل,4,2,2,4,44.0,0.663,0,ordinary
918,سخط,4,3,4,4,56.9,0.827,0,ordinary
919,جسد,4,1,4,4,12.3,0.781,0,ordinary
920,شور,4,4,4,4,63.8,0.866,0,ordinary
921,سول,4,1,3,4,30.9,0.643,0,ordinary
922,مجد,4,1,3,4,13.1,0.127,0,ordinary
923,کرب,4,1,3,4,2.6,0.547,0,ordinary
924,مزق,4,2,1,2,38.0,0.197,0,ordinary
925,بدع,4,3,4,4,61.5,0.735,0,ordinary
926,عفف,4,2,3,4,45.2,0.762,0,ordinary
927,رقی,4,4,3,3,63.2,0.361,0,ordinary
928,حمء,4,2,2,4,41.4,0.245,0,ordinary
929,نفل,4,2,3,3,38.6,0.615,0,ordinary
930,غور,4,3,3,4,56.2,0.596,0,ordinary
931,عقم,4,2,3,4,44.3,0.28,0,ordinary
932,غمر,4,2,3,4,42.3,0.476,0,ordinary
933,غوث,4,4,4,4,68.6,0.418,0,ordinary
934,مهن,4,1,4,4,11.1,0.285,0,ordinary
935,میز,4,3,4,4,58.9,0.543,0,ordinary
936,عزر,4,3,4,4,54.7,0.866,0,ordinary
937,رکن,4,2,3,4,51.1,0.552,0,ordinary
938,شءن,4,1,4,4,29.7,0.313,0,ordinary
939,قصو,4,3,4,4,55.3,0.748,0,ordinary
940,حیض,4,2,2,2,46.5,0.227,0,ordinary
941,سیل,4,3,2,3,59.7,0.322,0,ordinary
942,نمل,4,3,2,2,58.1,0.402,0,ordinary
943,عجم,4,3,3,3,61.2,0.486,0,ordinary
944,نقر,4,3,2,3,58.0,0.198,0,ordinary
945,وقف,4,3,3,4,55.7,0.728,0,ordinary
946,زلل,4,4,3,4,62.8,1,0,ordinary
947,بول,4,1,3,4,7.8,0.368,0,ordinary
948,وفق,4,4,3,4,69.5,0.475,0,ordinary
949,تبب,4,3,3,3,59.9,0.027,1,signature
950,کوب,4,1,4,4,34.7,0.197,0,ordinary
951,یبس,4,3,3,4,54.4,0.77,0,ordinary
952,ءفل,4,2,1,3,51.9,0.582,0,ordinary
953,ءسی,4,2,3,4,52.1,0.769,0,ordinary
954,نصو,4,2,3,4,40.9,0.0526,0,ordinary
955,زخرف,4,2,4,4,50.9,0.852,0,ordinary
956,سلل,3,2,3,3,49.3,0.508,0,ordinary
957,سلو,3,1,3,3,30.8,0.982,0,ordinary
958,هزم,3,3,3,3,58.0,0.549,0,ordinary
959,لجء,3,2,2,3,46.9,0.693,0,ordinary
960,هطع,3,1,3,3,5.2,0.31,0,ordinary
961,سندس,3,1,3,3,30.6,0.325,0,ordinary
962,نسب,3,2,3,3,41.2,0.652,0,ordinary
963,نکس,3,3,3,3,59.8,0.466,0,ordinary
964,حدق,3,1,3,3,16.6,0.227,0,ordinary
965,حرض,3,2,3,3,41.3,0.921,0,ordinary
966,همز,3,3,3,3,58.3,0.127,0,ordinary
967,فقد,3,2,2,3,43.4,0.652,0,ordinary
968,جیب,3,2,3,3,45.9,0.751,0,ordinary
969,جود,3,3,3,3,57.0,0.1,0,ordinary
970,ءلس,3,2,2,3,52.0,0.486,0,ordinary
971,ءزر,3,2,3,3,42.9,0.714,0,ordinary
972,ءسس,3,1,1,2,1.5,0.624,0,ordinary
973,ءزف,3,2,2,2,43.1,0.223,0,ordinary
974,أله,3,3,3,3,52.9,0.685,0,ordinary
975,رغد,3,1,2,3,32.5,0.982,0,ordinary
976,عیر,3,1,1,3,22.4,0.468,0,ordinary
977,ردف,3,3,3,3,53.9,0.365,0,ordinary
978,مضغ,3,1,2,2,10.6,0.474,0,ordinary
979,ءلو,3,3,3,3,56.3,0.982,0,ordinary
980,ءنف,3,2,2,2,48.4,0.648,0,ordinary
981,ءبل,3,2,3,3,52.6,0.0733,0,ordinary
982,صرم,3,3,1,3,59.3,0.115,0,ordinary
983,صرصر,3,2,3,3,39.0,0.331,0,ordinary
984,سلخ,3,2,3,3,49.1,0.803,0,ordinary
985,صخر,3,2,3,3,38.7,0.272,0,ordinary
986,سءم,3,2,2,3,48.9,0.422,0,ordinary
987,ظمء,3,3,3,3,61.0,0.852,0,ordinary
988,خیط,3,2,2,2,40.2,1,0,ordinary
989,عبس,3,2,3,3,37.7,0.204,0,ordinary
990,ثلل,3,1,1,3,10.7,0.158,0,ordinary
991,نکف,3,2,1,2,50.0,0.75,0,ordinary
992,صبغ,3,2,2,2,39.3,0.897,0,ordinary
993,صبو,3,2,2,3,38.7,0.536,0,ordinary
994,خذل,3,3,3,3,53.7,0.829,0,ordinary
995,شکو,3,3,3,3,58.5,0.602,0,ordinary
996,شیب,3,2,3,3,39.2,0.388,0,ordinary
997,صبء,3,2,3,3,39.3,0.968,0,ordinary
998,طفق,3,1,3,3,23.8,0.757,0,ordinary
999,جءر,3,2,2,3,35.5,0.496,0,ordinary
1000,نحس,3,3,3,3,57.9,0.371,0,ordinary
1001,جلت,3,1,1,3,13.6,0.947,0,ordinary
1002,وتر,3,3,3,3,60.8,0.257,0,ordinary
1003,وثن,3,2,2,3,49.4,0.496,0,ordinary
1004,وجس,3,1,3,3,3.9,0.569,0,ordinary
1005,فزز,3,2,1,3,44.0,0.412,0,ordinary
1006,فسح,3,3,1,1,57.3,0.166,0,ordinary
1007,ضجع,3,1,3,3,26.1,0.643,0,ordinary
1008,خفت,3,2,3,3,36.0,0.496,0,ordinary
1009,وتد,3,2,3,3,49.6,0.206,0,ordinary
1010,جدث,3,1,3,3,11.3,0.274,0,ordinary
1011,ستر,3,3,3,3,55.5,0.737,0,ordinary
1012,سجر,3,3,3,3,55.6,0.219,0,ordinary
1013,جثو,3,2,2,3,38.2,0.408,0,ordinary
1014,طفء,3,2,3,3,36.7,0.47,0,ordinary
1015,فجج,3,2,3,3,41.5,0.411,0,ordinary
1016,فرت,3,2,3,3,41.6,0.331,0,ordinary
1017,سربل,3,1,2,2,32.8,0.625,0,ordinary
1018,ضغث,3,2,3,3,36.7,0.693,0,ordinary
1019,جزء,3,2,3,3,37.6,0.68,0,ordinary
1020,جذع,3,2,2,3,37.4,0.493,0,ordinary
1021,سلسل,3,2,3,3,49.1,0.295,0,ordinary
1022,لفو,3,2,3,3,45.3,0.847,0,ordinary
1023,لقف,3,1,3,3,14.9,0.871,0,ordinary
1024,لقم,3,2,2,3,45.4,0.311,0,ordinary
1025,دعع,3,2,2,2,38.4,0.081,0,ordinary
1026,لذذ,3,2,3,3,44.6,0.509,0,ordinary
1027,زقم,3,1,3,3,33.8,0.383,0,ordinary
1028,لهب,3,1,2,3,14.8,0.027,1,signature
1029,زفر,3,2,3,3,51.3,0.737,0,ordinary
1030,زجو,3,2,3,3,51.9,0.829,0,ordinary
1031,زبد,3,2,1,1,51.6,0.236,0,ordinary
1032,متن,3,1,3,3,13.9,0.379,0,ordinary
1033,لفف,3,3,3,3,52.9,0.232,0,ordinary
1034,فتل,3,1,2,3,18.9,0.909,0,ordinary
1035,رهط,3,1,2,3,32.9,0.664,0,ordinary
1036,رهن,3,3,3,3,55.1,0.331,0,ordinary
1037,شحن,3,1,3,3,28.4,0.624,0,ordinary
1038,عرو,3,2,3,3,37.2,0.727,0,ordinary
1039,عری,3,2,3,3,37.3,0.429,0,ordinary
1040,بهم,3,1,2,3,7.9,0.632,0,ordinary
1041,بهج,3,2,3,3,38.6,0.565,0,ordinary
1042,فتر,3,2,3,3,42.2,0.744,0,ordinary
1043,قبس,3,2,3,3,43.3,0.653,0,ordinary
1044,حضض,3,2,3,3,42.7,0.081,0,ordinary
1045,خبت,3,3,2,3,57.4,0.602,0,ordinary
1046,شنء,3,2,2,3,39.4,0.027,1,signature
1047,نضد,3,2,3,3,40.9,0.418,0,ordinary
1048,نضر,3,2,3,3,41.0,0.184,0,ordinary
1049,سوغ,3,3,3,3,58.7,0.674,0,ordinary
1050,روغ,3,1,2,3,0.4,0.331,0,ordinary
1051,برزخ,3,2,3,3,47.1,0.51,0,ordinary
1052,برح,3,2,3,3,50.3,0.847,0,ordinary
1053,کبت,3,2,2,2,48.6,0.277,0,ordinary
1054,رکض,3,3,2,3,54.4,0.494,0,ordinary
1055,رکم,3,3,3,3,54.2,0.476,0,ordinary
1056,نءی,3,2,3,3,35.4,0.783,0,ordinary
1057,نثر,3,2,3,3,36.3,0.166,0,ordinary
1058,سیح,3,3,2,3,59.6,0.456,0,ordinary
1059,شءم,3,1,2,2,29.8,0.123,0,ordinary
1060,لفت,3,2,3,3,46.6,0.713,0,ordinary
1061,شطط,3,2,3,3,51.6,0.424,0,ordinary
1062,رمن,3,1,2,3,33.0,0.596,0,ordinary
1063,مور,3,2,2,2,35.7,0.173,0,ordinary
1064,محو,3,3,3,3,53.2,0.693,0,ordinary
1065,مرح,3,2,3,3,37.3,0.653,0,ordinary
1066,بذر,3,3,1,2,61.0,0.412,0,ordinary
1067,مزج,3,1,2,3,12.0,0.174,0,ordinary
1068,رقم,3,2,2,3,52.3,0.152,0,ordinary
1069,ذقن,3,1,2,3,28.6,0.576,0,ordinary
1070,ذرو,3,3,2,2,59.4,0.232,0,ordinary
1071,ذءب,3,1,1,3,27.3,0.47,0,ordinary
1072,حفو,3,3,3,3,56.4,0.644,0,ordinary
1073,نقب,3,3,3,3,59.6,0.644,0,ordinary
1074,قرح,3,1,1,2,17.8,0.735,0,ordinary
1075,قرد,3,1,3,3,17.8,1,0,ordinary
1076,حوج,3,1,3,3,20.2,0.601,0,ordinary
1077,نفذ,3,2,1,1,38.4,0.162,0,ordinary
1078,ءصر,3,2,3,3,51.7,1,0,ordinary
1079,ءسو,3,1,2,3,1.4,0.227,0,ordinary
1080,ءفف,3,1,3,3,34.2,0.662,0,ordinary
1081,کور,3,2,2,2,42.9,0.23,0,ordinary
1082,ءفق,3,2,3,3,51.7,0.184,0,ordinary
1083,ءرب,2,2,2,2,52.5,0.74,0,ordinary
1084,ءزز,2,2,1,1,52.4,0.414,0,ordinary
1085,یسع,2,1,2,2,35.2,0.7,0,ordinary
1086,غرو,2,2,2,2,46.1,0.847,0,ordinary
1087,عوق,2,2,2,2,44.3,0.364,0,ordinary
1088,عهن,2,1,2,2,20.7,0.081,0,ordinary
1089,عنکب,2,1,1,1,20.8,0.408,0,ordinary
1090,غوص,2,2,2,2,42.4,0.602,0,ordinary
1091,غلی,2,2,1,2,42.2,0.184,0,ordinary
1092,غلو,2,1,2,2,20.6,0.982,0,ordinary
1093,غلف,2,1,2,2,18.9,1,0,ordinary
1094,بدن,2,1,2,2,4.2,0.759,0,ordinary
1095,بدر,2,2,2,2,49.7,0.998,0,ordinary
1096,بخع,2,1,2,2,4.2,0.751,0,ordinary
1097,بتل,2,2,1,1,50.2,0.15,0,ordinary
1098,ءوه,2,1,2,2,3.4,0.908,0,ordinary
1099,بسس,2,2,1,1,47.6,0.219,0,ordinary
1100,بسر,2,2,2,2,47.7,0.219,0,ordinary
1101,بزغ,2,2,1,2,47.9,0.787,0,ordinary
1102,برم,2,2,1,1,48.0,0.344,0,ordinary
1103,برص,2,1,2,2,5.3,0.969,0,ordinary
1104,برأ,2,1,1,2,4.1,0.081,0,ordinary
1105,کرس,2,1,2,2,2.6,0.739,0,ordinary
1106,کدح,2,2,1,1,49.0,0.081,0,ordinary
1107,عطل,2,2,2,2,45.1,0.204,0,ordinary
1108,عضل,2,1,2,2,21.9,1,0,ordinary
1109,عضض,2,2,2,2,45.1,0.789,0,ordinary
1110,عضد,2,2,2,2,45.0,0.789,0,ordinary
1111,عزب,2,1,2,2,21.7,0.671,0,ordinary
1112,عرر,2,2,2,2,37.2,0.588,0,ordinary
1113,غیض,2,2,2,2,42.1,0.698,0,ordinary
1114,بعر,2,1,1,2,5.6,0.598,0,ordinary
1115,بعثر,2,1,2,2,5.7,0.081,0,ordinary
1116,بطر,2,2,2,2,51.0,0.734,0,ordinary
1117,بسل,2,2,1,1,51.1,0.767,0,ordinary
1118,کبب,2,2,2,2,48.6,0.392,0,ordinary
1119,غوط,2,1,2,2,20.5,0.982,0,ordinary
1120,عجف,2,1,1,2,22.8,0.596,0,ordinary
1121,عثر,2,2,2,2,38.0,0.895,0,ordinary
1122,عتل,2,2,2,2,37.9,0.305,0,ordinary
1123,عتق,2,1,1,2,22.9,0.508,0,ordinary
1124,عبث,2,2,2,2,35.9,0.69,0,ordinary
1125,ظفر,2,2,2,2,35.4,0.644,0,ordinary
1126,طمث,2,1,1,2,24.3,0.222,0,ordinary
1127,وصب,2,2,2,2,50.4,0.689,0,ordinary
1128,تبت,2,1,2,2,9.0,0.902,0,ordinary
1129,بنن,2,1,2,2,8.0,0.245,0,ordinary
1130,وسق,2,2,1,2,49.8,0.081,0,ordinary
1131,ودق,2,1,2,2,4.5,0.634,0,ordinary
1132,تور,2,1,2,2,9.6,0.787,0,ordinary
1133,تنر,2,1,2,2,9.7,0.747,0,ordinary
1134,وطر,2,1,1,1,4.6,0.508,0,ordinary
1135,طلت,2,1,1,2,22.6,0.969,0,ordinary
1136,فردس,2,1,2,2,19.2,0.702,0,ordinary
1137,طعن,2,2,2,2,36.6,0.969,0,ordinary
1138,طرو,2,1,2,2,23.9,0.656,0,ordinary
1139,وجف,2,2,2,2,49.4,0.227,0,ordinary
1140,جبب,2,1,1,2,11.6,0.591,0,ordinary
1141,ثقب,2,1,2,2,10.8,0.132,0,ordinary
1142,ثعب,2,1,2,2,10.8,0.859,0,ordinary
1143,ثرب,2,2,2,2,35.9,0.798,0,ordinary
1144,ثخن,2,2,2,2,36.4,0.522,0,ordinary
1145,وسم,2,2,2,2,49.9,0.355,0,ordinary
1146,وسل,2,1,2,2,4.5,0.895,0,ordinary
1147,جلل,2,1,1,2,13.5,0.219,0,ordinary
1148,جلب,2,2,2,2,37.1,0.762,0,ordinary
1149,جسم,2,2,2,2,37.0,0.299,0,ordinary
1150,جزع,2,2,2,2,36.9,0.312,0,ordinary
1151,جرز,2,2,2,2,37.5,0.468,0,ordinary
1152,جرد,2,1,2,2,12.5,0.497,0,ordinary
1153,جذذ,2,2,2,2,37.4,0.757,0,ordinary
1154,ضمم,2,1,2,2,23.5,0.743,0,ordinary
1155,ضغن,2,1,1,2,23.7,0.223,0,ordinary
1156,هضم,2,2,2,2,47.4,0.726,0,ordinary
1157,هشم,2,2,2,2,47.5,0.49,0,ordinary
1158,وبق,2,2,2,2,50.4,0.671,0,ordinary
1159,هیه,2,1,1,1,5.6,0.388,0,ordinary
1160,هیمن,2,2,2,2,50.5,0.55,0,ordinary
1161,هیم,2,2,2,2,50.6,0.486,0,ordinary
1162,هیج,2,1,2,2,3.8,0.569,0,ordinary
1163,هور,2,2,1,1,50.7,0.706,0,ordinary
1164,هبو,2,1,2,2,4.7,0.427,0,ordinary
1165,حبس,2,2,2,2,45.9,0.923,0,ordinary
1166,جنی,2,2,2,2,44.4,0.471,0,ordinary
1167,جنف,2,2,2,2,45.5,0.997,0,ordinary
1168,هلم,2,1,2,2,5.1,0.861,0,ordinary
1169,صهر,2,2,2,2,40.7,0.67,0,ordinary
1170,صنو,2,1,1,1,25.5,0.331,0,ordinary
1171,فکک,2,2,2,2,43.2,0.1,0,ordinary
1172,حجز,2,2,2,2,42.0,0.364,0,ordinary
1173,هرع,2,1,2,2,6.1,0.704,0,ordinary
1174,حفف,2,2,2,2,43.9,0.751,0,ordinary
1175,حفر,2,2,2,2,43.7,0.28,0,ordinary
1176,حظر,2,2,2,2,43.6,0.496,0,ordinary
1177,حطط,2,1,2,2,18.1,1,0,ordinary
1178,حطب,2,2,2,2,43.6,0.0882,0,ordinary
1179,نکص,2,2,2,2,39.7,0.663,0,ordinary
1180,نکب,2,2,2,2,39.7,0.396,0,ordinary
1181,حوی,2,2,2,2,46.0,0.19,0,ordinary
1182,حوش,2,1,1,2,20.2,0.594,0,ordinary
1183,حوذ,2,2,2,2,42.6,0.567,0,ordinary
1184,حنن,2,2,2,2,42.5,0.77,0,ordinary
1185,حنجر,2,1,2,2,19.3,0.735,0,ordinary
1186,حنث,2,2,2,2,41.4,0.42,0,ordinary
1187,حلق,2,2,2,2,44.1,0.671,0,ordinary
1188,حقب,2,2,2,2,43.9,0.295,0,ordinary
1189,صفد,2,1,2,2,27.2,0.549,0,ordinary
1190,صغو,2,2,2,2,39.1,0.402,0,ordinary
1191,صدی,2,2,2,2,38.8,0.219,0,ordinary
1192,صبع,2,1,2,2,28.2,0.38,0,ordinary
1193,شید,2,2,2,2,39.2,0.871,0,ordinary
1194,شکل,2,2,2,2,38.3,0.643,0,ordinary
1195,شوی,2,2,2,2,39.6,0.371,0,ordinary
1196,قحم,2,2,2,2,43.3,0.184,0,ordinary
1197,نصت,2,1,2,2,7.7,0.649,0,ordinary
1198,نفش,2,2,2,2,38.5,0.119,0,ordinary
1199,شهق,2,2,2,2,39.5,0.424,0,ordinary
1200,شفو,2,1,2,2,28.9,0.969,0,ordinary
1201,شغل,2,1,2,2,29.0,0.519,0,ordinary
1202,شطء,2,2,2,2,51.4,0.591,0,ordinary
1203,نشط,2,2,1,1,40.5,0.146,0,ordinary
1204,نسء,2,2,2,2,41.2,0.726,0,ordinary
1205,نزف,2,1,2,2,9.2,0.42,0,ordinary
1206,خردل,2,1,2,2,22.0,0.532,0,ordinary
1207,خرب,2,2,2,2,44.9,0.569,0,ordinary
1208,خدن,2,1,2,2,22.1,0.98,0,ordinary
1209,خدد,2,2,2,2,44.8,0.191,0,ordinary
1210,خبل,2,1,2,2,20.9,0.973,0,ordinary
1211,نعس,2,2,2,2,41.1,0.867,0,ordinary
1212,نحل,2,2,2,2,40.0,0.958,0,ordinary
1213,خور,2,1,2,2,24.9,0.866,0,ordinary
1214,خنس,2,2,2,2,37.6,0.042,1,signature
1215,خمص,2,1,2,2,25.0,0.952,0,ordinary
1216,خمد,2,2,2,2,36.4,0.577,0,ordinary
1217,خضع,2,2,2,2,37.7,0.753,0,ordinary
1218,خصف,2,1,2,2,23.1,0.883,0,ordinary
1219,قرطس,2,2,1,2,43.8,0.781,0,ordinary
1220,قدو,2,2,2,2,43.0,0.726,0,ordinary
1221,شخص,2,2,2,2,52.7,0.615,0,ordinary
1222,دمع,2,1,2,2,26.6,0.958,0,ordinary
1223,دخن,2,1,2,2,25.9,0.386,0,ordinary
1224,دول,2,2,2,2,39.6,0.567,0,ordinary
1225,دهر,2,1,2,2,27.7,0.283,0,ordinary
1226,نبع,2,2,2,2,36.2,0.742,0,ordinary
1227,رجج,2,2,1,1,50.0,0.197,0,ordinary
1228,رجأ,2,1,2,2,30.3,0.859,0,ordinary
1229,ذبب,2,2,1,1,52.1,0.496,0,ordinary
1230,قسطس,2,1,2,2,17.5,0.787,0,ordinary
1231,سین,2,2,2,2,48.7,0.107,0,ordinary
1232,سیطر,2,2,2,2,48.9,0.146,0,ordinary
1233,قلی,2,2,2,2,41.9,0.132,0,ordinary
1234,قطف,2,1,2,2,15.2,0.245,0,ordinary
1235,رفد,2,2,1,1,47.3,0.592,0,ordinary
1236,رفث,2,1,1,2,32.3,0.971,0,ordinary
1237,رفت,2,1,1,2,32.4,0.538,0,ordinary
1238,رعد,2,1,2,2,32.6,0.77,0,ordinary
1239,رطب,2,2,2,2,47.2,0.803,0,ordinary
1240,رسس,2,1,2,2,31.5,0.462,0,ordinary
1241,رسخ,2,1,2,2,31.6,0.993,0,ordinary
1242,ملق,2,1,2,2,12.1,0.903,0,ordinary
1243,ملح,2,1,2,2,12.2,0.55,0,ordinary
1244,رمم,2,1,2,2,33.0,0.379,0,ordinary
1245,رقد,2,2,2,2,47.7,0.599,0,ordinary
1246,سهو,2,1,2,2,29.2,0.0526,0,ordinary
1247,قوع,2,2,2,2,45.7,0.721,0,ordinary
1248,قوت,2,2,2,2,43.5,0.722,0,ordinary
1249,قنع,2,2,2,2,42.7,0.644,0,ordinary
1250,لهث,2,1,1,1,14.8,0.82,0,ordinary
1251,رکس,2,1,1,2,0.1,0.871,0,ordinary
1252,روض,2,2,2,2,51.3,0.546,0,ordinary
1253,مخر,2,1,2,2,12.8,0.656,0,ordinary
1254,محن,2,1,2,2,12.8,0.28,0,ordinary
1255,محق,2,1,2,2,12.9,1,0,ordinary
1256,محص,2,1,1,2,13.0,0.829,0,ordinary
1257,لقط,2,2,2,2,45.3,0.789,0,ordinary
1258,زحزح,2,2,2,2,51.8,1,0,ordinary
1259,زجج,2,1,1,1,0.7,0.473,0,ordinary
1260,لدد,2,2,2,2,44.6,0.837,0,ordinary
1261,زمر,2,1,1,2,33.7,0.474,0,ordinary
1262,زلم,2,1,1,2,33.7,0.762,0,ordinary
1263,زلق,2,2,2,2,52.8,0.408,0,ordinary
1264,لمم,2,2,2,2,45.4,0.206,0,ordinary
1265,لمح,2,1,2,2,14.9,0.505,0,ordinary
1266,سقم,2,1,1,2,30.1,0.365,0,ordinary
1267,سفک,2,2,1,2,49.3,0.972,0,ordinary
1268,لبن,2,2,2,2,46.9,0.55,0,ordinary
1269,لبد,2,1,2,2,14.2,0.15,0,ordinary
1270,قیل,2,2,2,2,46.7,0.758,0,ordinary
1271,قیض,2,2,2,2,46.7,0.569,0,ordinary
1272,سعد,2,2,1,2,50.1,0.601,0,ordinary
1273,سرمد,2,1,1,2,31.4,0.543,0,ordinary
1274,سبغ,2,2,2,2,48.0,0.503,0,ordinary
1275,سبء,2,1,2,2,32.0,0.628,0,ordinary
1276,زود,2,2,1,1,48.8,0.969,0,ordinary
1277,لغب,2,1,2,2,14.3,0.418,0,ordinary
1278,لظی,2,2,2,2,44.7,0.132,0,ordinary
1279,کمم,2,1,2,2,1.3,0.418,0,ordinary
1280,ءثث,2,1,2,2,34.9,0.719,0,ordinary
1281,غدر,2,2,1,2,46.4,0.571,0,ordinary
1282,غثو,2,1,2,2,21.5,0.174,0,ordinary
1283,عیی,2,2,2,2,46.3,0.406,0,ordinary
1284,عیل,2,2,2,2,46.2,0.123,0,ordinary
1285,غطو,2,1,2,2,19.8,0.494,0,ordinary
1286,کسل,2,1,2,2,34.6,0.969,0,ordinary
1287,ءمو,2,2,2,2,48.3,0.916,0,ordinary
1288,ءمل,2,2,2,2,52.4,0.592,0,ordinary
1289,ءلل,2,1,1,2,34.0,0.715,0,ordinary
1290,ءصد,2,1,2,2,34.2,0.0958,0,ordinary
1291,ءشر,2,1,1,2,34.3,0.187,0,ordinary
1292,کهن,2,1,2,2,0.9,0.222,0,ordinary
1293,کهل,2,1,2,2,1.0,0.98,0,ordinary
1294,کمه,2,1,2,2,1.2,0.982,0,ordinary
1295,کند,1,1,1,1,1.2,0.0882,0,ordinary
1296,کنس,1,1,1,1,1.1,0.162,0,ordinary
1297,ءلت,1,1,1,1,34.1,0.297,0,ordinary
1298,ءمت,1,1,1,1,2.5,0.697,0,ordinary
1299,ءنم,1,1,1,1,2.4,0.372,0,ordinary
1300,کسد,1,1,1,1,2.5,0.829,0,ordinary
1301,کشط,1,1,1,1,34.6,0.146,0,ordinary
1302,غزل,1,1,1,1,20.0,0.789,0,ordinary
1303,غزو,1,1,1,1,20.0,0.944,0,ordinary
1304,غصب,1,1,1,1,19.9,0.732,0,ordinary
1305,غصص,1,1,1,1,19.9,0.222,0,ordinary
1306,غطش,1,1,1,1,19.8,0.197,0,ordinary
1307,غبن,1,1,1,1,21.5,0.257,0,ordinary
1308,غدق,1,1,1,1,21.4,0.252,0,ordinary
1309,ءثل,1,1,1,1,34.9,0.551,0,ordinary
1310,ءدد,1,1,1,1,35.0,0.582,0,ordinary
1311,سجو,1,1,1,1,32.2,0.1,0,ordinary
1312,سحل,1,1,1,1,31.0,0.731,0,ordinary
1313,سدی,1,1,1,1,32.9,0.169,0,ordinary
1314,سرد,1,1,1,1,32.7,0.538,0,ordinary
1315,سردق,1,1,1,1,32.6,0.758,0,ordinary
1316,سطح,1,1,1,1,31.3,0.15,0,ordinary
1317,سطو,1,1,1,1,31.3,0.684,0,ordinary
1318,سغب,1,1,1,1,31.2,0.143,0,ordinary
1319,سفع,1,1,1,1,31.2,0.127,0,ordinary
1320,لحف,1,1,1,1,14.1,1,0,ordinary
1321,سلب,1,1,1,1,31.9,0.659,0,ordinary
1322,سلسبل,1,1,1,1,31.8,0.243,0,ordinary
1323,سلق,1,1,1,1,31.7,0.726,0,ordinary
1324,سمد,1,1,1,1,30.7,0.32,0,ordinary
1325,سمک,1,1,1,1,30.7,0.184,0,ordinary
1326,سند,1,1,1,1,30.6,0.187,0,ordinary
1327,سنم,1,1,1,1,30.5,0.183,0,ordinary
1328,قمطر,1,1,1,1,15.9,0.26,0,ordinary
1329,قمع,1,1,1,1,15.8,0.665,0,ordinary
1330,زفف,1,1,1,1,32.0,0.548,0,ordinary
1331,زمل,1,1,1,1,33.6,0.227,0,ordinary
1332,زمهر,1,1,1,1,33.6,0.27,0,ordinary
1333,زنجبل,1,1,1,1,33.5,0.275,0,ordinary
1334,زنم,1,1,1,1,33.5,0.277,0,ordinary
1335,زهد,1,1,1,1,33.4,0.771,0,ordinary
1336,زهر,1,1,1,1,33.3,0.703,0,ordinary
1337,لحن,1,1,1,1,14.6,0.423,0,ordinary
1338,لحی,1,1,1,1,14.5,0.703,0,ordinary
1339,لزب,1,1,1,1,14.3,0.539,0,ordinary
1340,لهم,1,1,1,1,14.1,0.0958,0,ordinary
1341,لوذ,1,1,1,1,14.0,0.698,0,ordinary
1342,لیت,1,1,1,1,13.9,0.315,0,ordinary
1343,رین,1,1,1,1,0.8,0.158,0,ordinary
1344,زبن,1,1,1,1,0.8,0.119,0,ordinary
1345,زحف,1,1,1,1,0.6,0.652,0,ordinary
1346,زرب,1,1,1,1,0.6,0.146,0,ordinary
1347,زرق,1,1,1,1,0.5,0.703,0,ordinary
1348,زری,1,1,1,1,0.5,0.798,0,ordinary
1349,لفح,1,1,1,1,13.3,0.592,0,ordinary
1350,لفظ,1,1,1,1,13.2,0.379,0,ordinary
1351,لقب,1,1,1,1,13.2,0.322,0,ordinary
1352,لقح,1,1,1,1,15.0,0.423,0,ordinary
1353,محل,1,1,1,1,12.9,0.57,0,ordinary
1354,مخض,1,1,1,1,12.7,0.598,0,ordinary
1355,مرت,1,1,1,1,12.6,1,0,ordinary
1356,روع,1,1,1,1,0.4,0.804,0,ordinary
1357,روم,1,1,1,1,0.3,0.508,0,ordinary
1358,رکد,1,1,1,1,0.2,0.536,0,ordinary
1359,رکز,1,1,1,1,0.2,0.612,0,ordinary
1360,ریش,1,1,1,1,0.1,0.908,0,ordinary
1361,ریع,1,1,1,1,0.0,0.708,0,ordinary
1362,قمل,1,1,1,1,15.8,0.923,0,ordinary
1363,قنو,1,1,1,1,15.7,0.892,0,ordinary
1364,قنی,1,1,1,1,15.6,0.325,0,ordinary
1365,قوب,1,1,1,1,15.6,0.312,0,ordinary
1366,قوس,1,1,1,1,15.5,0.325,0,ordinary
1367,سنه,1,1,1,1,30.5,1,0,ordinary
1368,سهر,1,1,1,1,29.3,0.204,0,ordinary
1369,سهل,1,1,1,1,29.3,0.912,0,ordinary
1370,سهم,1,1,1,1,29.2,0.549,0,ordinary
1371,سوح,1,1,1,1,31.0,0.539,0,ordinary
1372,سوط,1,1,1,1,30.9,0.174,0,ordinary
1373,قطط,1,1,1,1,16.0,0.481,0,ordinary
1374,رفرف,1,1,1,1,32.3,0.414,0,ordinary
1375,مرو,1,1,1,1,12.1,1,0,ordinary
1376,مزن,1,1,1,1,11.9,0.365,0,ordinary
1377,مسخ,1,1,1,1,11.9,0.452,0,ordinary
1378,مسد,1,1,1,1,11.8,0.0733,0,ordinary
1379,مسو,1,1,1,1,11.8,0.521,0,ordinary
1380,مشج,1,1,1,1,11.7,0.28,0,ordinary
1381,رقق,1,1,1,1,32.2,0.277,0,ordinary
1382,رمح,1,1,1,1,33.3,0.86,0,ordinary
1383,رمد,1,1,1,1,33.2,0.552,0,ordinary
1384,رمز,1,1,1,1,33.2,0.945,0,ordinary
1385,رمض,1,1,1,1,33.1,1,0,ordinary
1386,رهو,1,1,1,1,0.9,0.344,0,ordinary
1387,مجس,1,1,1,1,13.1,0.652,0,ordinary
1388,معن,1,1,1,1,10.4,0.0526,0,ordinary
1389,معی,1,1,1,1,10.3,0.414,0,ordinary
1390,رخو,1,1,1,1,30.2,0.468,0,ordinary
1391,ردء,1,1,1,1,31.7,0.714,0,ordinary
1392,ردم,1,1,1,1,31.6,0.751,0,ordinary
1393,رصص,1,1,1,1,31.5,0.232,0,ordinary
1394,رغم,1,1,1,1,32.5,0.969,0,ordinary
1395,قطمر,1,1,1,1,15.1,0.478,0,ordinary
1396,قطن,1,1,1,1,15.0,0.538,0,ordinary
1397,قعر,1,1,1,1,16.9,0.347,0,ordinary
1398,قفل,1,1,1,1,16.8,0.423,0,ordinary
1399,قلع,1,1,1,1,16.8,0.789,0,ordinary
1400,قمح,1,1,1,1,16.7,0.438,0,ordinary
1401,سکب,1,1,1,1,30.0,0.347,0,ordinary
1402,سکت,1,1,1,1,30.0,0.912,0,ordinary
1403,سیء,1,1,1,1,29.9,0.829,0,ordinary
1404,سیب,1,1,1,1,29.9,0.852,0,ordinary
1405,قسور,1,1,1,1,16.4,0.213,0,ordinary
1406,ذبذب,1,1,1,1,28.7,0.973,0,ordinary
1407,ذخر,1,1,1,1,28.7,0.926,0,ordinary
1408,ذعن,1,1,1,1,28.6,0.684,0,ordinary
1409,ذهل,1,1,1,1,28.5,0.671,0,ordinary
1410,ذود,1,1,1,1,29.6,0.737,0,ordinary
1411,ذکو,1,1,1,1,29.6,0.855,0,ordinary
1412,ذیع,1,1,1,1,29.5,0.969,0,ordinary
1413,ربح,1,1,1,1,29.5,1,0,ordinary
1414,رتع,1,1,1,1,29.4,0.782,0,ordinary
1415,رتق,1,1,1,1,30.4,0.602,0,ordinary
1416,رحق,1,1,1,1,30.3,0.174,0,ordinary
1417,مطو,1,1,1,1,10.5,0.202,0,ordinary
1418,معز,1,1,1,1,10.5,0.883,0,ordinary
1419,نبط,1,1,1,1,10.2,0.972,0,ordinary
1420,نتق,1,1,1,1,10.1,0.921,0,ordinary
1421,نجد,1,1,1,1,10.1,0.123,0,ordinary
1422,نجس,1,1,1,1,10.0,0.829,0,ordinary
1423,دمغ,1,1,1,1,26.5,0.62,0,ordinary
1424,دنر,1,1,1,1,27.7,0.929,0,ordinary
1425,دهق,1,1,1,1,27.6,0.213,0,ordinary
1426,دهم,1,1,1,1,27.6,0.396,0,ordinary
1427,دهی,1,1,1,1,27.5,0.359,0,ordinary
1428,منو,1,1,1,1,11.2,0.315,0,ordinary
1429,مکو,1,1,1,1,11.0,0.656,0,ordinary
1430,مکک,1,1,1,1,10.9,0.399,0,ordinary
1431,ذءم,1,1,1,1,28.8,0.913,0,ordinary
1432,ندی,1,1,1,1,8.5,0.602,0,ordinary
1433,خیم,1,1,1,1,24.8,0.379,0,ordinary
1434,دثر,1,1,1,1,26.0,0.232,0,ordinary
1435,دحو,1,1,1,1,25.9,0.213,0,ordinary
1436,درهم,1,1,1,1,25.8,0.783,0,ordinary
1437,دسر,1,1,1,1,27.0,0.351,0,ordinary
1438,دسس,1,1,1,1,26.9,0.799,0,ordinary
1439,دسو,1,1,1,1,26.9,0.0958,0,ordinary
1440,دفء,1,1,1,1,26.8,0.795,0,ordinary
1441,دفق,1,1,1,1,26.7,0.1,0,ordinary
1442,دلک,1,1,1,1,26.7,0.727,0,ordinary
1443,دمدم,1,1,1,1,26.6,0.0882,0,ordinary
1444,میر,1,1,1,1,10.3,0.77,0,ordinary
1445,نبز,1,1,1,1,10.2,0.342,0,ordinary
1446,قشعر,1,1,1,1,16.3,0.612,0,ordinary
1447,قصف,1,1,1,1,16.3,0.728,0,ordinary
1448,قصم,1,1,1,1,16.2,0.608,0,ordinary
1449,قصی,1,1,1,1,16.2,0.624,0,ordinary
1450,قضب,1,1,1,1,16.1,0.132,0,ordinary
1451,قضض,1,1,1,1,16.0,0.762,0,ordinary
1452,شتو,1,1,1,1,29.7,0.027,1,signature
1453,شحم,1,1,1,1,28.5,0.899,0,ordinary
1454,شرد,1,1,1,1,28.3,0.663,0,ordinary
1455,شرذم,1,1,1,1,28.3,0.685,0,ordinary
1456,شرط,1,1,1,1,28.2,0.38,0,ordinary
1457,قرش,1,1,1,1,17.7,0.027,1,signature
1458,قسس,1,1,1,1,17.6,0.836,0,ordinary
1459,خشب,1,1,1,1,23.2,0.204,0,ordinary
1460,خضد,1,1,1,1,23.0,0.365,0,ordinary
1461,خطط,1,1,1,1,23.0,0.598,0,ordinary
1462,خلع,1,1,1,1,24.0,0.722,0,ordinary
1463,خمط,1,1,1,1,25.0,0.547,0,ordinary
1464,خنق,1,1,1,1,24.9,0.852,0,ordinary
1465,نحب,1,1,1,1,8.7,0.712,0,ordinary
1466,نحر,1,1,1,1,8.6,0.027,1,signature
1467,نخر,1,1,1,1,8.6,0.19,0,ordinary
1468,نضج,1,1,1,1,7.6,0.969,0,ordinary
1469,نضخ,1,1,1,1,7.5,0.385,0,ordinary
1470,نطح,1,1,1,1,9.3,0.859,0,ordinary
1471,خبو,1,1,1,1,22.2,0.729,0,ordinary
1472,ختر,1,1,1,1,22.2,0.412,0,ordinary
1473,خرطم,1,1,1,1,22.0,0.285,0,ordinary
1474,نسر,1,1,1,1,9.1,0.222,0,ordinary
1475,شعل,1,1,1,1,29.1,0.593,0,ordinary
1476,شغف,1,1,1,1,29.0,0.788,0,ordinary
1477,شفه,1,1,1,1,28.9,0.119,0,ordinary
1478,شمءز,1,1,1,1,28.1,0.609,0,ordinary
1479,شمت,1,1,1,1,28.0,0.915,0,ordinary
1480,شمخ,1,1,1,1,28.0,0.206,0,ordinary
1481,شوب,1,1,1,1,27.9,0.536,0,ordinary
1482,شوظ,1,1,1,1,27.9,0.379,0,ordinary
1483,شوک,1,1,1,1,27.8,0.654,0,ordinary
1484,فیل,1,1,1,1,17.2,0.0648,0,ordinary
1485,قبح,1,1,1,1,17.2,0.715,0,ordinary
1486,قثء,1,1,1,1,17.1,1,0,ordinary
1487,نعق,1,1,1,1,9.2,1,0,ordinary
1488,نعل,1,1,1,1,8.3,0.685,0,ordinary
1489,نغض,1,1,1,1,8.2,0.743,0,ordinary
1490,نفث,1,1,1,1,8.2,0.0733,0,ordinary
1491,نفح,1,1,1,1,8.1,0.602,0,ordinary
1492,نفی,1,1,1,1,8.1,0.847,0,ordinary
1493,حید,1,1,1,1,20.1,0.365,0,ordinary
1494,حیر,1,1,1,1,21.3,0.883,0,ordinary
1495,حیز,1,1,1,1,21.3,0.653,0,ordinary
1496,حیف,1,1,1,1,21.2,0.685,0,ordinary
1497,خبء,1,1,1,1,21.1,0.601,0,ordinary
1498,خبر2,1,1,1,1,21.0,0.82,0,ordinary
1499,خبز,1,1,1,1,21.0,0.78,0,ordinary
1500,خبط,1,1,1,1,20.9,1,0,ordinary
1501,قدح,1,1,1,1,17.0,0.0526,0,ordinary
1502,شکس,1,1,1,1,26.4,0.64,0,ordinary
1503,صخخ,1,1,1,1,26.5,0.162,0,ordinary
1504,صرع,1,1,1,1,25.4,0.227,0,ordinary
1505,صعر,1,1,1,1,27.2,0.399,0,ordinary
1506,صفصف,1,1,1,1,27.1,0.69,0,ordinary
1507,صفن,1,1,1,1,27.0,0.436,0,ordinary
1508,فند,1,1,1,1,18.2,0.789,0,ordinary
1509,نمم,1,1,1,1,6.6,0.277,0,ordinary
1510,نهج,1,1,1,1,8.4,0.847,0,ordinary
1511,نوء,1,1,1,1,8.3,0.73,0,ordinary
1512,حقف,1,1,1,1,19.5,0.42,0,ordinary
1513,حلقم,1,1,1,1,19.4,0.368,0,ordinary
1514,حنذ,1,1,1,1,20.4,0.82,0,ordinary
1515,حنک,1,1,1,1,20.3,0.739,0,ordinary
1516,حوب,1,1,1,1,20.3,0.968,0,ordinary
1517,نکد,1,1,1,1,7.2,0.913,0,ordinary
1518,حرک,1,1,1,1,17.5,0.183,0,ordinary
1519,حری,1,1,1,1,17.4,0.243,0,ordinary
1520,حسم,1,1,1,1,17.3,0.299,0,ordinary
1521,حصحص,1,1,1,1,17.3,0.789,0,ordinary
1522,حصل,1,1,1,1,18.2,0.0648,0,ordinary
1523,حفد,1,1,1,1,18.0,0.784,0,ordinary
1524,نقع,1,1,1,1,6.7,0.0648,0,ordinary
1525,نمرق,1,1,1,1,6.6,0.123,0,ordinary
1526,هجد,1,1,1,1,6.5,0.722,0,ordinary
1527,هجع,1,1,1,1,6.5,0.344,0,ordinary
1528,هدد,1,1,1,1,6.4,0.601,0,ordinary
1529,هدم,1,1,1,1,6.3,0.698,0,ordinary
1530,هدهد,1,1,1,1,6.3,0.618,0,ordinary
1531,هرب,1,1,1,1,6.2,0.243,0,ordinary
1532,هرت,1,1,1,1,6.2,1,0,ordinary
1533,حدب,1,1,1,1,16.6,0.602,0,ordinary
1534,حرد,1,1,1,1,16.5,0.28,0,ordinary
1535,حرس,1,1,1,1,16.5,0.258,0,ordinary
1536,نوش,1,1,1,1,7.5,0.536,0,ordinary
1537,نوص,1,1,1,1,7.4,0.458,0,ordinary
1538,نون,1,1,1,1,7.3,0.624,0,ordinary
1539,نوی,1,1,1,1,7.2,0.877,0,ordinary
1540,فنن,1,1,1,1,17.0,0.371,0,ordinary
1541,فنی,1,1,1,1,16.9,0.372,0,ordinary
1542,فهم,1,1,1,1,18.8,0.618,0,ordinary
1543,فوض,1,1,1,1,18.7,0.631,0,ordinary
1544,فوم,1,1,1,1,18.6,1,0,ordinary
1545,صلد,1,1,1,1,25.7,1,0,ordinary
1546,صمت,1,1,1,1,25.6,0.917,0,ordinary
1547,صمد,1,1,1,1,25.6,0.0526,0,ordinary
1548,صمع,1,1,1,1,25.5,0.666,0,ordinary
1549,فصم,1,1,1,1,19.5,1,0,ordinary
1550,فضح,1,1,1,1,18.6,0.438,0,ordinary
1551,فضو,1,1,1,1,18.5,0.969,0,ordinary
1552,فظظ,1,1,1,1,18.5,0.934,0,ordinary
1553,هلع,1,1,1,1,5.1,0.197,0,ordinary
1554,همد,1,1,1,1,5.0,0.675,0,ordinary
1555,همر,1,1,1,1,4.9,0.354,0,ordinary
1556,همس,1,1,1,1,4.9,0.693,0,ordinary
1557,جمم,1,1,1,1,13.3,0.183,0,ordinary
1558,جوس,1,1,1,1,14.6,0.715,0,ordinary
1559,جوف,1,1,1,1,15.5,0.715,0,ordinary
1560,جوو,1,1,1,1,15.4,0.791,0,ordinary
1561,حبک,1,1,1,1,15.3,0.357,0,ordinary
1562,حتم,1,1,1,1,15.3,0.601,0,ordinary
1563,حثث,1,1,1,1,15.2,0.92,0,ordinary
1564,جمح,1,1,1,1,13.5,0.81,0,ordinary
1565,جمد,1,1,1,1,13.4,0.634,0,ordinary
1566,هیل,1,1,1,1,3.8,0.197,0,ordinary
1567,وءد,1,1,1,1,5.5,0.15,0,ordinary
1568,وءل,1,1,1,1,5.5,0.743,0,ordinary
1569,وبر,1,1,1,1,5.4,0.798,0,ordinary
1570,هزل,1,1,1,1,6.0,0.1,0,ordinary
1571,هشش,1,1,1,1,5.2,0.712,0,ordinary
1572,فقع,1,1,1,1,18.4,1,0,ordinary
1573,فلن,1,1,1,1,18.3,0.583,0,ordinary
1574,صوع,1,1,1,1,24.7,0.789,0,ordinary
1575,صوف,1,1,1,1,24.6,0.77,0,ordinary
1576,صکک,1,1,1,1,24.6,0.338,0,ordinary
1577,صیص,1,1,1,1,24.5,0.698,0,ordinary
1578,صیف,1,1,1,1,26.3,0.0526,0,ordinary
1579,ضءن,1,1,1,1,26.2,0.883,0,ordinary
1580,ضبح,1,1,1,1,26.2,0.0882,0,ordinary
1581,ضدد,1,1,1,1,26.0,0.594,0,ordinary
1582,ضفدع,1,1,1,1,23.6,0.921,0,ordinary
1583,ضمر,1,1,1,1,23.6,0.684,0,ordinary
1584,ضنن,1,1,1,1,25.3,0.166,0,ordinary
1585,ضنک,1,1,1,1,25.3,0.727,0,ordinary
1586,جذو,1,1,1,1,12.6,0.732,0,ordinary
1587,جرر,1,1,1,1,12.5,0.911,0,ordinary
1588,جرع,1,1,1,1,12.4,0.557,0,ordinary
1589,جرف,1,1,1,1,12.3,0.82,0,ordinary
1590,جسس,1,1,1,1,12.2,0.38,0,ordinary
1591,جفء,1,1,1,1,13.8,0.552,0,ordinary
1592,جفن,1,1,1,1,13.8,0.547,0,ordinary
1593,جفو,1,1,1,1,13.7,0.363,0,ordinary
1594,جلس,1,1,1,1,13.6,0.388,0,ordinary
1595,ثری,1,1,1,1,10.9,0.7,0,ordinary
1596,جبت,1,1,1,1,11.6,0.973,0,ordinary
1597,جبن,1,1,1,1,11.5,0.545,0,ordinary
1598,جبه,1,1,1,1,11.5,0.827,0,ordinary
1599,جثث,1,1,1,1,11.4,0.569,0,ordinary
1600,وتن,1,1,1,1,4.1,0.243,0,ordinary
1601,وجب,1,1,1,1,4.0,0.685,0,ordinary
1602,وحش,1,1,1,1,3.9,0.138,0,ordinary
1603,ضهء,1,1,1,1,25.2,0.84,0,ordinary
1604,ضیر,1,1,1,1,25.2,0.685,0,ordinary
1605,ضیز,1,1,1,1,25.1,0.313,0,ordinary
1606,فرع,1,1,1,1,18.0,0.569,0,ordinary
1607,فره,1,1,1,1,17.9,0.681,0,ordinary
1608,فسر,1,1,1,1,19.6,0.566,0,ordinary
1609,فصح,1,1,1,1,19.6,0.705,0,ordinary
1610,طحو,1,1,1,1,24.0,0.127,0,ordinary
1611,طرح,1,1,1,1,23.9,0.789,0,ordinary
1612,طفف,1,1,1,1,23.8,0.184,0,ordinary
1613,فجو,1,1,1,1,19.3,0.762,0,ordinary
1614,فرث,1,1,1,1,19.2,0.789,0,ordinary
1615,وضن,1,1,1,1,2.8,0.359,0,ordinary
1616,وطن,1,1,1,1,4.6,0.81,0,ordinary
1617,تعس,1,1,1,1,8.8,0.423,0,ordinary
1618,تفث,1,1,1,1,9.9,0.655,0,ordinary
1619,تقن,1,1,1,1,9.8,0.615,0,ordinary
1620,تلل,1,1,1,1,9.8,0.549,0,ordinary
1621,تین,1,1,1,1,9.6,0.123,0,ordinary
1622,تیه,1,1,1,1,9.5,0.847,0,ordinary
1623,ثبط,1,1,1,1,9.5,0.827,0,ordinary
1624,ثبو,1,1,1,1,9.4,0.972,0,ordinary
1625,ثجج,1,1,1,1,11.2,0.198,0,ordinary
1626,وفر,1,1,1,1,3.7,0.749,0,ordinary
1627,وفض,1,1,1,1,3.6,0.219,0,ordinary
1628,وقب,1,1,1,1,3.6,0.0733,0,ordinary
1629,وقذ,1,1,1,1,3.5,0.862,0,ordinary
1630,ولت,1,1,1,1,3.5,0.349,0,ordinary
1631,بلی,1,1,1,1,6.8,0.698,0,ordinary
1632,بهل,1,1,1,1,7.9,0.943,0,ordinary
1633,بکک,1,1,1,1,7.8,0.933,0,ordinary
1634,بید,1,1,1,1,9.1,0.751,0,ordinary
1635,ترق,1,1,1,1,8.8,0.19,0,ordinary
1636,وسن,1,1,1,1,4.4,1,0,ordinary
1637,وشی,1,1,1,1,2.9,1,0,ordinary
1638,وصد,1,1,1,1,2.9,0.743,0,ordinary
1639,طلح,1,1,1,1,24.4,0.359,0,ordinary
1640,طلل,1,1,1,1,24.3,1,0,ordinary
1641,طمم,1,1,1,1,24.2,0.197,0,ordinary
1642,طود,1,1,1,1,24.2,0.702,0,ordinary
1643,ظعن,1,1,1,1,22.7,0.784,0,ordinary
1644,عبء,1,1,1,1,22.6,0.547,0,ordinary
1645,عبقر,1,1,1,1,22.9,0.372,0,ordinary
1646,غول,1,1,1,1,19.1,0.538,0,ordinary
1647,وکز,1,1,1,1,2.0,0.713,0,ordinary
1648,کبد,1,1,1,1,1.9,0.162,0,ordinary
1649,بسق,1,1,1,1,5.9,0.383,0,ordinary
1650,بسم,1,1,1,1,5.9,0.612,0,ordinary
1651,بصل,1,1,1,1,5.8,1,0,ordinary
1652,بطء,1,1,1,1,5.8,0.968,0,ordinary
1653,بغل,1,1,1,1,7.0,0.803,0,ordinary
1654,بقع,1,1,1,1,6.9,0.727,0,ordinary
1655,بقل,1,1,1,1,6.9,1,0,ordinary
1656,بلع,1,1,1,1,6.8,0.805,0,ordinary
1657,وفد,1,1,1,1,1.9,0.601,0,ordinary
1658,فتء,1,1,1,1,19.0,0.759,0,ordinary
1659,فتق,1,1,1,1,19.0,0.607,0,ordinary
1660,عدس,1,1,1,1,23.3,1,0,ordinary
1661,عرم,1,1,1,1,23.2,0.536,0,ordinary
1662,عزو,1,1,1,1,21.6,0.197,0,ordinary
1663,عسعس,1,1,1,1,23.5,0.152,0,ordinary
1664,عسل,1,1,1,1,23.4,0.372,0,ordinary
1665,عضو,1,1,1,1,21.9,0.439,0,ordinary
1666,عطف,1,1,1,1,21.8,0.693,0,ordinary
1667,کبکب,1,1,1,1,33.9,0.695,0,ordinary
1668,کثب,1,1,1,1,33.9,0.222,0,ordinary
1669,کدر,1,1,1,1,2.8,0.138,0,ordinary
1670,کدی,1,1,1,1,2.7,0.304,0,ordinary
1671,ونی,1,1,1,1,2.2,0.702,0,ordinary
1672,وهج,1,1,1,1,2.2,0.197,0,ordinary
1673,وهی,1,1,1,1,2.1,0.245,0,ordinary
1674,وکد,1,1,1,1,2.1,0.795,0,ordinary
1675,کفء,1,1,1,1,34.5,0.027,1,signature
1676,کفت,1,1,1,1,34.5,0.21,0,ordinary
1677,کلء,1,1,1,1,34.4,0.613,0,ordinary
1678,ءود,1,1,1,1,2.3,1,0,ordinary
1679,ءیم,1,1,1,1,3.4,0.693,0,ordinary
1680,بءر,1,1,1,1,3.2,0.69,0,ordinary
1681,ببل,1,1,1,1,3.2,1,0,ordinary
1682,بتر,1,1,1,1,3.1,0.027,1,signature
1683,بتک,1,1,1,1,3.1,0.97,0,ordinary
1684,بجس,1,1,1,1,4.4,0.908,0,ordinary
1685,بحث,1,1,1,1,4.3,0.858,0,ordinary
1686,عفرت,1,1,1,1,21.8,0.629,0,ordinary
1687,غلق,1,1,1,1,18.8,0.778,0,ordinary
1688,غمز,1,1,1,1,20.6,0.184,0,ordinary
1689,غمض,1,1,1,1,20.5,1,0,ordinary
1690,عمق,1,1,1,1,22.3,0.652,0,ordinary
1691,عنی,1,1,1,1,20.8,0.721,0,ordinary
1692,عول,1,1,1,1,22.5,0.972,0,ordinary
1693,عیب,1,1,1,1,22.5,0.765,0,ordinary
1694,کلح,1,1,1,1,34.3,0.588,0,ordinary
1695,ءسن,1,1,1,1,1.4,0.414,0,ordinary
1696,کوی,1,1,1,1,35.1,0.829,0,ordinary
1697,ءرم,1,1,1,1,1.6,0.146,0,ordinary
1698,یقت,1,1,1,1,35.2,0.365,0,ordinary
1699,ینع,1,1,1,1,34.8,0.878,0,ordinary
1700,ءبق,1,1,1,1,1.6,0.545,0,ordinary
1701,ءبب,1,1,1,1,1.8,0.174,0,ordinary
1702,یقظ,1,1,1,1,35.3,0.74,0,ordinary
