ending,n,fit_z,coh,div_share,top_roots
تكذبان,31,151.6,1.0,1.0,ءلی ربب
للمكذبين,12,91.3,1.0,0.0,ویل یوم
واطيعون,11,58.0,0.727,1.0,وقی ءله
المخلصين,8,43.3,0.735,0.75,عبد ءله
مستقيم,25,40.7,0.275,0.28,صرط هدی عبد شیء
قدير,35,35.8,0.22,0.91,کلل شیء ملک موت حیی ءرض سمو خلق
وعيون,8,32.9,0.54,0.0,جنن وقی
رحيم,60,32.6,0.152,0.93,غفر رءف توب بعد
الحكيم,37,27.4,0.188,0.73,عزز سبح کتب سمو علم
صادقين,31,26.5,0.179,0.13,وعد دون دعو مثل کون ءتی قول
الدين,15,25.2,0.239,0.13,یوم
الرحيم,33,24.1,0.157,0.76,عزز توب غفر عبد ربب نفس
يستهزءون,12,20.4,0.228,0.08,حیق سوء رسل کون ءتی
امين,11,20.3,0.257,0.18,رسل
رحيما,20,19.7,0.176,0.95,غفر توب نسو ءجر وجد بنو
النعيم,10,19.1,0.247,0.1,جنن صلح عمل ءمن
مءمنين,32,18.6,0.133,0.19,کثر ءیی کون وقی
اليم,46,18.3,0.116,0.2,عذب بشر کفر قبل
العالمين,61,18.2,0.1,0.69,ربب
الالباب,12,17.7,0.213,0.33,ءول ذکر نزل
يحزنون,13,17.3,0.212,0.0,خوف ءجر صلح عند عمل
العقاب,12,16.8,0.185,1.0,شدد وقی
نصير,9,15.1,0.226,0.56,ولی دون ظلم ءرض سمو
حكيم,32,14.8,0.106,0.94,عزز علم قلب توب نفق رود
المشركين,15,14.7,0.171,0.27,حنف ملل برهم تبع کون
المءمنون,9,13.5,0.212,0.78,وکل
العظيم,36,13.3,0.098,0.58,فوز تحت خلد جری نهر فضل جنن ذوی
الصادقين,14,13.1,0.166,0.43,وعد ءتی کون جیء
حكيما,16,12.6,0.146,1.0,عزز علم
مسلمون,14,12.6,0.138,0.14,سحق عیس برهم عقب شهد وحد نبو موت
العليم,26,12.2,0.11,0.77,سمع عزز قدر
يشركون,18,11.8,0.124,0.39,علو سبح ضرر خلق عبد
يبعثون,8,11.4,0.202,0.38,نظر یوم قول
المحسنين,29,11.0,0.092,0.41,جزی ضیع حبب ءجر
الامور,12,10.9,0.138,0.75,رجع عزم صبر ءرض سمو
عليم,61,10.8,0.069,0.82,سمع کلل شیء
يشكرون,9,10.8,0.159,0.0,فضل ذوی کثر ءنس
يختلفون,8,10.8,0.188,0.12,قضی حکم بین یوم علم قوم کون ربب
يعملون,43,10.7,0.075,0.26,جزی سوء حسن کون
يظلمون,23,10.5,0.109,0.22,نفس وفی کسب قضی کلل
نصيرا,12,10.3,0.135,0.42,وجد ولی قتل دون
الصدور,15,10.2,0.13,0.8,ذوی خفی سرر علم قلب
الحميد,10,10.2,0.137,0.8,غنی صرط عزز ولی نزل ءنس
خالدون,23,9.5,0.096,0.09,صحب نور وجه عمل نفس جنن کفر
مجرمين,10,9.5,0.143,0.0,کبر بعد قوم رسل
يعلمون,67,9.4,0.055,0.24,کثر ءنس قوم
ظالمين,9,9.2,0.139,0.11,ویل کون
مبين,84,9.1,0.055,0.24,ضلل نذر کتب جیء
الحساب,15,9.1,0.112,0.6,سرع کسب عند یوم
اليما,11,9.1,0.14,0.0,عتد عذب دخل کفر
السبيل,9,8.9,0.141,0.22,سوو ضلل
تكذبون,9,8.9,0.135,0.0,نور کون قول
المصير,23,8.7,0.092,0.39,بءس ءوی جهنم نور کفر غفر ملک
تعملون,50,8.6,0.068,0.42,خبر غفل رجع نبء شهد جزی علم کون
تتقون,18,8.5,0.101,0.17,ءخو غیر عبد
يءمنون,44,8.4,0.067,0.2,رحم ءیی کتب کثر قوم هدی حقق
عليما,9,8.4,0.138,1.0,کلل شیء
للعالمين,12,8.1,0.113,0.5,ذکر ءیی
الظالمين,48,8.0,0.062,0.48,جزی شهد قوم هدی نور بعد
الاولين,27,8.0,0.082,0.19,سطر ءبو سمع قبل ءیی
وكيلا,13,8.0,0.104,0.46,کفی ءخذ کتب
المبين,22,7.8,0.084,0.23,بلغ طوع ولی کتب عبد رسل
مسلمين,8,7.5,0.147,0.38,قبل ءمن ءتی کون قول
بصير,20,7.4,0.089,0.95,عمل سمع
عظيما,20,7.3,0.082,0.5,ءجر فوز عدد فضل حسن صلح ءتی
احدا,13,7.3,0.1,0.46,شرک غیب
الاخرين,13,7.3,0.103,0.0,ترک
تعبدون,11,7.1,0.092,0.18,ءبو قوم کون قول
عظيم,49,7.0,0.06,0.43,عذب ءجر خوف دنو سوء ءخر
بصيرا,13,7.0,0.102,0.69,خبر عبد سمع
حين,14,6.5,0.095,0.0,متع
يكسبون,13,6.5,0.086,0.08,غنی جزی کون
يفترون,13,6.3,0.09,0.23,ضلل نفس حقق
يتفكرون,10,6.3,0.096,0.0,ثمر ءیی مثل قوم
للمءمنين,10,6.1,0.095,0.1,هدی ءیی
سبيلا,24,6.0,0.062,0.5,ضلل فحش نسو طوع هدی ءخذ
تشكرون,19,6.0,0.071,0.16,فءد فلک قلل بغی سخر فضل بصر بحر
خبيرا,9,6.0,0.101,0.78,عرض عمل
الفاسقين,11,5.7,0.094,0.64,هدی قوم
شهيد,8,5.6,0.108,0.75,کلل شیء
ينصرون,13,5.5,0.084,0.08,نفس ولی یوم
يوقنون,11,5.5,0.087,0.09,ءخر قوم ءیی ءتی
يشعرون,19,5.4,0.065,0.0,بغت مکر حیث ءتی عذب نفس
كافرون,15,5.2,0.07,0.2,ءخر جیء
المسلمين,8,5.2,0.091,0.12,ءمر
كبير,8,5.1,0.088,0.12,ءجر غفر
تعلمون,47,5.0,0.046,0.34,خیر
خبير,15,5.0,0.076,0.87,عمل
المفلحون,12,5.0,0.078,0.33,وجد خیر
الكاذبين,10,5.0,0.089,0.5,صدق ظنن علم
يعقلون,19,4.9,0.062,0.16,صمم موه ندو لیل موت نهر ءیی رزق
ترجعون,18,4.6,0.064,0.33,موت ملک خلق کلل
المتقين,14,4.6,0.069,0.71,عهد حرم حبب شرک قتل وحد
تحشرون,8,4.6,0.093,0.75,وقی
مهين,11,4.5,0.083,0.09,عذب ءخذ کفر ءیی
الخاسرين,11,4.4,0.079,0.45,رحم غفر قبل
النار,21,4.3,0.056,0.1,صحب عذب وقی دنو ضلل کفر
شهيدا,8,4.3,0.085,0.62,کفی کلل
المءمنين,33,4.1,0.046,0.42,بشر عبد تبع
مبينا,13,4.1,0.067,0.38,بهت ءثم سلط رود ءخذ
كافرين,8,4.1,0.081,0.12,رسل
كريم,20,3.7,0.05,0.25,رزق غفر ءجر
الصالحين,19,3.6,0.054,0.53,دخل نبو صدق ءخر دنو
الظالمون,14,3.6,0.058,0.36,فلح دور
ينظرون,12,3.5,0.055,0.08,خفف عذب
يتقون,12,3.4,0.06,0.17,
الكافرين,29,3.3,0.045,0.45,
تفلحون,11,3.3,0.064,0.82,وقی کثر
الكافرون,11,3.3,0.066,0.45,کره نور
اجمعين,23,3.2,0.047,0.09,ملء جهنم نجو ءهل هدی ءنس
للمتقين,13,3.2,0.054,0.15,وعظ عقب هدی بین
يفقهون,9,3.2,0.065,0.22,قلب
الجحيم,18,3.1,0.052,0.17,صحب کذب وقی ءیی عذب
حليم,10,3.1,0.065,0.8,غفر
بعيد,11,2.8,0.054,0.09,شقق ضلل
ترحمون,8,2.8,0.067,0.38,وقی
المفسدين,10,2.7,0.06,0.5,عقب نظر وسی
معرضون,14,2.5,0.047,0.07,ولی ذکر سمو حقق بین
تاكلون,8,2.5,0.063,0.0,نعم کثر قول
تعقلون,24,2.3,0.041,0.25,دور حیی تلو خیر دنو
موسي,13,2.2,0.053,0.08,ءتی
يسمعون,8,2.2,0.056,0.0,ءیی قوم
لكاذبون,9,2.1,0.054,0.56,شهد کفر
اسراييل,8,2.1,0.05,0.12,رسل
يفعلون,12,2.0,0.045,0.42,
المجرمين,11,2.0,0.053,0.0,جزی کذب قوم
المرسلين,21,1.9,0.04,0.1,کذب جیء
لهم,8,1.9,0.051,0.25,کفر
كبيرا,14,1.8,0.044,0.29,علو فضل طوع
الفاسقون,9,1.8,0.049,0.33,
يهتدون,9,1.8,0.044,0.0,
السعير,8,1.8,0.054,0.12,شطن صحب عذب
يسير,8,1.7,0.046,0.62,کتب
الخاسرون,11,1.6,0.041,0.27,
كثيرا,10,1.6,0.046,0.5,ذکر
معلوم,9,1.2,0.042,0.0,یوم
تذكرون,17,1.1,0.032,0.29,قلل
الصابرين,9,1.0,0.04,0.78,
المجرمون,9,0.9,0.035,0.22,
يرجعون,21,0.5,0.028,0.05,کبر هلک طوع ءهل
تبصرون,9,0.4,0.027,0.0,ءتی قوم
قليلا,17,-0.0,0.024,0.12,قتل
يبصرون,9,0.0,0.025,0.0,
