key,sura,ayah,place,band,arabic,english,shinqiti_links,source_ref,notes
2:8,2,8,Medinan,short,وَمِنَ النَّاسِ مَن يَقُولُ آمَنَّا بِاللّهِ وَبِالْيَوْمِ الآخِرِ وَمَا هُم بِمُؤْمِنِينَ,"And of the people are some who say, ""We believe in Allah and the Last Day,"" but they are not believers",,,
2:41,2,41,Medinan,long,وَآمِنُواْ بِمَا أَنزَلْتُ مُصَدِّقاً لِّمَا مَعَکُمْ وَلاَ تَکُونُواْ أَوَّلَ کافِرٍ بِهِ وَلاَ تَشْتَرُواْ بِآيَاتِي ثَمَناً قَلِيلاً وَإِيَّايَ فَاتَّقُونِ,"And believe in what I have sent down confirming that which is [already] with you, and be not the first to disbelieve in it. And do not exchange My signs for a small price, and fear [only] Me",,,
2:52,2,52,Medinan,short,ثُمَّ عَفَوْنَا عَنکُمِ مِّن بَعْدِ ذَلِک لَعَلَّکُمْ تَشْکُرُونَ,Then We forgave you after that so perhaps you would be grateful,,,
2:64,2,64,Medinan,short,ثُمَّ تَوَلَّيْتُم مِّن بَعْدِ ذَلِک فَلَوْلاَ فَضْلُ اللَّهِ عَلَيْکُمْ وَرَحْمَتُهُ لَکُنتُم مِّنَ الْخَاسِرِينَ,"Then you turned away after that. And if not for the favor of Allah upon you and His mercy, you would have been among the losers",,,
2:78,2,78,Medinan,short,وَمِنْهُمْ أُمِّيُّونَ لاَ يَعْلَمُونَ الْکِتَابَ إِلاَّ أَمَانِيَّ وَإِنْ هُمْ إِلاَّ يَظُنُّونَ,"And among them are unlettered ones who do not know the Scripture except in wishful thinking, but they are only assuming",,,
2:101,2,101,Medinan,long,وَلَمَّا جَاءهُمْ رَسُولٌ مِّنْ عِندِ اللّهِ مُصَدِّقٌ لِّمَا مَعَهُمْ نَبَذَ فَرِيقٌ مِّنَ الَّذِينَ أُوتُواْ الْکِتَابَ کِتَابَ اللّهِ وَرَاء ظُهُورِهِمْ کأَنَّهُمْ لاَ يَعْلَمُونَ,"And when a messenger from Allah came to them confirming that which was with them, a party of those who had been given the Scripture threw the Scripture of Allah behind their backs as if they did not know [what it contained]",,,
2:106,2,106,Medinan,long,مَا نَنسَخْ مِنْ آيَةٍ أَوْ نُنسِهَا نَأْتِ بِخَيْرٍ مِّنْهَا أَوْ مِثْلِهَا أَلَمْ تَعْلَمْ أَنَّ اللّهَ عَلَىَ کُلِّ شَيْءٍ قَدِيرٌ,We do not abrogate a verse or cause it to be forgotten except that We bring forth [one] better than it or similar to it. Do you not know that Allah is over all things competent,,,
2:154,2,154,Medinan,short,وَلاَ تَقُولُواْ لِمَنْ يُقْتَلُ فِي سَبيلِ اللّهِ أَمْوَاتٌ بَلْ أَحْيَاء وَلَکِن لاَّ تَشْعُرُونَ,"And do not say about those who are killed in the way of Allah, ""They are dead."" Rather, they are alive, but you perceive [it] not",,,
2:173,2,173,Medinan,long,إِنَّمَا حَرَّمَ عَلَيْکُمُ الْمَيْتَةَ وَالدَّمَ وَلَحْمَ الْخِنزِيرِ وَمَا أُهِلَّ بِهِ لِغَيْرِ اللّهِ فَمَنِ اضْطُرَّ غَيْرَ بَاغٍ وَلاَ عَادٍ فَلا إِثْمَ عَلَيْهِ إِنَّ اللّهَ غَفُورٌ رَّحِيمٌ,"He has only forbidden to you dead animals, blood, the flesh of swine, and that which has been dedicated to other than Allah. But whoever is forced [by necessity], neither desiring [it] nor transgressing [its limit], there is no sin upon him. Indeed, Allah is Forgiving and Merciful",,,
2:183,2,183,Medinan,short,يَا أَيُّهَا الَّذِينَ آمَنُواْ کُتِبَ عَلَيْکُمُ الصِّيَامُ کمَا کُتِبَ عَلَى الَّذِينَ مِن قَبْلِکُمْ لَعَلَّکُمْ تَتَّقُونَ,"O you who have believed, decreed upon you is fasting as it was decreed upon those before you that you may become righteous",,,
2:215,2,215,Medinan,long,يَسْأَلُونَک مَاذَا يُنفِقُونَ قُلْ مَا أَنفَقْتُم مِّنْ خَيْرٍ فَلِلْوَالِدَيْنِ وَالأَقْرَبِينَ وَالْيَتَامَى وَالْمَسَاکِينِ وَابْنِ السَّبِيلِ وَمَا تَفْعَلُواْ مِنْ خَيْرٍ فَإِنَّ اللّهَ بِهِ عَلِيمٌ,"They ask you, [O Muhammad], what they should spend. Say, ""Whatever you spend of good is [to be] for parents and relatives and orphans and the needy and the traveler. And whatever you do of good - indeed, Allah is Knowing of it",,,
2:219,2,219,Medinan,long,يَسْأَلُونَک عَنِ الْخَمْرِ وَالْمَيْسِرِ قُلْ فِيهِمَا إِثْمٌ کبِيرٌ وَمَنَافِعُ لِلنَّاسِ وَإِثْمُهُمَآ أَکْبَرُ مِن نَّفْعِهِمَا وَيَسْأَلُونَک مَاذَا يُنفِقُونَ قُلِ الْعَفْوَ کذَلِک يُبيِّنُ اللّهُ لَکُمُ الآيَاتِ لَعَلَّکُمْ تَتَفَکَّرُونَ,"They ask you about wine and gambling. Say, ""In them is great sin and [yet, some] benefit for people. But their sin is greater than their benefit."" And they ask you what they should spend. Say, ""The excess [beyond needs]."" Thus Allah makes clear to you the verses [of revelation] that you might give thought",,,
2:227,2,227,Medinan,short,وَإِنْ عَزَمُواْ الطَّلاَقَ فَإِنَّ اللّهَ سَمِيعٌ عَلِيمٌ,"And if they decide on divorce - then indeed, Allah is Hearing and Knowing",,,
2:267,2,267,Medinan,long,يَا أَيُّهَا الَّذِينَ آمَنُواْ أَنفِقُواْ مِن طَيِّبَاتِ مَا کسَبْتُمْ وَمِمَّا أَخْرَجْنَا لَکُم مِّنَ الأَرْضِ وَلاَ تَيَمَّمُواْ الْخَبِيثَ مِنْهُ تُنفِقُونَ وَلَسْتُم بِآخِذِيهِ إِلاَّ أَن تُغْمِضُواْ فِيهِ وَاعْلَمُواْ أَنَّ اللّهَ غَنِيٌّ حَمِيدٌ,"O you who have believed, spend from the good things which you have earned and from that which We have produced for you from the earth. And do not aim toward the defective therefrom, spending [from that] while you would not take it [yourself] except with closed eyes. And know that Allah is Free of need and Praiseworthy",,,
2:271,2,271,Medinan,long,إِن تُبْدُواْ الصَّدَقَاتِ فَنِعِمَّا هِيَ وَإِن تُخْفُوهَا وَتُؤْتُوهَا الْفُقَرَاء فَهُوَ خَيْرٌ لُّکُمْ وَيُکفِّرُ عَنکُم مِّن سَيِّئَاتِکُمْ وَاللّهُ بِمَا تَعْمَلُونَ خَبِيرٌ,"If you disclose your charitable expenditures, they are good; but if you conceal them and give them to the poor, it is better for you, and He will remove from you some of your misdeeds [thereby]. And Allah, with what you do, is [fully] Acquainted",,,
2:282,2,282,Medinan,long,يَا أَيُّهَا الَّذِينَ آمَنُواْ إِذَا تَدَايَنتُم بِدَيْنٍ إِلَى أَجَلٍ مُّسَمًّى فَاکْتُبُوهُ وَلْيَکْتُب بَّيْنَکُمْ کاتِبٌ بِالْعَدْلِ وَلاَ يَأْبَ کاتِبٌ أَنْ يَکْتُبَ کمَا عَلَّمَهُ اللّهُ فَلْيَکْتُبْ وَلْيُمْلِلِ الَّذِي عَلَيْهِ الْحَقُّ وَلْيَتَّقِ اللّهَ رَبَّهُ وَلاَ يَبْخَسْ مِنْهُ شَيْئًا فَإن کانَ الَّذِي عَلَيْهِ الْحَقُّ سَفِيهًا أَوْ ضَعِيفًا أَوْ لاَ يَسْتَطِيعُ أَن يُمِلَّ هُوَ فَلْيُمْلِلْ وَلِيُّهُ بِالْعَدْلِ وَاسْتَشْهِدُواْ شَهِيدَيْنِ من رِّجَالِکُمْ فَإِن لَّمْ يَکُونَا رَجُلَيْنِ فَرَجُلٌ وَامْرَأَتَانِ مِمَّن تَرْضَوْنَ مِنَ الشُّهَدَاء أَن تَضِلَّ إْحْدَاهُمَا فَتُذَکِّرَ إِحْدَاهُمَا الأُخْرَى وَلاَ يَأْبَ الشُّهَدَاء إِذَا مَا دُعُواْ وَلاَ تَسْأَمُوْاْ أَن تَکْتُبُوْهُ صَغِيرًا أَو کبِيرًا إِلَى أَجَلِهِ ذَلِکُمْ أَقْسَطُ عِندَ اللّهِ وَأَقْومُ لِلشَّهَادَةِ وَأَدْنَى أَلاَّ تَرْتَابُواْ إِلاَّ أَن تَکُونَ تِجَارَةً حَاضِرَةً تُدِيرُونَهَا بَيْنَکُمْ فَلَيْسَ عَلَيْکُمْ جُنَاحٌ أَلاَّ تَکْتُبُوهَا وَأَشْهِدُوْاْ إِذَا تَبَايَعْتُمْ وَلاَ يُضَآرَّ کاتِبٌ وَلاَ شَهِيدٌ وَإِن تَفْعَلُواْ فَإِنَّهُ فُسُوقٌ بِکُمْ وَاتَّقُواْ اللّهَ وَيُعَلِّمُکُمُ اللّهُ وَاللّهُ بِکُلِّ شَيْءٍ عَلِيمٌ,"O you who have believed, when you contract a debt for a specified term, write it down. And let a scribe write [it] between you in justice. Let no scribe refuse to write as Allah has taught him. So let him write and let the one who has the obligation dictate. And let him fear Allah, his Lord, and not leave anything out of it. But if the one who has the obligation is of limited understanding or weak or unable to dictate himself, then let his guardian dictate in justice. And bring to witness two witnesses from among your men. And if there are not two men [available], then a man and two women from those whom you accept as witnesses - so that if one of the women errs, then the other can remind her. And let not the witnesses refuse when they are called upon. And do not be [too] weary to write it, whether it is small or large, for its [specified] term. That is more just in the sight of Allah and stronger as evidence and more likely to prevent doubt between you, except when it is an immediate transaction which you conduct among yourselves. For [then] there is no blame upon you if you do not write it. And take witnesses when you conclude a contract. Let no scribe be harmed or any witness. For if you do so, indeed, it is [grave] disobedience in you. And fear Allah. And Allah teaches you. And Allah is Knowing of all things",,,
3:21,3,21,Medinan,long,إِنَّ الَّذِينَ يَکْفُرُونَ بِآيَاتِ اللّهِ وَيَقْتُلُونَ النَّبِيِّينَ بِغَيْرِ حَقٍّ وَيَقْتُلُونَ الِّذِينَ يَأْمُرُونَ بِالْقِسْطِ مِنَ النَّاسِ فَبَشِّرْهُم بِعَذَابٍ أَلِيمٍ,Those who disbelieve in the signs of Allah and kill the prophets without right and kill those who order justice from among the people - give them tidings of a painful punishment,,,
3:28,3,28,Medinan,long,لاَّ يَتَّخِذِ الْمُؤْمِنُونَ الْکافِرِينَ أَوْلِيَاء مِن دُوْنِ الْمُؤْمِنِينَ وَمَن يَفْعَلْ ذَلِک فَلَيْسَ مِنَ اللّهِ فِي شَيْءٍ إِلاَّ أَن تَتَّقُواْ مِنْهُمْ تُقَاةً وَيُحَذِّرُکُمُ اللّهُ نَفْسَهُ وَإِلَى اللّهِ الْمَصِيرُ,"Let not believers take disbelievers as allies rather than believers. And whoever [of you] does that has nothing with Allah, except when taking precaution against them in prudence. And Allah warns you of Himself, and to Allah is the [final] destination",,,
3:48,3,48,Medinan,short,وَيُعَلِّمُهُ الْکِتَابَ وَالْحِکْمَةَ وَالتَّوْرَاةَ وَالإِنجِيلَ,And He will teach him writing and wisdom and the Torah and the Gospel,,,
3:58,3,58,Medinan,short,ذَلِک نَتْلُوهُ عَلَيْک مِنَ الآيَاتِ وَالذِّکْرِ الْحَکِيمِ,"This is what We recite to you, [O Muhammad], of [Our] verses and the precise [and wise] message",,,
3:108,3,108,Medinan,long,تِلْک آيَاتُ اللّهِ نَتْلُوهَا عَلَيْک بِالْحَقِّ وَمَا اللّهُ يُرِيدُ ظُلْمًا لِّلْعَالَمِينَ,"These are the verses of Allah. We recite them to you, [O Muhammad], in truth; and Allah wants no injustice to the worlds",,,
3:115,3,115,Medinan,short,وَمَا يَفْعَلُواْ مِنْ خَيْرٍ فَلَن يُکْفَرُوْهُ وَاللّهُ عَلِيمٌ بِالْمُتَّقِينَ,And whatever good they do - never will it be removed from them. And Allah is Knowing of the righteous,,,
3:190,3,190,Medinan,long,إِنَّ فِي خَلْقِ السَّمَاوَاتِ وَالأَرْضِ وَاخْتِلاَفِ اللَّيْلِ وَالنَّهَارِ لآيَاتٍ لِّأُوْلِي الألْبَابِ,"Indeed, in the creation of the heavens and the earth and the alternation of the night and the day are signs for those of understanding",,,
3:195,3,195,Medinan,long,فَاسْتَجَابَ لَهُمْ رَبُّهُمْ أَنِّي لاَ أُضِيعُ عَمَلَ عَامِلٍ مِّنکُم مِّن ذَکرٍ أَوْ أُنثَى بَعْضُکُم مِّن بَعْضٍ فَالَّذِينَ هَاجَرُواْ وَأُخْرِجُواْ مِن دِيَارِهِمْ وَأُوذُواْ فِي سَبِيلِي وَقَاتَلُواْ وَقُتِلُواْ لأُکفِّرَنَّ عَنْهُمْ سَيِّئَاتِهِمْ وَلأُدْخِلَنَّهُمْ جَنَّاتٍ تَجْرِي مِن تَحْتِهَا الأَنْهَارُ ثَوَابًا مِّن عِندِ اللّهِ وَاللّهُ عِندَهُ حُسْنُ الثَّوَابِ,"And their Lord responded to them, ""Never will I allow to be lost the work of [any] worker among you, whether male or female; you are of one another. So those who emigrated or were evicted from their homes or were harmed in My cause or fought or were killed - I will surely remove from them their misdeeds, and I will surely admit them to gardens beneath which rivers flow as reward from Allah, and Allah has with Him the best reward",,,
4:21,4,21,Medinan,short,وَکيْفَ تَأْخُذُونَهُ وَقَدْ أَفْضَى بَعْضُکُمْ إِلَى بَعْضٍ وَأَخَذْنَ مِنکُم مِّيثَاقًا غَلِيظًا,And how could you take it while you have gone in unto each other and they have taken from you a solemn covenant,,,
4:38,4,38,Medinan,long,وَالَّذِينَ يُنفِقُونَ أَمْوَالَهُمْ رِئَاء النَّاسِ وَلاَ يُؤْمِنُونَ بِاللّهِ وَلاَ بِالْيَوْمِ الآخِرِ وَمَن يَکُنِ الشَّيْطَانُ لَهُ قَرِينًا فَسَاء قِرِينًا,And [also] those who spend of their wealth to be seen by the people and believe not in Allah nor in the Last Day. And he to whom Satan is a companion - then evil is he as a companion,,,
4:71,4,71,Medinan,short,يَا أَيُّهَا الَّذِينَ آمَنُواْ خُذُواْ حِذْرَکُمْ فَانفِرُواْ ثُبَاتٍ أَوِ انفِرُواْ جَمِيعًا,"O you who have believed, take your precaution and [either] go forth in companies or go forth all together",,,
4:138,4,138,Medinan,short,بَشِّرِ الْمُنَافِقِينَ بِأَنَّ لَهُمْ عَذَابًا أَلِيمًا,Give tidings to the hypocrites that there is for them a painful punishment,,,
5:35,5,35,Medinan,long,يَا أَيُّهَا الَّذِينَ آمَنُواْ اتَّقُواْ اللّهَ وَابْتَغُواْ إِلَيهِ الْوَسِيلَةَ وَجَاهِدُواْ فِي سَبِيلِهِ لَعَلَّکُمْ تُفْلِحُونَ,,,,
5:54,5,54,Medinan,long,يَا أَيُّهَا الَّذِينَ آمَنُواْ مَن يَرْتَدَّ مِنکُمْ عَن دِينِهِ فَسَوْفَ يَأْتِي اللّهُ بِقَوْمٍ يُحِبُّهُمْ وَيُحِبُّونَهُ أَذِلَّةٍ عَلَى الْمُؤْمِنِينَ أَعِزَّةٍ عَلَى الْکافِرِينَ يُجَاهِدُونَ فِي سَبِيلِ اللّهِ وَلاَ يَخَافُونَ لَوْمَةَ لآئِمٍ ذَلِک فَضْلُ اللّهِ يُؤْتِيهِ مَن يَشَاء وَاللّهُ وَاسِعٌ عَلِيمٌ,,,,
5:76,5,76,Medinan,long,قُلْ أَتَعْبُدُونَ مِن دُونِ اللّهِ مَا لاَ يَمْلِکُ لَکُمْ ضَرًّا وَلاَ نَفْعًا وَاللّهُ هُوَ السَّمِيعُ الْعَلِيمُ,,,,
5:79,5,79,Medinan,short,کانُواْ لاَ يَتَنَاهَوْنَ عَن مُّنکرٍ فَعَلُوهُ لَبِئْسَ مَا کانُواْ يَفْعَلُونَ,,,,
5:93,5,93,Medinan,long,لَيْسَ عَلَى الَّذِينَ آمَنُواْ وَعَمِلُواْ الصَّالِحَاتِ جُنَاحٌ فِيمَا طَعِمُواْ إِذَا مَا اتَّقَواْ وَّآمَنُواْ وَعَمِلُواْ الصَّالِحَاتِ ثُمَّ اتَّقَواْ وَّآمَنُواْ ثُمَّ اتَّقَواْ وَّأَحْسَنُواْ وَاللّهُ يُحِبُّ الْمُحْسِنِينَ,,,,
6:47,6,47,Meccan,long,قُلْ أَرَأَيْتَکُمْ إِنْ أَتَاکُمْ عَذَابُ اللّهِ بَغْتَةً أَوْ جَهْرَةً هَلْ يُهْلَکُ إِلاَّ الْقَوْمُ الظَّالِمُونَ,,,,
6:49,6,49,Meccan,short,وَالَّذِينَ کذَّبُواْ بِآيَاتِنَا يَمَسُّهُمُ الْعَذَابُ بِمَا کانُواْ يَفْسُقُونَ,,,,
6:82,6,82,Meccan,short,الَّذِينَ آمَنُواْ وَلَمْ يَلْبِسُواْ إِيمَانَهُم بِظُلْمٍ أُوْلَئِک لَهُمُ الأَمْنُ وَهُم مُّهْتَدُونَ,,,,
6:90,6,90,Meccan,long,أُوْلَئِک الَّذِينَ هَدَى اللّهُ فَبِهُدَاهُمُ اقْتَدِهْ قُل لاَّ أَسْأَلُکُمْ عَلَيْهِ أَجْرًا إِنْ هُوَ إِلاَّ ذِکْرَى لِلْعَالَمِينَ,,,,
6:96,6,96,Meccan,long,فَالِقُ الإِصْبَاحِ وَجَعَلَ اللَّيْلَ سَکنًا وَالشَّمْسَ وَالْقَمَرَ حُسْبَانًا ذَلِک تَقْدِيرُ الْعَزِيزِ الْعَلِيمِ,,,,
7:66,7,66,Meccan,long,قَالَ الْمَلأُ الَّذِينَ کفَرُواْ مِن قَوْمِهِ إِنَّا لَنَرَاک فِي سَفَاهَةٍ وِإِنَّا لَنَظُنُّک مِنَ الْکاذِبِينَ,"Said the eminent ones who disbelieved among his people, ""Indeed, we see you in foolishness, and indeed, we think you are of the liars",,,
7:74,7,74,Meccan,long,وَاذْکُرُواْ إِذْ جَعَلَکُمْ خُلَفَاء مِن بَعْدِ عَادٍ وَبَوَّأَکُمْ فِي الأَرْضِ تَتَّخِذُونَ مِن سُهُولِهَا قُصُورًا وَتَنْحِتُونَ الْجِبَالَ بُيُوتًا فَاذْکُرُواْ آلاء اللّهِ وَلاَ تَعْثَوْا فِي الأَرْضِ مُفْسِدِينَ,"And remember when He made you successors after the 'Aad and settled you in the land, [and] you take for yourselves palaces from its plains and carve from the mountains, homes. Then remember the favors of Allah and do not commit abuse on the earth, spreading corruption",,,
7:86,7,86,Meccan,long,وَلاَ تَقْعُدُواْ بِکُلِّ صِرَاطٍ تُوعِدُونَ وَتَصُدُّونَ عَن سَبِيلِ اللّهِ مَنْ آمَنَ بِهِ وَتَبْغُونَهَا عِوَجًا وَاذْکُرُواْ إِذْ کُنتُمْ قَلِيلاً فَکثَّرَکُمْ وَانظُرُواْ کيْفَ کانَ عَاقِبَةُ الْمُفْسِدِينَ,"And do not sit on every path, threatening and averting from the way of Allah those who believe in Him, seeking to make it [seem] deviant. And remember when you were few and He increased you. And see how was the end of the corrupters",,,
7:189,7,189,Meccan,long,هُوَ الَّذِي خَلَقَکُم مِّن نَّفْسٍ وَاحِدَةٍ وَجَعَلَ مِنْهَا زَوْجَهَا لِيَسْکُنَ إِلَيْهَا فَلَمَّا تَغَشَّاهَا حَمَلَتْ حَمْلاً خَفِيفًا فَمَرَّتْ بِهِ فَلَمَّا أَثْقَلَت دَّعَوَا اللّهَ رَبَّهُمَا لَئِنْ آتَيْتَنَا صَالِحاً لَّنَکُونَنَّ مِنَ الشَّاکِرِينَ,"It is He who created you from one soul and created from it its mate that he might dwell in security with her. And when he covers her, she carries a light burden and continues therein. And when it becomes heavy, they both invoke Allah, their Lord, ""If You should give us a good [child], we will surely be among the grateful",,,
7:195,7,195,Meccan,long,أَلَهُمْ أَرْجُلٌ يَمْشُونَ بِهَا أَمْ لَهُمْ أَيْدٍ يَبْطِشُونَ بِهَا أَمْ لَهُمْ أَعْيُنٌ يُبْصِرُونَ بِهَا أَمْ لَهُمْ آذَانٌ يَسْمَعُونَ بِهَا قُلِ ادْعُواْ شُرَکاءکُمْ ثُمَّ کِيدُونِ فَلاَ تُنظِرُونِ,"Do they have feet by which they walk? Or do they have hands by which they strike? Or do they have eyes by which they see? Or do they have ears by which they hear? Say, [O Muhammad], ""Call your 'partners' and then conspire against me and give me no respite",,,
9:43,9,43,Medinan,short,عَفَا اللّهُ عَنک لِمَ أَذِنتَ لَهُمْ حَتَّى يَتَبَيَّنَ لَک الَّذِينَ صَدَقُواْ وَتَعْلَمَ الْکاذِبِينَ,,,,
9:46,9,46,Medinan,long,وَلَوْ أَرَادُواْ الْخُرُوجَ لأَعَدُّواْ لَهُ عُدَّةً وَلَکِن کرِهَ اللّهُ انبِعَاثَهُمْ فَثَبَّطَهُمْ وَقِيلَ اقْعُدُواْ مَعَ الْقَاعِدِينَ,,,,
9:108,9,108,Medinan,long,لاَ تَقُمْ فِيهِ أَبَدًا لَّمَسْجِدٌ أُسِّسَ عَلَى التَّقْوَى مِنْ أَوَّلِ يَوْمٍ أَحَقُّ أَن تَقُومَ فِيهِ فِيهِ رِجَالٌ يُحِبُّونَ أَن يَتَطَهَّرُواْ وَاللّهُ يُحِبُّ الْمُطَّهِّرِينَ,,,,
10:22,10,22,Meccan,long,هُوَ الَّذِي يُسَيِّرُکُمْ فِي الْبَرِّ وَالْبَحْرِ حَتَّى إِذَا کُنتُمْ فِي الْفُلْکِ وَجَرَيْنَ بِهِم بِرِيحٍ طَيِّبَةٍ وَفَرِحُواْ بِهَا جَاءتْهَا رِيحٌ عَاصِفٌ وَجَاءهُمُ الْمَوْجُ مِن کُلِّ مَکانٍ وَظَنُّواْ أَنَّهُمْ أُحِيطَ بِهِمْ دَعَوُاْ اللّهَ مُخْلِصِينَ لَهُ الدِّينَ لَئِنْ أَنجَيْتَنَا مِنْ هَذِهِ لَنَکُونَنِّ مِنَ الشَّاکِرِينَ,,,,
11:31,11,31,Meccan,long,وَلاَ أَقُولُ لَکُمْ عِندِي خَزَآئِنُ اللّهِ وَلاَ أَعْلَمُ الْغَيْبَ وَلاَ أَقُولُ إِنِّي مَلَکٌ وَلاَ أَقُولُ لِلَّذِينَ تَزْدَرِي أَعْيُنُکُمْ لَن يُؤْتِيَهُمُ اللّهُ خَيْرًا اللّهُ أَعْلَمُ بِمَا فِي أَنفُسِهِمْ إِنِّي إِذًا لَّمِنَ الظَّالِمِينَ,,,,
11:46,11,46,Meccan,long,قَالَ يَا نُوحُ إِنَّهُ لَيْسَ مِنْ أَهْلِک إِنَّهُ عَمَلٌ غَيْرُ صَالِحٍ فَلاَ تَسْأَلْنِ مَا لَيْسَ لَک بِهِ عِلْمٌ إِنِّي أَعِظُک أَن تَکُونَ مِنَ الْجَاهِلِينَ,,,,
11:47,11,47,Meccan,long,قَالَ رَبِّ إِنِّي أَعُوذُ بِک أَنْ أَسْأَلَک مَا لَيْسَ لِي بِهِ عِلْمٌ وَإِلاَّ تَغْفِرْ لِي وَتَرْحَمْنِي أَکُن مِّنَ الْخَاسِرِينَ,,,,
11:48,11,48,Meccan,long,قِيلَ يَا نُوحُ اهْبِطْ بِسَلاَمٍ مِّنَّا وَبَرکاتٍ عَلَيْک وَعَلَى أُمَمٍ مِّمَّن مَّعَک وَأُمَمٌ سَنُمَتِّعُهُمْ ثُمَّ يَمَسُّهُم مِّنَّا عَذَابٌ أَلِيمٌ,,,,
11:49,11,49,Meccan,long,تِلْک مِنْ أَنبَاء الْغَيْبِ نُوحِيهَا إِلَيْک مَا کُنتَ تَعْلَمُهَا أَنتَ وَلاَ قَوْمُک مِن قَبْلِ هَذَا فَاصْبِرْ إِنَّ الْعَاقِبَةَ لِلْمُتَّقِينَ,,,,
12:99,12,99,Meccan,long,فَلَمَّا دَخَلُواْ عَلَى يُوسُفَ آوَى إِلَيْهِ أَبَوَيْهِ وَقَالَ ادْخُلُواْ مِصْرَ إِن شَاء اللّهُ آمِنِينَ,,,,
12:106,12,106,Meccan,short,وَمَا يُؤْمِنُ أَکْثَرُهُمْ بِاللّهِ إِلاَّ وَهُم مُّشْرِکُونَ,,,,
13:6,13,6,Medinan,long,وَيَسْتَعْجِلُونَک بِالسَّيِّئَةِ قَبْلَ الْحَسَنَةِ وَقَدْ خَلَتْ مِن قَبْلِهِمُ الْمَثُلاَتُ وَإِنَّ رَبَّک لَذُو مَغْفِرَةٍ لِّلنَّاسِ عَلَى ظُلْمِهِمْ وَإِنَّ رَبَّک لَشَدِيدُ الْعِقَابِ,,,,
13:10,13,10,Medinan,long,سَوَاء مِّنکُم مَّنْ أَسَرَّ الْقَوْلَ وَمَن جَهَرَ بِهِ وَمَنْ هُوَ مُسْتَخْفٍ بِاللَّيْلِ وَسَارِبٌ بِالنَّهَارِ,,,,
14:44,14,44,Meccan,long,وَأَنذِرِ النَّاسَ يَوْمَ يَأْتِيهِمُ الْعَذَابُ فَيَقُولُ الَّذِينَ ظَلَمُواْ رَبَّنَا أَخِّرْنَا إِلَى أَجَلٍ قَرِيبٍ نُّجِبْ دَعْوَتَک وَنَتَّبِعِ الرُّسُلَ أَوَلَمْ تَکُونُواْ أَقْسَمْتُم مِّن قَبْلُ مَا لَکُم مِّن زَوَالٍ,,,,
16:74,16,74,Meccan,short,فَلاَ تَضْرِبُواْ لِلّهِ الأَمْثَالَ إِنَّ اللّهَ يَعْلَمُ وَأَنتُمْ لاَ تَعْلَمُونَ,,,,
17:16,17,16,Meccan,long,وَإِذَا أَرَدْنَا أَن نُّهْلِک قَرْيَةً أَمَرْنَا مُتْرَفِيهَا فَفَسَقُواْ فِيهَا فَحَقَّ عَلَيْهَا الْقَوْلُ فَدَمَّرْنَاهَا تَدْمِيرًا,,,,
17:25,17,25,Meccan,long,رَّبُّکُمْ أَعْلَمُ بِمَا فِي نُفُوسِکُمْ إِن تَکُونُواْ صَالِحِينَ فَإِنَّهُ کانَ لِلأَوَّابِينَ غَفُورًا,,,,
17:104,17,104,Meccan,long,وَقُلْنَا مِن بَعْدِهِ لِبَنِي إِسْرَائِيلَ اسْکُنُواْ الأَرْضَ فَإِذَا جَاء وَعْدُ الآخِرَةِ جِئْنَا بِکُمْ لَفِيفًا,,,,
18:35,18,35,Meccan,long,وَدَخَلَ جَنَّتَهُ وَهُوَ ظَالِمٌ لِّنَفْسِهِ قَالَ مَا أَظُنُّ أَن تَبِيدَ هَذِهِ أَبَدًا,,,,
19:63,19,63,Meccan,short,تِلْک الْجَنَّةُ الَّتِي نُورِثُ مِنْ عِبَادِنَا مَن کانَ تَقِيًّا,,,,
20:34,20,34,Meccan,short,وَنَذْکُرَک کثِيرًا,,,,
20:58,20,58,Meccan,long,فَلَنَأْتِيَنَّک بِسِحْرٍ مِّثْلِهِ فَاجْعَلْ بَيْنَنَا وَبَيْنَک مَوْعِدًا لَّا نُخْلِفُهُ نَحْنُ وَلَا أَنتَ مَکانًا سُوًى,,,,
21:74,21,74,Meccan,long,وَلُوطًا آتَيْنَاهُ حُکْمًا وَعِلْمًا وَنَجَّيْنَاهُ مِنَ الْقَرْيَةِ الَّتِي کانَت تَّعْمَلُ الْخَبَائِثَ إِنَّهُمْ کانُوا قَوْمَ سَوْءٍ فَاسِقِينَ,,,,
21:86,21,86,Meccan,short,وَأَدْخَلْنَاهُمْ فِي رَحْمَتِنَا إِنَّهُم مِّنَ الصَّالِحِينَ,,,,
22:1,22,1,Medinan,short,يَا أَيُّهَا النَّاسُ اتَّقُوا رَبَّکُمْ إِنَّ زَلْزَلَةَ السَّاعَةِ شَيْءٌ عَظِيمٌ,,,,
22:9,22,9,Medinan,long,ثَانِيَ عِطْفِهِ لِيُضِلَّ عَن سَبِيلِ اللَّهِ لَهُ فِي الدُّنْيَا خِزْيٌ وَنُذِيقُهُ يَوْمَ الْقِيَامَةِ عَذَابَ الْحَرِيقِ,,,,
22:16,22,16,Medinan,short,وَکذَلِک أَنزَلْنَاهُ آيَاتٍ بَيِّنَاتٍ وَأَنَّ اللَّهَ يَهْدِي مَن يُرِيدُ,,,,
22:17,22,17,Medinan,long,إِنَّ الَّذِينَ آمَنُوا وَالَّذِينَ هَادُوا وَالصَّابِئِينَ وَالنَّصَارَى وَالْمَجُوسَ وَالَّذِينَ أَشْرَکُوا إِنَّ اللَّهَ يَفْصِلُ بَيْنَهُمْ يَوْمَ الْقِيَامَةِ إِنَّ اللَّهَ عَلَى کُلِّ شَيْءٍ شَهِيدٌ,,,,
22:25,22,25,Medinan,long,إِنَّ الَّذِينَ کفَرُوا وَيَصُدُّونَ عَن سَبِيلِ اللَّهِ وَالْمَسْجِدِ الْحَرَامِ الَّذِي جَعَلْنَاهُ لِلنَّاسِ سَوَاء الْعَاکِفُ فِيهِ وَالْبَادِ وَمَن يُرِدْ فِيهِ بِإِلْحَادٍ بِظُلْمٍ نُذِقْهُ مِنْ عَذَابٍ أَلِيمٍ,,,,
22:41,22,41,Medinan,long,الَّذِينَ إِن مَّکَّنَّاهُمْ فِي الْأَرْضِ أَقَامُوا الصَّلَاةَ وَآتَوُا الزَّکاةَ وَأَمَرُوا بِالْمَعْرُوفِ وَنَهَوْا عَنِ الْمُنکرِ وَلِلَّهِ عَاقِبَةُ الْأُمُورِ,,,,
22:53,22,53,Medinan,long,لِيَجْعَلَ مَا يُلْقِي الشَّيْطَانُ فِتْنَةً لِّلَّذِينَ فِي قُلُوبِهِم مَّرَضٌ وَالْقَاسِيَةِ قُلُوبُهُمْ وَإِنَّ الظَّالِمِينَ لَفِي شِقَاقٍ بَعِيدٍ,,,,
22:62,22,62,Medinan,long,ذَلِک بِأَنَّ اللَّهَ هُوَ الْحَقُّ وَأَنَّ مَا يَدْعُونَ مِن دُونِهِ هُوَ الْبَاطِلُ وَأَنَّ اللَّهَ هُوَ الْعَلِيُّ الْکبِيرُ,,,,
24:8,24,8,Medinan,short,وَيَدْرَأُ عَنْهَا الْعَذَابَ أَنْ تَشْهَدَ أَرْبَعَ شَهَادَاتٍ بِاللَّهِ إِنَّهُ لَمِنَ الْکاذِبِينَ,,,,
24:9,24,9,Medinan,short,وَالْخَامِسَةَ أَنَّ غَضَبَ اللَّهِ عَلَيْهَا إِن کانَ مِنَ الصَّادِقِينَ,,,,
24:20,24,20,Medinan,short,وَلَوْلَا فَضْلُ اللَّهِ عَلَيْکُمْ وَرَحْمَتُهُ وَأَنَّ اللَّه رَؤُوفٌ رَحِيمٌ,,,,
24:32,24,32,Medinan,long,وَأَنکِحُوا الْأَيَامَى مِنکُمْ وَالصَّالِحِينَ مِنْ عِبَادِکُمْ وَإِمَائِکُمْ إِن يَکُونُوا فُقَرَاء يُغْنِهِمُ اللَّهُ مِن فَضْلِهِ وَاللَّهُ وَاسِعٌ عَلِيمٌ,,,,
24:61,24,61,Medinan,long,لَيْسَ عَلَى الْأَعْمَى حَرَجٌ وَلَا عَلَى الْأَعْرَجِ حَرَجٌ وَلَا عَلَى الْمَرِيضِ حَرَجٌ وَلَا عَلَى أَنفُسِکُمْ أَن تَأْکُلُوا مِن بُيُوتِکُمْ أَوْ بُيُوتِ آبَائِکُمْ أَوْ بُيُوتِ أُمَّهَاتِکُمْ أَوْ بُيُوتِ إِخْوَانِکُمْ أَوْ بُيُوتِ أَخَوَاتِکُمْ أَوْ بُيُوتِ أَعْمَامِکُمْ أَوْ بُيُوتِ عَمَّاتِکُمْ أَوْ بُيُوتِ أَخْوَالِکُمْ أَوْ بُيُوتِ خَالَاتِکُمْ أَوْ مَا مَلَکْتُم مَّفَاتِحَهُ أَوْ صَدِيقِکُمْ لَيْسَ عَلَيْکُمْ جُنَاحٌ أَن تَأْکُلُوا جَمِيعًا أَوْ أَشْتَاتًا فَإِذَا دَخَلْتُم بُيُوتًا فَسَلِّمُوا عَلَى أَنفُسِکُمْ تَحِيَّةً مِّنْ عِندِ اللَّهِ مُبَارَکةً طَيِّبَةً کذَلِک يُبَيِّنُ اللَّهُ لَکُمُ الْآيَاتِ لَعَلَّکُمْ تَعْقِلُون,,,,
25:23,25,23,Meccan,short,وَقَدِمْنَا إِلَى مَا عَمِلُوا مِنْ عَمَلٍ فَجَعَلْنَاهُ هَبَاء مَّنثُورًا,,,,
25:40,25,40,Meccan,long,وَلَقَدْ أَتَوْا عَلَى الْقَرْيَةِ الَّتِي أُمْطِرَتْ مَطَرَ السَّوْءِ أَفَلَمْ يَکُونُوا يَرَوْنَهَا بَلْ کانُوا لَا يَرْجُونَ نُشُورًا,,,,
25:52,25,52,Meccan,short,فَلَا تُطِعِ الْکافِرِينَ وَجَاهِدْهُم بِهِ جِهَادًا کبِيرًا,,,,
26:101,26,101,Meccan,short,وَلَا صَدِيقٍ حَمِيمٍ,,,,
26:103,26,103,Meccan,short,إِنَّ فِي ذَلِک لَآيَةً وَمَا کانَ أَکْثَرُهُم مُّؤْمِنِينَ,,,,
26:185,26,185,Meccan,short,قَالُوا إِنَّمَا أَنتَ مِنَ الْمُسَحَّرِينَ,,,,
27:39,27,39,Meccan,long,قَالَ عِفْريتٌ مِّنَ الْجِنِّ أَنَا آتِيک بِهِ قَبْلَ أَن تَقُومَ مِن مَّقَامِک وَإِنِّي عَلَيْهِ لَقَوِيٌّ أَمِينٌ,,,,
27:79,27,79,Meccan,short,فَتَوَکَّلْ عَلَى اللَّهِ إِنَّک عَلَى الْحَقِّ الْمُبِينِ,,,,
28:34,28,34,Meccan,long,وَأَخِي هَارُونُ هُوَ أَفْصَحُ مِنِّي لِسَانًا فَأَرْسِلْهُ مَعِيَ رِدْءًا يُصَدِّقُنِي إِنِّي أَخَافُ أَن يُکذِّبُونِ,,,,
28:47,28,47,Meccan,long,وَلَوْلَا أَن تُصِيبَهُم مُّصِيبَةٌ بِمَا قَدَّمَتْ أَيْدِيهِمْ فَيَقُولُوا رَبَّنَا لَوْلَا أَرْسَلْتَ إِلَيْنَا رَسُولًا فَنَتَّبِعَ آيَاتِک وَنَکُونَ مِنَ الْمُؤْمِنِينَ,,,,
30:38,30,38,Meccan,long,فَآتِ ذَا الْقُرْبَى حَقَّهُ وَالْمِسْکِينَ وَابْنَ السَّبِيلِ ذَلِک خَيْرٌ لِّلَّذِينَ يُرِيدُونَ وَجْهَ اللَّهِ وَأُوْلَئِک هُمُ الْمُفْلِحُونَ,,,,
30:41,30,41,Meccan,long,ظَهَرَ الْفَسَادُ فِي الْبَرِّ وَالْبَحْرِ بِمَا کسَبَتْ أَيْدِي النَّاسِ لِيُذِيقَهُم بَعْضَ الَّذِي عَمِلُوا لَعَلَّهُمْ يَرْجِعُونَ,,,,
30:49,30,49,Meccan,short,وَإِن کانُوا مِن قَبْلِ أَن يُنَزَّلَ عَلَيْهِم مِّن قَبْلِهِ لَمُبْلِسِينَ,,,,
31:2,31,2,Meccan,short,تِلْک آيَاتُ الْکِتَابِ الْحَکِيمِ,,,,
33:67,33,67,Medinan,short,وَقَالُوا رَبَّنَا إِنَّا أَطَعْنَا سَادَتَنَا وَکُبَرَاءنَا فَأَضَلُّونَا السَّبِيلَا,,,,
35:10,35,10,Meccan,long,مَن کانَ يُرِيدُ الْعِزَّةَ فَلِلَّهِ الْعِزَّةُ جَمِيعًا إِلَيْهِ يَصْعَدُ الْکلِمُ الطَّيِّبُ وَالْعَمَلُ الصَّالِحُ يَرْفَعُهُ وَالَّذِينَ يَمْکُرُونَ السَّيِّئَاتِ لَهُمْ عَذَابٌ شَدِيدٌ وَمَکْرُ أُوْلَئِک هُوَ يَبُورُ,,,,
35:29,35,29,Meccan,long,إِنَّ الَّذِينَ يَتْلُونَ کِتَابَ اللَّهِ وَأَقَامُوا الصَّلَاةَ وَأَنفَقُوا مِمَّا رَزَقْنَاهُمْ سِرًّا وَعَلَانِيَةً يَرْجُونَ تِجَارَةً لَّن تَبُورَ,,,,
35:37,35,37,Meccan,long,وَهُمْ يَصْطَرِخُونَ فِيهَا رَبَّنَا أَخْرِجْنَا نَعْمَلْ صَالِحًا غَيْرَ الَّذِي کُنَّا نَعْمَلُ أَوَلَمْ نُعَمِّرْکُم مَّا يَتَذَکَّرُ فِيهِ مَن تَذَکَّرَ وَجَاءکُمُ النَّذِيرُ فَذُوقُوا فَمَا لِلظَّالِمِينَ مِن نَّصِيرٍ,,,,
36:28,36,28,Meccan,short,وَمَا أَنزَلْنَا عَلَى قَوْمِهِ مِن بَعْدِهِ مِنْ جُندٍ مِّنَ السَّمَاء وَمَا کُنَّا مُنزِلِينَ,,,,
36:44,36,44,Meccan,short,إِلَّا رَحْمَةً مِّنَّا وَمَتَاعًا إِلَى حِينٍ,,,,
36:69,36,69,Meccan,short,وَمَا عَلَّمْنَاهُ الشِّعْرَ وَمَا يَنبَغِي لَهُ إِنْ هُوَ إِلَّا ذِکْرٌ وَقُرْآنٌ مُّبِينٌ,,,,
37:95,37,95,Meccan,short,قَالَ أَتَعْبُدُونَ مَا تَنْحِتُونَ,,,,
38:6,38,6,Meccan,short,وَانطَلَقَ الْمَلَأُ مِنْهُمْ أَنِ امْشُوا وَاصْبِرُوا عَلَى آلِهَتِکُمْ إِنَّ هَذَا لَشَيْءٌ يُرَادُ,,,,
38:72,38,72,Meccan,short,فَإِذَا سَوَّيْتُهُ وَنَفَخْتُ فِيهِ مِن رُّوحِي فَقَعُوا لَهُ سَاجِدِينَ,,,,
39:1,39,1,Meccan,short,تَنزِيلُ الْکِتَابِ مِنَ اللَّهِ الْعَزِيزِ الْحَکِيمِ,,,,
41:45,41,45,Meccan,long,وَلَقَدْ آتَيْنَا مُوسَى الْکِتَابَ فَاخْتُلِفَ فِيهِ وَلَوْلَا کلِمَةٌ سَبَقَتْ مِن رَّبِّک لَقُضِيَ بَيْنَهُمْ وَإِنَّهُمْ لَفِي شَکٍّ مِّنْهُ مُرِيبٍ,,,,
43:56,43,56,Meccan,short,فَجَعَلْنَاهُمْ سَلَفًا وَمَثَلًا لِلْآخِرِينَ,,,,
44:40,44,40,Meccan,short,إِنَّ يَوْمَ الْفَصْلِ مِيقَاتُهُمْ أَجْمَعِينَ,,,,
45:5,45,5,Meccan,long,وَاخْتِلَافِ اللَّيْلِ وَالنَّهَارِ وَمَا أَنزَلَ اللَّهُ مِنَ السَّمَاء مِن رِّزْقٍ فَأَحْيَا بِهِ الْأَرْضَ بَعْدَ مَوْتِهَا وَتَصْرِيفِ الرِّيَاحِ آيَاتٌ لِّقَوْمٍ يَعْقِلُونَ,,,,
46:18,46,18,Meccan,long,أُوْلَئِک الَّذِينَ حَقَّ عَلَيْهِمُ الْقَوْلُ فِي أُمَمٍ قَدْ خَلَتْ مِن قَبْلِهِم مِّنَ الْجِنِّ وَالْإِنسِ إِنَّهُمْ کانُوا خَاسِرِينَ,,,,
47:8,47,8,Medinan,short,وَالَّذِينَ کفَرُوا فَتَعْسًا لَّهُمْ وَأَضَلَّ أَعْمَالَهُمْ,,,,
47:23,47,23,Medinan,short,أُوْلَئِک الَّذِينَ لَعَنَهُمُ اللَّهُ فَأَصَمَّهُمْ وَأَعْمَى أَبْصَارَهُمْ,,,,
47:27,47,27,Medinan,short,فَکيْفَ إِذَا تَوَفَّتْهُمْ الْمَلَائِکةُ يَضْرِبُونَ وُجُوهَهُمْ وَأَدْبَارَهُمْ,,,,
47:31,47,31,Medinan,short,وَلَنَبْلُوَنَّکُمْ حَتَّى نَعْلَمَ الْمُجَاهِدِينَ مِنکُمْ وَالصَّابِرِينَ وَنَبْلُوَ أَخْبَارَکُمْ,,,,
48:20,48,20,Medinan,long,وَعَدَکُمُ اللَّهُ مَغَانِمَ کثِيرَةً تَأْخُذُونَهَا فَعَجَّلَ لَکُمْ هَذِهِ وَکفَّ أَيْدِيَ النَّاسِ عَنکُمْ وَلِتَکُونَ آيَةً لِّلْمُؤْمِنِينَ وَيَهْدِيَکُمْ صِرَاطًا مُّسْتَقِيمًا,,,,
49:1,49,1,Medinan,long,يَا أَيُّهَا الَّذِينَ آمَنُوا لَا تُقَدِّمُوا بَيْنَ يَدَيِ اللَّهِ وَرَسُولِهِ وَاتَّقُوا اللَّهَ إِنَّ اللَّهَ سَمِيعٌ عَلِيمٌ,,,,
49:9,49,9,Medinan,long,وَإِن طَائِفَتَانِ مِنَ الْمُؤْمِنِينَ اقْتَتَلُوا فَأَصْلِحُوا بَيْنَهُمَا فَإِن بَغَتْ إِحْدَاهُمَا عَلَى الْأُخْرَى فَقَاتِلُوا الَّتِي تَبْغِي حَتَّى تَفِيءَ إِلَى أَمْرِ اللَّهِ فَإِن فَاءتْ فَأَصْلِحُوا بَيْنَهُمَا بِالْعَدْلِ وَأَقْسِطُوا إِنَّ اللَّهَ يُحِبُّ الْمُقْسِطِينَ,,,,
49:18,49,18,Medinan,long,إِنَّ اللَّهَ يَعْلَمُ غَيْبَ السَّمَاوَاتِ وَالْأَرْضِ وَاللَّهُ بَصِيرٌ بِمَا تَعْمَلُونَ,,,,
50:39,50,39,Meccan,long,فَاصْبِرْ عَلَى مَا يَقُولُونَ وَسَبِّحْ بِحَمْدِ رَبِّک قَبْلَ طُلُوعِ الشَّمْسِ وَقَبْلَ الْغُرُوبِ,,,,
51:3,51,3,Meccan,short,فَالْجَارِيَاتِ يُسْرًا,,,,
53:16,53,16,Meccan,short,إِذْ يَغْشَى السِّدْرَةَ مَا يَغْشَى,,,,
53:37,53,37,Meccan,short,وَإِبْرَاهِيمَ الَّذِي وَفَّى,,,,
54:20,54,20,Meccan,short,تَنزِعُ النَّاسَ کأَنَّهُمْ أَعْجَازُ نَخْلٍ مُّنقَعِرٍ,,,,
55:19,55,19,Medinan,short,مَرَجَ الْبَحْرَيْنِ يَلْتَقِيَانِ,,,,
55:40,55,40,Medinan,short,فَبِأَيِّ آلَاء رَبِّکُمَا تُکذِّبَانِ,,,,
55:43,55,43,Medinan,short,هَذِهِ جَهَنَّمُ الَّتِي يُکذِّبُ بِهَا الْمُجْرِمُونَ,,,,
55:46,55,46,Medinan,short,وَلِمَنْ خَافَ مَقَامَ رَبِّهِ جَنَّتَانِ,,,,
55:63,55,63,Medinan,short,فَبِأَيِّ آلَاء رَبِّکُمَا تُکذِّبَانِ,,,,
55:67,55,67,Medinan,short,فَبِأَيِّ آلَاء رَبِّکُمَا تُکذِّبَانِ,,,,
55:72,55,72,Medinan,short,حُورٌ مَّقْصُورَاتٌ فِي الْخِيَامِ,,,,
58:19,58,19,Medinan,long,اسْتَحْوَذَ عَلَيْهِمُ الشَّيْطَانُ فَأَنسَاهُمْ ذِکْرَ اللَّهِ أُوْلَئِک حِزْبُ الشَّيْطَانِ أَلَا إِنَّ حِزْبَ الشَّيْطَانِ هُمُ الْخَاسِرُونَ,,,,
59:17,59,17,Medinan,short,فَکانَ عَاقِبَتَهُمَا أَنَّهُمَا فِي النَّارِ خَالِدَيْنِ فِيهَا وَذَلِک جَزَاء الظَّالِمِينَ,,,,
59:23,59,23,Medinan,long,هُوَ اللَّهُ الَّذِي لَا إِلَهَ إِلَّا هُوَ الْمَلِکُ الْقُدُّوسُ السَّلَامُ الْمُؤْمِنُ الْمُهَيْمِنُ الْعَزِيزُ الْجَبَّارُ الْمُتَکبِّرُ سُبْحَانَ اللَّهِ عَمَّا يُشْرِکُونَ,,,,
64:6,64,6,Medinan,long,ذَلِک بِأَنَّهُ کانَت تَّأْتِيهِمْ رُسُلُهُم بِالْبَيِّنَاتِ فَقَالُوا أَبَشَرٌ يَهْدُونَنَا فَکفَرُوا وَتَوَلَّوا وَّاسْتَغْنَى اللَّهُ وَاللَّهُ غَنِيٌّ حَمِيدٌ,,,,
67:27,67,27,Meccan,long,فَلَمَّا رَأَوْهُ زُلْفَةً سِيئَتْ وُجُوهُ الَّذِينَ کفَرُوا وَقِيلَ هَذَا الَّذِي کُنتُم بِهِ تَدَّعُونَ,,,,
70:5,70,5,Meccan,short,فَاصْبِرْ صَبْرًا جَمِيلًا,,,,
70:23,70,23,Meccan,short,الَّذِينَ هُمْ عَلَى صَلَاتِهِمْ دَائِمُونَ,,,,
72:13,72,13,Meccan,long,وَأَنَّا لَمَّا سَمِعْنَا الْهُدَى آمَنَّا بِهِ فَمَن يُؤْمِن بِرَبِّهِ فَلَا يَخَافُ بَخْسًا وَلَا رَهَقًا,,,,
73:14,73,14,Meccan,long,يَوْمَ تَرْجُفُ الْأَرْضُ وَالْجِبَالُ وَکانَتِ الْجِبَالُ کثِيبًا مَّهِيلًا,,,,
75:17,75,17,Meccan,short,إِنَّ عَلَيْنَا جَمْعَهُ وَقُرْآنَهُ,,,,
76:3,76,3,Medinan,short,إِنَّا هَدَيْنَاهُ السَّبِيلَ إِمَّا شَاکِرًا وَإِمَّا کفُورًا,,,,
76:4,76,4,Medinan,short,إِنَّا أَعْتَدْنَا لِلْکافِرِينَ سَلَاسِلَا وَأَغْلَالًا وَسَعِيرًا,,,,
76:23,76,23,Medinan,short,إِنَّا نَحْنُ نَزَّلْنَا عَلَيْک الْقُرْآنَ تَنزِيلًا,,,,
77:17,77,17,Meccan,short,ثُمَّ نُتْبِعُهُمُ الْآخِرِينَ,,,,
79:1,79,1,Meccan,short,وَالنَّازِعَاتِ غَرْقًا,,,,
79:6,79,6,Meccan,short,يَوْمَ تَرْجُفُ الرَّاجِفَةُ,,,,
79:29,79,29,Meccan,short,وَأَغْطَشَ لَيْلَهَا وَأَخْرَجَ ضُحَاهَا,,,,
80:23,80,23,Meccan,short,کلَّا لَمَّا يَقْضِ مَا أَمَرَهُ,,,,
84:5,84,5,Meccan,short,وَأَذِنَتْ لِرَبِّهَا وَحُقَّتْ,,,,
90:4,90,4,Meccan,short,لَقَدْ خَلَقْنَا الْإِنسَانَ فِي کبَدٍ,,,,
99:2,99,2,Medinan,short,وَأَخْرَجَتِ الْأَرْضُ أَثْقَالَهَا,,,,
110:2,110,2,Medinan,short,وَرَأَيْتَ النَّاسَ يَدْخُلُونَ فِي دِينِ اللَّهِ أَفْوَاجًا,,,,
