ctrl_sura112_m0	CCDS54282.1|Hs110|chr19	47.368	19	10	0	31	87	220	276	1.7	27.6
ctrl_sura112_m0	CCDS48046.1|Hs110|chr9	57.895	19	8	0	4	60	36	92	1.7	27.6
ctrl_sura112_m0	CCDS12672.1|Hs110|chr19	47.368	19	10	0	31	87	220	276	1.7	27.6
ctrl_sura112_m0	CCDS6944.1|Hs110|chr9	57.895	19	8	0	4	60	36	92	1.7	27.6
ctrl_sura112_m0	CCDS86641.1|Hs110|chr17	40.541	37	22	0	1	111	21	131	2.3	27.2
ctrl_sura112_m1	CCDS31013.1|Hs110|chr1	64.706	17	6	0	136	86	879	929	0.42	29.5
ctrl_sura112_m1	CCDS55217.1|Hs110|chr8	50.000	16	8	0	86	133	3450	3497	0.57	29.0
ctrl_sura112_m1	CCDS93182.1|Hs110|chr22	72.727	11	3	0	77	109	992	1024	1.1	28.1
ctrl_sura112_m1	CCDS93181.1|Hs110|chr22	72.727	11	3	0	77	109	992	1024	1.1	28.1
ctrl_sura112_m1	CCDS91287.1|Hs110|chr10	52.941	17	8	0	89	139	269	319	1.5	27.6
ctrl_sura112_m2	CCDS8156.1|Hs110|chr11	43.478	23	13	0	60	128	1051	983	0.028	26.7
ctrl_sura112_m2	CCDS8156.1|Hs110|chr11	66.667	9	3	0	12	38	1711	1685	0.028	22.1
ctrl_sura112_m2	CCDS43410.1|Hs110|chr5	36.842	38	24	0	15	128	510	623	0.033	33.1
ctrl_sura112_m2	CCDS43410.1|Hs110|chr5	50.000	26	13	0	133	56	628	551	1.5	27.6
ctrl_sura112_m2	CCDS4454.1|Hs110|chr5	36.842	38	24	0	15	128	510	623	0.033	33.1
ctrl_sura112_m2	CCDS4454.1|Hs110|chr5	50.000	26	13	0	133	56	628	551	1.5	27.6
ctrl_sura112_m2	CCDS6389.1|Hs110|chr8	46.667	15	8	0	93	137	174	130	0.044	24.0
ctrl_sura112_m2	CCDS6389.1|Hs110|chr8	100.000	5	0	0	12	26	304	290	0.044	21.7
ctrl_sura112_m2	CCDS77305.1|Hs110|chr19	42.857	28	16	0	18	101	1188	1271	0.12	31.3
ctrl_sura112_m4	CCDS60828.1|Hs110|chr11	45.000	20	11	0	2	61	272	331	1.1	28.1
ctrl_sura112_m4	CCDS60827.1|Hs110|chr11	45.000	20	11	0	2	61	485	544	1.1	28.1
ctrl_sura112_m4	CCDS8058.1|Hs110|chr11	45.000	20	11	0	2	61	344	403	1.1	28.1
ctrl_sura112_m4	CCDS92423.1|Hs110|chr17	73.333	15	4	0	87	131	152	108	1.5	27.6
ctrl_sura112_m4	CCDS92421.1|Hs110|chr17	73.333	15	4	0	87	131	152	108	1.5	27.6
ctrl_sura112_m5	CCDS54497.2|Hs110|chr22	57.143	14	6	0	69	110	3751	3710	0.16	30.9
ctrl_sura112_m5	CCDS46662.2|Hs110|chr22	57.143	14	6	0	69	110	3751	3710	0.16	30.9
ctrl_sura112_m5	CCDS10488.1|Hs110|chr16	46.667	15	8	0	72	116	521	565	0.22	30.4
ctrl_sura112_m5	CCDS3935.1|Hs110|chr5	41.667	24	14	0	69	140	2712	2641	0.30	29.9
ctrl_sura112_m5	CCDS133.1|Hs110|chr1	50.000	16	8	0	72	119	760	713	0.42	29.5
ctrl_sura112_m6	CCDS32416.1|Hs110|chr16	48.571	35	18	0	106	2	930	1034	0.001	38.2
ctrl_sura112_m6	CCDS54134.1|Hs110|chr17	56.000	25	11	0	139	65	130	56	0.002	37.3
ctrl_sura112_m6	CCDS82137.1|Hs110|chr17	56.522	23	10	0	139	71	70	2	0.005	35.9
ctrl_sura112_m6	CCDS11479.1|Hs110|chr17	56.522	23	10	0	139	71	70	2	0.005	35.9
ctrl_sura112_m6	CCDS54357.1|Hs110|chr2	44.828	29	16	0	139	53	103	189	0.017	34.1
ctrl_sura112_m6	CCDS54357.1|Hs110|chr2	29.730	37	26	0	139	29	118	228	7.2	25.4
ctrl_sura112_m7	CCDS81617.1|Hs110|chr11	90.909	11	1	0	83	115	2001	1969	2.8	26.7
ctrl_sura112_m7	CCDS81617.1|Hs110|chr11	90.909	11	1	0	114	82	1970	2002	3.1	26.7
ctrl_sura112_m7	CCDS8299.1|Hs110|chr11	90.909	11	1	0	83	115	2004	1972	2.8	26.7
ctrl_sura112_m7	CCDS8299.1|Hs110|chr11	90.909	11	1	0	114	82	1973	2005	3.1	26.7
ctrl_sura112_m7	CCDS8298.1|Hs110|chr11	90.909	11	1	0	83	115	1920	1888	2.8	26.7
ctrl_sura112_m7	CCDS8298.1|Hs110|chr11	90.909	11	1	0	114	82	1889	1921	3.1	26.7
ctrl_sura112_m7	CCDS86637.1|Hs110|chr17	57.895	19	8	0	83	139	525	581	3.8	26.3
ctrl_sura112_m7	CCDS13410.1|Hs110|chr20	50.000	20	10	0	138	79	3293	3352	5.9	25.8
ctrl_sura112_m8	CCDS47991.1|Hs110|chr9	44.444	18	10	0	69	122	1938	1991	0.022	26.3
ctrl_sura112_m8	CCDS47991.1|Hs110|chr9	75.000	8	2	0	60	83	863	886	0.022	23.1
ctrl_sura112_m8	CCDS82415.1|Hs110|chr19	40.909	22	13	0	60	125	20	85	0.062	32.2
ctrl_sura112_m8	CCDS12983.1|Hs110|chr19	40.909	22	13	0	60	125	20	85	0.062	32.2
ctrl_sura112_m8	CCDS83331.1|Hs110|chr8	54.167	24	11	0	57	128	2639	2568	0.085	31.8
ctrl_sura112_m8	CCDS83331.1|Hs110|chr8	50.000	16	8	0	66	113	2645	2692	2.8	26.7
ctrl_sura112_m8	CCDS34960.1|Hs110|chr8	54.167	24	11	0	57	128	2603	2532	0.085	31.8
ctrl_sura112_m8	CCDS34960.1|Hs110|chr8	50.000	16	8	0	66	113	2609	2656	2.8	26.7
ctrl_sura112_m9	CCDS59399.1|Hs110|chr19	72.222	18	5	0	87	140	962	1015	0.045	32.7
ctrl_sura112_m9	CCDS54280.1|Hs110|chr19	72.222	18	5	0	87	140	800	853	0.045	32.7
ctrl_sura112_m9	CCDS12670.1|Hs110|chr19	72.222	18	5	0	87	140	359	412	0.045	32.7
ctrl_sura112_m9	CCDS93160.1|Hs110|chr22	37.143	35	22	0	36	140	77	181	0.062	32.2
ctrl_sura112_m9	CCDS13936.1|Hs110|chr22	37.143	35	22	0	36	140	77	181	0.062	32.2
ctrl_sura112_m10	CCDS41883.1|Hs110|chr13	32.558	43	29	0	131	3	392	264	0.033	33.1
ctrl_sura112_m10	CCDS44124.1|Hs110|chr1	50.000	22	11	0	7	72	3398	3463	0.070	28.6
ctrl_sura112_m10	CCDS44124.1|Hs110|chr1	45.455	22	12	0	72	137	5752	5817	0.070	21.7
ctrl_sura112_m10	CCDS463.1|Hs110|chr1	50.000	22	11	0	7	72	3398	3463	0.070	28.6
ctrl_sura112_m10	CCDS463.1|Hs110|chr1	45.455	22	12	0	72	137	5752	5817	0.070	21.7
ctrl_sura112_m10	CCDS4727.1|Hs110|chr6	60.000	10	4	0	32	3	530	559	0.11	23.5
ctrl_sura112_m10	CCDS4727.1|Hs110|chr6	37.500	16	10	0	84	37	110	157	0.11	22.7
ctrl_sura112_m10	CCDS81292.1|Hs110|chr1	37.931	29	18	0	31	117	358	272	0.13	31.3
ctrl_sura112_m11	CCDS92406.1|Hs110|chr17	47.368	19	10	0	77	21	802	858	0.57	29.0
ctrl_sura112_m11	CCDS32754.1|Hs110|chr17	47.368	19	10	0	77	21	796	852	0.57	29.0
ctrl_sura112_m11	CCDS13946.1|Hs110|chr22	47.368	19	10	0	77	21	793	849	0.57	29.0
ctrl_sura112_m11	CCDS12722.1|Hs110|chr19	47.368	19	10	0	77	21	793	849	0.57	29.0
ctrl_sura112_m11	CCDS5346.1|Hs110|chr7	47.368	19	10	0	77	21	808	864	0.57	29.0
ctrl_sura112_m12	CCDS94539.1|Hs110|chr9	42.424	33	19	0	13	111	5086	4988	0.020	34.0
ctrl_sura112_m12	CCDS94539.1|Hs110|chr9	37.838	37	23	0	113	3	4986	5096	5.3	25.8
ctrl_sura112_m12	CCDS94538.1|Hs110|chr9	42.424	33	19	0	13	111	4993	4895	0.020	34.0
ctrl_sura112_m12	CCDS94538.1|Hs110|chr9	37.838	37	23	0	113	3	4893	5003	5.3	25.8
ctrl_sura112_m12	CCDS43909.1|Hs110|chr9	42.424	33	19	0	13	111	4996	4898	0.020	34.0
ctrl_sura112_m12	CCDS43909.1|Hs110|chr9	37.838	37	23	0	113	3	4896	5006	5.3	25.8
ctrl_sura112_m12	CCDS42719.1|Hs110|chr2	47.826	23	12	0	13	81	1690	1622	0.039	33.1
ctrl_sura112_m12	CCDS2034.1|Hs110|chr2	47.826	23	12	0	13	81	1744	1676	0.039	33.1
ctrl_sura112_m13	CCDS41787.2|Hs110|chr12	58.824	17	7	0	42	92	993	943	2.8	26.7
ctrl_sura112_m13	CCDS91573.1|Hs110|chr11	40.625	32	19	0	42	137	7192	7287	5.3	25.8
ctrl_sura112_m13	CCDS10613.2|Hs110|chr16	43.478	23	13	0	33	101	800	732	5.3	25.8
ctrl_sura112_m13	CCDS46705.1|Hs110|chr22	37.500	16	10	0	15	62	198	245	7.2	25.4
ctrl_sura112_m13	CCDS13972.1|Hs110|chr22	37.500	16	10	0	15	62	198	245	7.2	25.4
ctrl_sura112_m15	CCDS2412.1|Hs110|chr2	46.154	26	14	0	91	14	852	929	0.22	30.4
ctrl_sura112_m15	CCDS44519.1|Hs110|chr11	35.484	31	20	0	42	134	212	304	0.30	29.9
ctrl_sura112_m15	CCDS7738.1|Hs110|chr11	35.484	31	20	0	42	134	245	337	0.30	29.9
ctrl_sura112_m15	CCDS58827.1|Hs110|chr3	42.857	21	12	0	106	44	126	188	0.32	22.6
ctrl_sura112_m15	CCDS58827.1|Hs110|chr3	41.176	17	10	0	60	10	715	765	0.32	22.1
ctrl_sura112_m15	CCDS58828.1|Hs110|chr3	42.857	21	12	0	106	44	144	206	0.33	22.6
ctrl_sura112_m15	CCDS58828.1|Hs110|chr3	41.176	17	10	0	60	10	736	786	0.33	22.1
ctrl_sura112_m16	CCDS48154.1|Hs110|chrX	43.750	32	18	0	139	44	2829	2734	2.0	27.2
ctrl_sura112_m16	CCDS14563.1|Hs110|chrX	43.750	32	18	0	139	44	1602	1507	2.0	27.2
ctrl_sura112_m16	CCDS13157.1|Hs110|chr20	33.333	30	20	0	3	92	52	141	2.0	27.2
ctrl_sura112_m16	CCDS31166.1|Hs110|chr10	66.667	15	5	0	78	122	1150	1106	5.3	25.8
ctrl_sura112_m16	CCDS6693.1|Hs110|chr9	53.333	15	7	0	10	54	309	265	5.9	25.8
ctrl_sura112_m17	CCDS13943.1|Hs110|chr22	37.143	35	22	0	106	2	341	445	0.020	34.0
ctrl_sura112_m17	CCDS92296.1|Hs110|chr17	46.429	28	15	0	133	50	1628	1711	0.051	32.7
ctrl_sura112_m17	CCDS77016.1|Hs110|chr17	46.429	28	15	0	133	50	2456	2539	0.051	32.7
ctrl_sura112_m17	CCDS74052.1|Hs110|chr17	46.429	28	15	0	133	50	2411	2494	0.051	32.7
ctrl_sura112_m17	CCDS45667.1|Hs110|chr17	46.429	28	15	0	133	50	2366	2449	0.051	32.7
ctrl_sura112_m18	CCDS12196.1|Hs110|chr19	56.250	16	7	0	62	109	7541	7494	1.6	27.9
ctrl_sura112_m18	CCDS55343.1|Hs110|chr9	44.000	25	14	0	53	127	494	420	2.2	27.4
ctrl_sura112_m18	CCDS55342.1|Hs110|chr9	44.000	25	14	0	53	127	494	420	2.2	27.4
ctrl_sura112_m18	CCDS6866.2|Hs110|chr9	44.000	25	14	0	53	127	494	420	2.2	27.4
ctrl_sura112_m18	CCDS7867.1|Hs110|chr11	70.000	10	3	0	32	3	2469	2440	2.8	26.7
ctrl_sura112_m19	CCDS7041.1|Hs110|chr9	57.895	19	8	0	83	139	940	996	1.5	27.6
ctrl_sura112_m19	CCDS3717.2|Hs110|chr4	52.174	23	11	0	65	133	272	204	2.8	26.7
ctrl_sura112_m19	CCDS55863.1|Hs110|chr12	88.889	9	1	0	109	135	414	388	3.1	26.7
ctrl_sura112_m19	CCDS55862.1|Hs110|chr12	88.889	9	1	0	109	135	414	388	3.1	26.7
ctrl_sura112_m19	CCDS9071.1|Hs110|chr12	88.889	9	1	0	109	135	447	421	3.1	26.7
ctrl_sura108_m0	CCDS9162.1|Hs110|chr12	33.333	33	22	0	30	128	124	222	1.1	28.1
ctrl_sura108_m0	CCDS9510.1|Hs110|chr13	58.824	17	7	0	21	71	3605	3655	2.0	27.2
ctrl_sura108_m0	CCDS13643.1|Hs110|chr21	61.111	18	7	0	122	69	3198	3145	2.8	26.7
ctrl_sura108_m0	CCDS3851.1|Hs110|chr4	61.111	18	7	0	119	66	525	472	2.8	26.7
ctrl_sura108_m0	CCDS31000.1|Hs110|chr1	50.000	22	11	0	24	89	1213	1148	3.9	26.3
ctrl_sura108_m2	CCDS6376.1|Hs110|chr8	46.875	32	17	0	27	122	526	431	0.015	34.5
ctrl_sura108_m2	CCDS6376.1|Hs110|chr8	40.625	32	19	0	121	26	432	527	0.20	30.6
ctrl_sura108_m2	CCDS34955.1|Hs110|chr8	37.500	40	25	0	3	122	164	283	0.020	34.0
ctrl_sura108_m2	CCDS43677.1|Hs110|chr7	60.000	15	6	0	127	83	997	953	0.058	25.6
ctrl_sura108_m2	CCDS43677.1|Hs110|chr7	43.750	16	9	0	64	17	964	917	0.058	21.9
ctrl_sura108_m2	CCDS47745.1|Hs110|chr7	60.000	15	6	0	127	83	1168	1124	0.063	25.6
ctrl_sura108_m2	CCDS47745.1|Hs110|chr7	43.750	16	9	0	64	17	1135	1088	0.063	21.9
ctrl_sura108_m2	CCDS12101.1|Hs110|chr19	33.333	39	26	0	118	2	234	118	0.076	31.9
ctrl_sura108_m3	CCDS7994.1|Hs110|chr11	53.846	13	6	0	68	30	524	562	5.3	25.8
ctrl_sura108_m3	CCDS45639.1|Hs110|chr17	50.000	18	9	0	62	9	1883	1936	7.3	25.4
ctrl_sura108_m3	CCDS45638.1|Hs110|chr17	50.000	18	9	0	62	9	1883	1936	7.3	25.4
ctrl_sura108_m4	CCDS13969.2|Hs110|chr22	63.158	19	7	0	63	7	204	260	0.033	33.1
ctrl_sura108_m4	CCDS82989.1|Hs110|chr5	50.000	22	11	0	110	45	149	84	2.8	26.7
ctrl_sura108_m4	CCDS44247.1|Hs110|chr1	40.000	30	18	0	95	6	62	151	2.8	26.7
ctrl_sura108_m4	CCDS3877.1|Hs110|chr5	50.000	22	11	0	110	45	149	84	2.8	26.7
ctrl_sura108_m4	CCDS56515.1|Hs110|chr7	50.000	18	9	0	57	4	177	230	7.3	25.4
ctrl_sura108_m5	CCDS11740.2|Hs110|chr17	59.091	22	9	0	94	29	1095	1030	0.58	29.0
ctrl_sura108_m5	CCDS76588.1|Hs110|chr12	37.037	27	17	0	42	122	8629	8709	2.0	27.2
ctrl_sura108_m5	CCDS6565.1|Hs110|chr9	71.429	14	4	0	30	71	73	32	2.8	26.7
ctrl_sura108_m5	CCDS45881.2|Hs110|chr18	40.909	22	13	0	36	101	62	127	5.3	25.8
ctrl_sura108_m6	CCDS8520.1|Hs110|chr12	50.000	14	7	0	72	113	626	667	0.027	24.4
ctrl_sura108_m6	CCDS8520.1|Hs110|chr12	40.000	20	12	0	19	78	421	480	0.027	23.1
ctrl_sura108_m6	CCDS5322.1|Hs110|chr7	61.111	18	7	0	64	117	372	319	0.12	31.3
ctrl_sura108_m6	CCDS5322.1|Hs110|chr7	42.857	21	12	0	119	57	317	379	3.9	26.3
ctrl_sura108_m6	CCDS44515.2|Hs110|chr11	50.000	14	7	0	51	10	5994	6035	0.27	26.3
ctrl_sura108_m6	CCDS44515.2|Hs110|chr11	47.826	23	12	0	107	39	4828	4896	0.27	23.1
ctrl_sura108_m6	CCDS44515.2|Hs110|chr11	50.000	14	7	0	51	10	7665	7706	3.9	26.3
ctrl_sura108_m6	CCDS44515.2|Hs110|chr11	50.000	14	7	0	51	10	9765	9806	3.9	26.3
ctrl_sura108_m6	CCDS44515.2|Hs110|chr11	50.000	14	7	0	51	10	11436	11477	3.9	26.3
ctrl_sura108_m6	CCDS44515.2|Hs110|chr11	50.000	14	7	0	51	10	13620	13661	3.9	26.3
ctrl_sura108_m6	CCDS47927.1|Hs110|chr8	56.250	16	7	0	128	81	824	871	0.58	29.0
ctrl_sura108_m6	CCDS45487.1|Hs110|chr16	44.828	29	16	0	13	99	132	46	0.79	28.6
ctrl_sura108_m7	CCDS6192.1|Hs110|chr8	47.368	19	10	0	8	64	2222	2166	0.16	30.9
ctrl_sura108_m7	CCDS33152.1|Hs110|chr2	33.333	24	16	0	50	121	2532	2603	0.42	29.5
ctrl_sura108_m7	CCDS1695.1|Hs110|chr2	33.333	24	16	0	50	121	2499	2570	0.42	29.5
ctrl_sura108_m7	CCDS30814.1|Hs110|chr1	44.444	18	10	0	29	82	1439	1386	0.58	29.0
ctrl_sura108_m7	CCDS30813.1|Hs110|chr1	44.444	18	10	0	29	82	1379	1326	0.58	29.0
ctrl_sura108_m8	CCDS90876.1|Hs110|chr1	32.143	28	19	0	15	98	971	1054	2.0	27.2
ctrl_sura108_m8	CCDS90875.1|Hs110|chr1	32.143	28	19	0	15	98	947	1030	2.0	27.2
ctrl_sura108_m8	CCDS72723.1|Hs110|chr1	32.143	28	19	0	15	98	800	883	2.0	27.2
ctrl_sura108_m8	CCDS59192.1|Hs110|chr1	32.143	28	19	0	15	98	836	919	2.0	27.2
ctrl_sura108_m8	CCDS55580.1|Hs110|chr1	32.143	28	19	0	15	98	821	904	2.0	27.2
ctrl_sura108_m9	CCDS8060.1|Hs110|chr11	75.000	12	3	0	118	83	17	52	0.12	24.9
ctrl_sura108_m9	CCDS8060.1|Hs110|chr11	37.500	24	15	0	81	10	1080	1151	0.12	21.7
ctrl_sura108_m9	CCDS13145.1|Hs110|chr20	62.500	16	6	0	49	2	317	364	0.30	29.9
ctrl_sura108_m9	CCDS14000.2|Hs110|chr22	34.286	35	23	0	124	20	197	301	0.58	29.0
ctrl_sura108_m9	CCDS32505.1|Hs110|chr16	41.176	34	20	0	121	20	458	357	0.79	28.6
ctrl_sura108_m9	CCDS27.1|Hs110|chr1	42.308	26	15	0	36	113	1075	1152	0.79	28.6
ctrl_sura108_m10	CCDS77396.1|Hs110|chr2	57.895	19	8	0	17	73	242	186	0.51	29.4
ctrl_sura108_m10	CCDS1742.1|Hs110|chr2	57.895	19	8	0	17	73	242	186	0.51	29.4
ctrl_sura108_m10	CCDS42291.1|Hs110|chr17	41.667	24	14	0	26	97	100	29	1.3	28.1
ctrl_sura108_m10	CCDS6612.1|Hs110|chr9	37.500	32	20	0	29	124	3421	3516	1.7	27.6
ctrl_sura108_m10	CCDS75225.1|Hs110|chr5	55.000	20	9	0	118	59	289	230	2.0	27.2
ctrl_sura108_m11	CCDS11568.1|Hs110|chr17	51.724	29	14	0	97	11	577	491	0.098	31.6
ctrl_sura108_m11	CCDS11568.1|Hs110|chr17	54.167	24	11	0	36	107	516	587	0.79	28.6
ctrl_sura108_m11	CCDS12012.1|Hs110|chr18	55.556	27	12	0	18	98	582	502	0.42	29.5
ctrl_sura108_m11	CCDS57983.1|Hs110|chr1	47.619	21	11	0	97	35	367	305	0.48	29.3
ctrl_sura108_m11	CCDS282.1|Hs110|chr1	47.619	21	11	0	97	35	367	305	0.48	29.3
ctrl_sura108_m11	CCDS281.1|Hs110|chr1	47.619	21	11	0	97	35	367	305	0.48	29.3
ctrl_sura108_m12	CCDS46663.1|Hs110|chr22	78.571	14	3	0	106	65	264	305	0.086	31.8
ctrl_sura108_m12	CCDS13770.1|Hs110|chr22	78.571	14	3	0	106	65	414	455	0.086	31.8
ctrl_sura108_m12	CCDS2543.1|Hs110|chr2	37.931	29	18	0	8	94	689	775	2.8	26.7
ctrl_sura108_m12	CCDS1608.1|Hs110|chr1	42.857	28	16	0	32	115	2846	2763	2.8	26.7
ctrl_sura108_m12	CCDS817.1|Hs110|chr1	40.741	27	16	0	8	88	836	756	2.8	26.7
ctrl_sura108_m13	CCDS2672.2|Hs110|chr3	45.000	20	11	0	14	73	1494	1553	0.42	29.5
ctrl_sura108_m13	CCDS94359.1|Hs110|chr8	39.130	23	14	0	14	82	2740	2808	2.0	27.2
ctrl_sura108_m13	CCDS55902.1|Hs110|chr13	38.095	21	13	0	38	100	755	817	2.0	27.2
ctrl_sura108_m13	CCDS47936.1|Hs110|chr8	39.130	23	14	0	14	82	2563	2631	2.0	27.2
ctrl_sura108_m13	CCDS47175.1|Hs110|chr4	53.333	15	7	0	8	52	59	103	2.0	27.2
ctrl_sura108_m14	CCDS58804.1|Hs110|chr22	44.000	25	14	0	91	17	1924	1850	0.004	36.3
ctrl_sura108_m14	CCDS58803.1|Hs110|chr22	44.000	25	14	0	91	17	2005	1931	0.004	36.3
ctrl_sura108_m14	CCDS43005.1|Hs110|chr22	44.000	25	14	0	91	17	2077	2003	0.004	36.3
ctrl_sura108_m14	CCDS43004.1|Hs110|chr22	44.000	25	14	0	91	17	2170	2096	0.004	36.3
ctrl_sura108_m14	CCDS53536.1|Hs110|chr10	60.870	23	9	0	121	53	280	212	0.045	32.7
ctrl_sura108_m15	CCDS11728.1|Hs110|chr17	64.286	14	5	0	2	43	1167	1126	3.9	26.3
ctrl_sura108_m15	CCDS91429.1|Hs110|chr11	52.941	17	8	0	2	52	851	801	7.3	25.4
ctrl_sura108_m15	CCDS58117.1|Hs110|chr11	52.941	17	8	0	2	52	653	603	7.3	25.4
ctrl_sura108_m15	CCDS58116.1|Hs110|chr11	52.941	17	8	0	2	52	746	696	7.3	25.4
ctrl_sura108_m15	CCDS31419.1|Hs110|chr11	52.941	17	8	0	2	52	1082	1032	7.3	25.4
ctrl_sura108_m16	CCDS7353.2|Hs110|chr10	55.000	20	9	0	63	4	752	811	0.062	32.2
ctrl_sura108_m16	CCDS7353.2|Hs110|chr10	64.706	17	6	0	5	55	810	760	7.3	25.4
ctrl_sura108_m16	CCDS59048.1|Hs110|chr7	45.455	22	12	0	93	28	848	783	0.085	31.8
ctrl_sura108_m16	CCDS59048.1|Hs110|chr7	40.909	22	13	0	93	28	812	747	0.57	29.0
ctrl_sura108_m16	CCDS59048.1|Hs110|chr7	37.500	24	15	0	99	28	632	561	0.57	29.0
ctrl_sura108_m16	CCDS59048.1|Hs110|chr7	61.538	13	5	0	66	28	857	819	0.79	28.6
ctrl_sura108_m16	CCDS59048.1|Hs110|chr7	38.095	21	13	0	93	31	776	714	0.79	28.6
ctrl_sura108_m16	CCDS59048.1|Hs110|chr7	61.538	13	5	0	66	28	668	630	2.0	27.2
ctrl_sura108_m16	CCDS59048.1|Hs110|chr7	34.783	23	15	0	93	25	902	834	3.9	26.3
ctrl_sura108_m16	CCDS59048.1|Hs110|chr7	36.000	25	16	0	99	25	683	609	3.9	26.3
ctrl_sura108_m16	CCDS59048.1|Hs110|chr7	42.857	21	12	0	93	31	527	465	3.9	26.3
ctrl_sura108_m16	CCDS59048.1|Hs110|chr7	50.000	24	12	0	5	76	1032	961	3.9	26.3
ctrl_sura108_m16	CCDS58842.1|Hs110|chr3	50.000	18	9	0	72	19	101	154	0.12	31.3
ctrl_sura108_m16	CCDS2957.1|Hs110|chr3	50.000	18	9	0	72	19	101	154	0.12	31.3
ctrl_sura108_m16	CCDS449.1|Hs110|chr1	42.857	21	12	0	117	55	904	842	0.12	31.3
ctrl_sura108_m17	CCDS11182.1|Hs110|chr17	39.286	28	17	0	45	128	263	346	0.013	34.5
ctrl_sura108_m17	CCDS47017.1|Hs110|chr4	47.826	23	12	0	48	116	1193	1125	0.086	31.8
ctrl_sura108_m17	CCDS3401.1|Hs110|chr4	47.826	23	12	0	48	116	1193	1125	0.086	31.8
ctrl_sura108_m17	CCDS8932.1|Hs110|chr12	64.706	17	6	0	72	122	11332	11282	0.12	31.3
ctrl_sura108_m17	CCDS59406.1|Hs110|chr19	37.931	29	18	0	42	128	1103	1189	0.16	30.9
ctrl_sura108_m18	CCDS13875.1|Hs110|chr22	61.538	13	5	0	114	76	232	270	3.9	26.3
ctrl_sura108_m18	CCDS34987.1|Hs110|chr9	47.059	17	9	0	114	64	2662	2612	7.3	25.4
ctrl_sura108_m18	CCDS31660.1|Hs110|chr11	66.667	12	4	0	68	103	842	877	7.3	25.4
ctrl_sura108_m18	CCDS31052.1|Hs110|chr1	39.286	28	17	0	44	127	2642	2559	7.3	25.4
ctrl_sura108_m19	CCDS45764.1|Hs110|chr17	46.667	15	8	0	43	87	1274	1318	0.051	25.4
ctrl_sura108_m19	CCDS45764.1|Hs110|chr17	75.000	8	2	0	17	40	1223	1246	0.051	22.6
ctrl_sura108_m19	CCDS42373.1|Hs110|chr17	46.667	15	8	0	43	87	1283	1327	0.051	25.4
ctrl_sura108_m19	CCDS42373.1|Hs110|chr17	75.000	8	2	0	17	40	1232	1255	0.051	22.6
ctrl_sura108_m19	CCDS45905.1|Hs110|chr19	35.294	34	22	0	103	2	1616	1717	0.062	32.2
ctrl_sura108_m19	CCDS73543.1|Hs110|chr12	40.000	30	18	0	106	17	2183	2272	0.12	31.3
ctrl_sura108_m19	CCDS9242.1|Hs110|chr12	40.000	30	18	0	106	17	2183	2272	0.12	31.3
ctrl_sura103_m0	CCDS13706.1|Hs110|chr21	75.000	12	3	0	136	101	1186	1151	2.9	28.6
ctrl_sura103_m0	CCDS54214.1|Hs110|chr19	62.500	16	6	0	130	83	99	52	7.6	27.2
ctrl_sura103_m1	CCDS3043.1|Hs110|chr3	37.500	32	20	0	13	108	1146	1241	0.33	31.8
ctrl_sura103_m1	CCDS12467.1|Hs110|chr19	52.381	21	10	0	153	215	629	691	2.1	29.0
ctrl_sura103_m1	CCDS90907.1|Hs110|chr1	62.500	16	6	0	89	42	1027	980	2.9	28.6
ctrl_sura103_m1	CCDS58660.1|Hs110|chr19	57.895	19	8	0	156	212	197	141	2.9	28.6
ctrl_sura103_m1	CCDS12509.1|Hs110|chr19	57.895	19	8	0	156	212	197	141	2.9	28.6
ctrl_sura103_m2	CCDS53956.1|Hs110|chr15	42.857	28	16	0	100	17	131	214	0.33	31.7
ctrl_sura103_m2	CCDS10242.1|Hs110|chr15	42.857	28	16	0	100	17	131	214	0.33	31.7
ctrl_sura103_m2	CCDS54831.1|Hs110|chr5	34.483	29	19	0	139	53	233	319	0.45	31.3
ctrl_sura103_m2	CCDS3861.2|Hs110|chr5	34.483	29	19	0	139	53	233	319	0.45	31.3
ctrl_sura103_m2	CCDS43708.1|Hs110|chr8	34.483	29	19	0	100	14	5999	5913	1.1	27.6
ctrl_sura103_m2	CCDS43708.1|Hs110|chr8	38.095	21	13	0	136	74	6671	6609	1.1	22.1
ctrl_sura103_m2	CCDS43708.1|Hs110|chr8	26.667	45	33	0	136	2	6290	6156	5.7	27.6
ctrl_sura103_m2	CCDS43708.1|Hs110|chr8	29.268	41	29	0	136	14	5657	5535	7.8	27.1
ctrl_sura103_m3	CCDS32890.2|Hs110|chr19	46.429	28	15	0	13	96	948	1031	0.45	31.3
ctrl_sura103_m3	CCDS91498.1|Hs110|chr11	46.429	28	15	0	7	90	193	110	0.85	30.4
ctrl_sura103_m3	CCDS42151.1|Hs110|chr16	51.724	29	14	0	10	96	307	221	1.2	29.9
ctrl_sura103_m3	CCDS41997.1|Hs110|chr14	46.154	26	14	0	4	81	1849	1926	1.2	29.9
ctrl_sura103_m3	CCDS32513.1|Hs110|chr16	52.000	25	12	0	1	75	7064	7138	1.2	29.9
ctrl_sura103_m4	CCDS34954.1|Hs110|chr8	37.931	29	18	0	46	132	241	155	0.013	29.0
ctrl_sura103_m4	CCDS34954.1|Hs110|chr8	42.105	19	11	0	4	60	483	427	0.013	23.1
ctrl_sura103_m4	CCDS31929.2|Hs110|chr12	32.258	31	21	0	40	132	8282	8190	0.076	29.5
ctrl_sura103_m4	CCDS31929.2|Hs110|chr12	43.750	16	9	0	7	54	9335	9288	0.076	24.9
ctrl_sura103_m4	CCDS59048.1|Hs110|chr7	30.303	33	23	0	34	132	848	750	0.17	32.7
ctrl_sura103_m4	CCDS59048.1|Hs110|chr7	25.000	44	33	0	1	132	1166	1035	0.24	32.2
ctrl_sura103_m4	CCDS59048.1|Hs110|chr7	30.303	33	23	0	34	132	791	693	2.2	29.0
ctrl_sura103_m4	CCDS673.1|Hs110|chr1	37.037	27	17	0	37	117	197	117	0.45	31.3
ctrl_sura103_m4	CCDS94482.1|Hs110|chr9	35.714	28	18	0	4	87	1056	973	0.85	30.4
ctrl_sura103_m5	CCDS9979.1|Hs110|chr14	51.852	27	13	0	138	218	34	114	0.35	31.6
ctrl_sura103_m5	CCDS92461.1|Hs110|chr18	69.231	13	4	0	211	173	494	456	1.1	29.9
ctrl_sura103_m5	CCDS56070.1|Hs110|chr18	69.231	13	4	0	211	173	410	372	1.1	29.9
ctrl_sura103_m5	CCDS45865.1|Hs110|chr18	69.231	13	4	0	211	173	524	486	1.1	29.9
ctrl_sura103_m5	CCDS82161.1|Hs110|chr17	47.826	23	12	0	211	143	947	879	2.1	29.0
ctrl_sura103_m6	CCDS34588.1|Hs110|chr7	46.667	15	8	0	29	73	223	267	0.86	24.9
ctrl_sura103_m6	CCDS34588.1|Hs110|chr7	71.429	7	2	0	182	202	644	664	0.86	22.1
ctrl_sura103_m6	CCDS92329.1|Hs110|chr17	75.000	8	2	0	47	70	143	120	1.0	23.1
ctrl_sura103_m6	CCDS92329.1|Hs110|chr17	100.000	5	0	0	182	196	86	72	1.0	22.1
ctrl_sura103_m6	CCDS78081.1|Hs110|chr5	52.381	21	10	0	124	62	772	834	1.5	29.5
ctrl_sura103_m6	CCDS6303.1|Hs110|chr8	33.333	42	28	0	48	173	40	165	1.5	29.5
ctrl_sura103_m6	CCDS4343.1|Hs110|chr5	52.381	21	10	0	124	62	865	927	1.5	29.5
ctrl_sura103_m7	CCDS81768.1|Hs110|chr13	52.381	21	10	0	106	44	1982	1920	5.5	27.6
ctrl_sura103_m7	CCDS58293.1|Hs110|chr13	52.381	21	10	0	106	44	1649	1587	5.5	27.6
ctrl_sura103_m7	CCDS41892.1|Hs110|chr13	52.381	21	10	0	106	44	1982	1920	5.5	27.6
ctrl_sura103_m8	CCDS64946.1|Hs110|chr8	52.000	25	12	0	33	107	516	442	0.43	31.3
ctrl_sura103_m8	CCDS34933.1|Hs110|chr8	52.000	25	12	0	33	107	516	442	0.43	31.3
ctrl_sura103_m8	CCDS46500.1|Hs110|chr2	35.135	37	24	0	42	152	2301	2411	0.60	30.9
ctrl_sura103_m8	CCDS75803.1|Hs110|chr8	40.000	25	15	0	1	75	1404	1478	0.76	30.5
ctrl_sura103_m8	CCDS47938.1|Hs110|chr8	40.000	25	15	0	1	75	1404	1478	0.76	30.5
ctrl_sura103_m9	CCDS13149.1|Hs110|chr20	50.000	28	14	0	95	12	26	109	0.001	40.0
ctrl_sura103_m9	CCDS13149.1|Hs110|chr20	41.935	31	18	0	16	108	105	13	7.8	27.2
ctrl_sura103_m9	CCDS48135.1|Hs110|chrX	46.875	32	17	0	1	96	951	856	0.014	36.3
ctrl_sura103_m9	CCDS48135.1|Hs110|chrX	46.154	26	14	0	89	12	863	940	0.12	33.1
ctrl_sura103_m9	CCDS14416.1|Hs110|chrX	46.875	32	17	0	1	96	810	715	0.014	36.3
ctrl_sura103_m9	CCDS14416.1|Hs110|chrX	46.154	26	14	0	89	12	722	799	0.12	33.1
ctrl_sura103_m9	CCDS10407.1|Hs110|chr16	61.111	18	7	0	119	66	38	91	0.018	35.9
ctrl_sura103_m9	CCDS75804.1|Hs110|chr8	48.387	31	16	0	1	93	2733	2825	0.026	35.4
ctrl_sura103_m9	CCDS75804.1|Hs110|chr8	52.381	21	10	0	74	12	2806	2744	1.1	29.9
ctrl_sura103_m10	CCDS5662.1|Hs110|chr7	64.706	17	6	0	196	146	149	99	5.5	27.6
ctrl_sura103_m10	CCDS125.1|Hs110|chr1	52.381	21	10	0	217	155	820	758	5.5	27.6
ctrl_sura103_m10	CCDS8932.1|Hs110|chr12	61.111	18	7	0	123	70	11168	11115	7.1	27.3
ctrl_sura103_m10	CCDS7341.1|Hs110|chr10	43.478	23	13	0	16	84	2530	2598	7.8	27.2
ctrl_sura103_m10	CCDS7340.1|Hs110|chr10	43.478	23	13	0	16	84	2530	2598	7.8	27.2
ctrl_sura103_m11	CCDS93752.1|Hs110|chr5	66.667	15	5	0	139	95	3247	3291	4.0	28.1
ctrl_sura103_m11	CCDS34204.1|Hs110|chr5	66.667	15	5	0	139	95	3247	3291	4.0	28.1
ctrl_sura103_m11	CCDS87459.2|Hs110|chr6	52.632	19	9	0	139	83	1386	1442	7.6	27.2
ctrl_sura103_m11	CCDS55072.2|Hs110|chr6	52.632	19	9	0	139	83	1386	1442	7.6	27.2
ctrl_sura103_m11	CCDS6852.2|Hs110|chr9	69.231	13	4	0	142	104	3328	3290	7.6	27.2
ctrl_sura103_m12	CCDS59523.1|Hs110|chr9	60.000	15	6	0	46	2	6179	6135	0.004	38.2
ctrl_sura103_m12	CCDS59522.1|Hs110|chr9	60.000	15	6	0	46	2	6179	6135	0.004	38.2
ctrl_sura103_m12	CCDS75541.1|Hs110|chr6	31.250	32	22	0	112	17	3396	3491	0.23	32.2
ctrl_sura103_m12	CCDS69226.1|Hs110|chr6	31.250	32	22	0	112	17	3360	3455	0.23	32.2
ctrl_sura103_m12	CCDS5247.1|Hs110|chr6	31.250	32	22	0	112	17	3162	3257	0.23	32.2
ctrl_sura103_m13	CCDS58936.1|Hs110|chr4	44.000	25	14	0	36	110	75	149	0.23	32.2
ctrl_sura103_m13	CCDS54822.1|Hs110|chr4	44.000	25	14	0	36	110	63	137	0.23	32.2
ctrl_sura103_m13	CCDS3824.1|Hs110|chr4	44.000	25	14	0	36	110	96	170	0.23	32.2
ctrl_sura103_m13	CCDS6321.1|Hs110|chr8	38.462	26	16	0	69	146	300	223	0.32	31.8
ctrl_sura103_m13	CCDS47818.1|Hs110|chr8	37.037	27	17	0	106	26	2382	2462	0.41	27.6
ctrl_sura103_m13	CCDS47818.1|Hs110|chr8	60.000	10	4	0	157	128	1488	1517	0.41	22.6
ctrl_sura103_m14	CCDS59497.1|Hs110|chr6	54.545	22	10	0	50	115	348	283	0.82	30.4
ctrl_sura103_m14	CCDS76851.1|Hs110|chr16	50.000	14	7	0	80	121	329	370	1.0	23.1
ctrl_sura103_m14	CCDS76851.1|Hs110|chr16	72.727	11	3	0	110	142	469	501	1.0	23.1
ctrl_sura103_m14	CCDS32424.1|Hs110|chr16	50.000	14	7	0	80	121	1337	1378	1.9	23.1
ctrl_sura103_m14	CCDS32424.1|Hs110|chr16	72.727	11	3	0	110	142	1477	1509	1.9	23.1
ctrl_sura103_m14	CCDS53997.1|Hs110|chr16	50.000	14	7	0	80	121	1337	1378	1.9	23.1
ctrl_sura103_m14	CCDS53997.1|Hs110|chr16	72.727	11	3	0	110	142	1477	1509	1.9	23.1
ctrl_sura103_m14	CCDS53996.1|Hs110|chr16	50.000	14	7	0	80	121	1337	1378	2.1	23.1
ctrl_sura103_m14	CCDS53996.1|Hs110|chr16	72.727	11	3	0	110	142	1477	1509	2.1	23.1
ctrl_sura103_m15	CCDS43860.1|Hs110|chr9	34.615	26	17	0	79	2	1048	1125	1.1	29.9
ctrl_sura103_m15	CCDS43859.1|Hs110|chr9	34.615	26	17	0	79	2	1048	1125	1.1	29.9
ctrl_sura103_m15	CCDS75319.1|Hs110|chr5	50.000	24	12	0	78	7	266	195	1.9	29.2
ctrl_sura103_m15	CCDS43372.1|Hs110|chr5	50.000	24	12	0	78	7	266	195	1.9	29.2
ctrl_sura103_m15	CCDS43371.1|Hs110|chr5	50.000	24	12	0	78	7	266	195	1.9	29.2
ctrl_sura103_m16	CCDS91982.1|Hs110|chr15	55.556	18	8	0	79	132	2951	2898	0.62	30.9
ctrl_sura103_m16	CCDS55960.1|Hs110|chr15	55.556	18	8	0	79	132	2951	2898	0.62	30.9
ctrl_sura103_m16	CCDS55959.1|Hs110|chr15	55.556	18	8	0	79	132	2951	2898	0.62	30.9
ctrl_sura103_m16	CCDS33423.2|Hs110|chr2	40.625	32	19	0	184	89	2302	2397	1.1	30.0
ctrl_sura103_m16	CCDS10215.1|Hs110|chr15	39.024	41	25	0	78	200	722	600	2.9	28.6
ctrl_sura103_m18	CCDS76610.1|Hs110|chr12	47.059	17	9	0	33	83	650	700	0.065	26.3
ctrl_sura103_m18	CCDS76610.1|Hs110|chr12	53.333	15	7	0	5	49	621	665	0.065	24.4
ctrl_sura103_m18	CCDS9207.1|Hs110|chr12	47.059	17	9	0	33	83	662	712	0.065	26.3
ctrl_sura103_m18	CCDS9207.1|Hs110|chr12	53.333	15	7	0	5	49	633	677	0.065	24.4
ctrl_sura103_m18	CCDS43985.1|Hs110|chrX	43.750	32	18	0	8	103	178	273	0.19	32.4
ctrl_sura103_m18	CCDS14594.1|Hs110|chrX	43.750	32	18	0	8	103	178	273	0.19	32.4
ctrl_sura103_m18	CCDS53804.1|Hs110|chr12	36.364	33	21	0	30	128	266	364	0.43	31.3
ctrl_sura103_m19	CCDS11224.2|Hs110|chr17	56.522	23	10	0	34	102	1144	1212	0.85	30.4
ctrl_sura103_m19	CCDS55112.1|Hs110|chr7	52.381	21	10	0	53	115	551	489	1.1	29.9
ctrl_sura103_m19	CCDS47592.1|Hs110|chr7	52.381	21	10	0	53	115	548	486	1.1	29.9
ctrl_sura103_m19	CCDS10720.1|Hs110|chr16	37.838	37	23	0	98	208	2009	1899	1.5	29.5
ctrl_sura103_m19	CCDS92063.1|Hs110|chr15	52.381	21	10	0	28	90	2165	2227	1.6	29.5
ctrl_sura110_m0	CCDS5020.3|Hs110|chr6	47.826	23	12	0	121	53	230	298	0.11	33.6
ctrl_sura110_m0	CCDS11561.1|Hs110|chr17	55.556	18	8	0	118	65	2493	2546	0.15	33.1
ctrl_sura110_m0	CCDS11561.1|Hs110|chr17	45.455	22	12	0	121	56	3408	3473	1.9	29.5
ctrl_sura110_m0	CCDS11561.1|Hs110|chr17	58.333	12	5	0	121	86	3525	3560	6.8	27.6
ctrl_sura110_m0	CCDS78262.1|Hs110|chr7	40.741	27	16	0	117	197	4131	4211	0.20	31.3
ctrl_sura110_m0	CCDS78262.1|Hs110|chr7	29.412	34	24	0	27	128	1794	1895	0.20	22.1
ctrl_sura110_m0	CCDS53348.1|Hs110|chr1	44.444	18	10	0	115	62	3825	3878	0.28	32.2
ctrl_sura110_m0	CCDS33031.1|Hs110|chr19	55.556	18	8	0	121	68	1147	1094	0.28	32.2
ctrl_sura110_m1	CCDS77281.1|Hs110|chr19	35.484	31	20	0	134	226	372	464	0.025	35.7
ctrl_sura110_m1	CCDS74341.1|Hs110|chr19	35.484	31	20	0	134	226	654	746	0.025	35.7
ctrl_sura110_m1	CCDS32995.2|Hs110|chr19	35.484	31	20	0	134	226	933	1025	0.025	35.7
ctrl_sura110_m1	CCDS46095.1|Hs110|chr19	27.083	48	35	0	73	216	781	924	0.39	31.8
ctrl_sura110_m1	CCDS1192.1|Hs110|chr1	46.667	30	16	0	134	223	391	302	0.76	30.8
ctrl_sura110_m2	CCDS75338.1|Hs110|chr5	55.556	18	8	0	174	121	581	634	0.012	36.8
ctrl_sura110_m2	CCDS47291.1|Hs110|chr5	55.556	18	8	0	174	121	581	634	0.012	36.8
ctrl_sura110_m2	CCDS34415.1|Hs110|chr6	57.143	21	9	0	168	106	376	314	0.082	34.1
ctrl_sura110_m2	CCDS34414.1|Hs110|chr6	57.143	21	9	0	168	106	376	314	0.082	34.1
ctrl_sura110_m2	CCDS13155.1|Hs110|chr20	36.364	33	21	0	177	79	242	144	0.15	33.1
ctrl_sura110_m3	CCDS56325.1|Hs110|chr4	38.235	34	21	0	82	183	1214	1113	0.009	32.2
ctrl_sura110_m3	CCDS56325.1|Hs110|chr4	33.333	21	14	0	1	63	1289	1227	0.009	22.6
ctrl_sura110_m3	CCDS56326.1|Hs110|chr4	38.235	34	21	0	82	183	1214	1113	0.009	32.2
ctrl_sura110_m3	CCDS56326.1|Hs110|chr4	33.333	21	14	0	1	63	1289	1227	0.009	22.6
ctrl_sura110_m3	CCDS93479.1|Hs110|chr4	38.235	34	21	0	82	183	1214	1113	0.009	32.2
ctrl_sura110_m3	CCDS93479.1|Hs110|chr4	33.333	21	14	0	1	63	1289	1227	0.009	22.6
ctrl_sura110_m3	CCDS93480.1|Hs110|chr4	38.235	34	21	0	82	183	1214	1113	0.009	32.2
ctrl_sura110_m3	CCDS93480.1|Hs110|chr4	33.333	21	14	0	1	63	1289	1227	0.009	22.6
ctrl_sura110_m3	CCDS74256.1|Hs110|chr19	35.484	31	20	0	82	174	614	706	0.017	36.3
ctrl_sura110_m4	CCDS54212.1|Hs110|chr19	34.043	47	31	0	15	155	25342	25482	0.21	32.7
ctrl_sura110_m4	CCDS12117.1|Hs110|chr19	43.750	32	18	0	108	203	1853	1948	0.21	32.7
ctrl_sura110_m4	CCDS74457.1|Hs110|chr19	90.000	10	1	0	18	47	863	834	0.28	25.8
ctrl_sura110_m4	CCDS74457.1|Hs110|chr19	39.130	23	14	0	108	176	835	767	0.28	23.1
ctrl_sura110_m4	CCDS1943.1|Hs110|chr2	32.692	52	35	0	42	197	552	397	0.54	31.3
ctrl_sura110_m4	CCDS93429.1|Hs110|chr3	44.828	29	16	0	111	197	391	305	0.74	30.9
ctrl_sura110_m5	CCDS76850.1|Hs110|chr16	41.379	29	17	0	31	117	2942	2856	0.012	36.8
ctrl_sura110_m5	CCDS58443.1|Hs110|chr16	41.379	29	17	0	31	117	2924	2838	0.012	36.8
ctrl_sura110_m5	CCDS45451.1|Hs110|chr16	41.379	29	17	0	31	117	2924	2838	0.012	36.8
ctrl_sura110_m5	CCDS32423.1|Hs110|chr16	41.379	29	17	0	31	117	2924	2838	0.012	36.8
ctrl_sura110_m5	CCDS10641.1|Hs110|chr16	41.379	29	17	0	31	117	2924	2838	0.012	36.8
ctrl_sura110_m6	CCDS55154.1|Hs110|chr7	38.298	47	29	0	160	20	471	611	0.11	33.6
ctrl_sura110_m6	CCDS43635.1|Hs110|chr7	38.298	47	29	0	160	20	495	635	0.11	33.6
ctrl_sura110_m6	CCDS5761.2|Hs110|chr7	38.298	47	29	0	160	20	420	560	0.11	33.6
ctrl_sura110_m6	CCDS5760.1|Hs110|chr7	38.298	47	29	0	160	20	420	560	0.11	33.6
ctrl_sura110_m6	CCDS92954.1|Hs110|chr2	35.417	48	31	0	193	50	147	4	0.54	31.3
ctrl_sura110_m7	CCDS91148.1|Hs110|chr1	30.882	68	47	0	218	15	1802	2005	0.011	36.8
ctrl_sura110_m7	CCDS1446.1|Hs110|chr1	30.882	68	47	0	218	15	1802	2005	0.011	36.8
ctrl_sura110_m7	CCDS63769.1|Hs110|chr3	34.375	32	21	0	10	105	457	552	0.15	33.1
ctrl_sura110_m7	CCDS63768.1|Hs110|chr3	34.375	32	21	0	10	105	1393	1488	0.15	33.1
ctrl_sura110_m7	CCDS63767.1|Hs110|chr3	34.375	32	21	0	10	105	1411	1506	0.15	33.1
ctrl_sura110_m8	CCDS86532.1|Hs110|chr16	42.308	26	15	0	89	12	229	306	0.54	31.3
ctrl_sura110_m8	CCDS58467.1|Hs110|chr16	42.308	26	15	0	89	12	394	471	0.54	31.3
ctrl_sura110_m8	CCDS58466.1|Hs110|chr16	42.308	26	15	0	89	12	394	471	0.54	31.3
ctrl_sura110_m8	CCDS58465.1|Hs110|chr16	42.308	26	15	0	89	12	448	525	0.54	31.3
ctrl_sura110_m8	CCDS55999.1|Hs110|chr16	42.308	26	15	0	89	12	484	561	0.54	31.3
ctrl_sura110_m9	CCDS44180.1|Hs110|chr1	36.207	58	37	0	207	34	1291	1464	0.002	39.1
ctrl_sura110_m9	CCDS47827.1|Hs110|chr8	37.838	37	23	0	185	75	1259	1369	0.15	33.1
ctrl_sura110_m9	CCDS6041.1|Hs110|chr8	37.838	37	23	0	185	75	1283	1393	0.15	33.1
ctrl_sura110_m9	CCDS73347.1|Hs110|chr11	40.000	25	15	0	193	119	613	539	0.28	32.2
ctrl_sura110_m9	CCDS8230.1|Hs110|chr11	40.000	25	15	0	193	119	613	539	0.28	32.2
ctrl_sura110_m10	CCDS3665.2|Hs110|chr4	72.222	18	5	0	142	89	864	811	0.39	31.8
ctrl_sura110_m10	CCDS64663.1|Hs110|chr7	37.500	32	20	0	227	132	181	86	1.8	29.5
ctrl_sura110_m10	CCDS44653.1|Hs110|chr11	35.484	31	20	0	224	132	269	177	1.8	29.5
ctrl_sura110_m10	CCDS5529.1|Hs110|chr7	37.500	32	20	0	227	132	181	86	1.8	29.5
ctrl_sura110_m10	CCDS59113.1|Hs110|chr8	52.941	17	8	0	188	138	343	293	2.5	29.0
ctrl_sura110_m11	CCDS93422.1|Hs110|chr3	37.500	40	25	0	210	91	2023	1904	0.012	36.8
ctrl_sura110_m11	CCDS93421.1|Hs110|chr3	37.500	40	25	0	210	91	967	848	0.012	36.8
ctrl_sura110_m11	CCDS3201.2|Hs110|chr3	37.500	40	25	0	210	91	1990	1871	0.012	36.8
ctrl_sura110_m11	CCDS45462.2|Hs110|chr16	45.833	24	13	0	220	149	466	395	0.080	34.1
ctrl_sura110_m11	CCDS8167.1|Hs110|chr11	46.429	28	15	0	235	152	514	431	0.080	34.1
ctrl_sura110_m12	CCDS6412.1|Hs110|chr8	45.455	22	12	0	174	239	89	154	6.8	27.6
ctrl_sura110_m12	CCDS6411.1|Hs110|chr8	45.455	22	12	0	174	239	89	154	6.8	27.6
ctrl_sura110_m12	CCDS59435.1|Hs110|chr2	38.462	26	16	0	99	176	9037	8960	9.3	27.2
ctrl_sura110_m12	CCDS54424.1|Hs110|chr2	38.462	26	16	0	99	176	9037	8960	9.3	27.2
ctrl_sura110_m12	CCDS54423.1|Hs110|chr2	38.462	26	16	0	99	176	8899	8822	9.3	27.2
ctrl_sura110_m13	CCDS34961.1|Hs110|chr8	53.571	28	13	0	205	122	849	932	0.058	34.5
ctrl_sura110_m13	CCDS44653.1|Hs110|chr11	34.615	52	34	0	199	44	1149	1304	0.28	32.2
ctrl_sura110_m13	CCDS8130.1|Hs110|chr11	34.615	52	34	0	199	44	1380	1535	0.28	32.2
ctrl_sura110_m13	CCDS11127.1|Hs110|chr17	56.250	16	7	0	106	59	217	170	0.34	27.6
ctrl_sura110_m13	CCDS11127.1|Hs110|chr17	77.778	9	2	0	190	164	1500	1474	0.34	23.5
ctrl_sura110_m13	CCDS54442.1|Hs110|chr2	40.741	27	16	0	205	125	979	1059	0.40	27.2
ctrl_sura110_m13	CCDS54442.1|Hs110|chr2	53.333	15	7	0	79	35	1233	1277	0.40	22.6
ctrl_sura110_m14	CCDS43647.1|Hs110|chr7	56.250	16	7	0	205	158	3	50	1.0	30.4
ctrl_sura110_m14	CCDS43646.1|Hs110|chr7	56.250	16	7	0	205	158	3	50	1.0	30.4
ctrl_sura110_m14	CCDS33833.1|Hs110|chr3	46.154	26	14	0	159	236	2478	2555	1.0	30.4
ctrl_sura110_m14	CCDS5826.1|Hs110|chr7	56.250	16	7	0	205	158	3	50	1.0	30.4
ctrl_sura110_m14	CCDS41279.1|Hs110|chr1	32.727	55	37	0	40	204	8	172	1.4	29.9
ctrl_sura110_m15	CCDS45547.2|Hs110|chr16	35.294	34	22	0	205	104	166	65	0.022	28.9
ctrl_sura110_m15	CCDS45547.2|Hs110|chr16	64.286	14	5	0	231	190	628	587	0.022	23.5
ctrl_sura110_m15	CCDS12719.1|Hs110|chr19	34.091	44	29	0	238	107	2945	3076	0.091	33.9
ctrl_sura110_m15	CCDS14515.1|Hs110|chrX	50.000	16	8	0	232	185	565	518	0.14	25.7
ctrl_sura110_m15	CCDS14515.1|Hs110|chrX	64.286	14	5	0	138	97	438	397	0.14	23.5
ctrl_sura110_m15	CCDS87058.1|Hs110|chr3	48.571	35	18	0	11	115	208	104	0.21	32.7
ctrl_sura110_m15	CCDS2654.1|Hs110|chr3	48.571	35	18	0	11	115	208	104	0.21	32.7
ctrl_sura110_m16	CCDS42204.1|Hs110|chr16	46.429	28	15	0	124	207	2067	1984	0.73	30.9
ctrl_sura110_m16	CCDS47936.1|Hs110|chr8	48.000	25	13	0	148	222	6505	6431	1.5	26.8
ctrl_sura110_m16	CCDS47936.1|Hs110|chr8	44.000	25	14	0	77	151	11855	11781	1.5	24.0
ctrl_sura110_m16	CCDS43771.1|Hs110|chr8	48.000	25	13	0	148	222	6535	6461	1.5	26.8
ctrl_sura110_m16	CCDS43771.1|Hs110|chr8	44.000	25	14	0	77	151	11885	11811	1.5	24.0
ctrl_sura110_m16	CCDS43770.1|Hs110|chr8	48.000	25	13	0	148	222	6559	6485	1.5	26.8
ctrl_sura110_m16	CCDS43770.1|Hs110|chr8	44.000	25	14	0	77	151	11909	11835	1.5	24.0
ctrl_sura110_m16	CCDS43775.1|Hs110|chr8	48.000	25	13	0	148	222	6601	6527	1.5	26.8
ctrl_sura110_m16	CCDS43775.1|Hs110|chr8	44.000	25	14	0	77	151	11951	11877	1.5	24.0
ctrl_sura110_m17	CCDS81998.1|Hs110|chr16	44.828	29	16	0	124	38	3002	2916	0.28	32.2
ctrl_sura110_m17	CCDS45567.1|Hs110|chr17	46.429	28	15	0	133	50	605	522	0.28	32.2
ctrl_sura110_m17	CCDS45513.1|Hs110|chr16	44.828	29	16	0	124	38	3110	3024	0.28	32.2
ctrl_sura110_m17	CCDS74830.1|Hs110|chr22	30.952	42	29	0	127	2	3669	3794	0.54	31.3
ctrl_sura110_m17	CCDS43188.1|Hs110|chr3	37.209	43	27	0	184	56	232	104	0.54	31.3
ctrl_sura110_m18	CCDS6026.1|Hs110|chr8	39.394	33	20	0	195	97	2785	2687	0.43	31.6
ctrl_sura110_m18	CCDS45811.1|Hs110|chr17	39.394	33	20	0	234	136	1373	1275	1.1	30.3
ctrl_sura110_m18	CCDS45810.1|Hs110|chr17	39.394	33	20	0	234	136	1445	1347	1.1	30.3
ctrl_sura110_m18	CCDS42670.1|Hs110|chr2	40.000	30	18	0	171	82	675	764	1.5	29.8
ctrl_sura110_m18	CCDS1772.1|Hs110|chr2	40.000	30	18	0	171	82	789	878	1.5	29.8
ctrl_sura110_m19	CCDS47535.1|Hs110|chr7	29.333	75	53	0	13	237	3140	3364	0.41	31.6
ctrl_sura110_m19	CCDS33385.1|Hs110|chr2	57.143	21	9	0	109	47	178	240	0.54	31.3
ctrl_sura110_m19	CCDS64821.1|Hs110|chr8	35.897	39	25	0	16	132	31	147	0.55	31.2
ctrl_sura110_m19	CCDS64820.1|Hs110|chr8	35.897	39	25	0	16	132	31	147	0.55	31.2
ctrl_sura110_m19	CCDS41414.2|Hs110|chr1	57.895	19	8	0	165	221	420	476	0.74	30.9
ctrl_sura114_m0	CCDS56566.1|Hs110|chr9	35.294	51	33	0	161	9	994	1146	0.54	31.3
ctrl_sura114_m0	CCDS55301.1|Hs110|chr9	29.167	48	34	0	182	39	28	171	0.54	31.3
ctrl_sura114_m0	CCDS35004.1|Hs110|chr9	29.167	48	34	0	182	39	373	516	0.54	31.3
ctrl_sura114_m0	CCDS6527.1|Hs110|chr9	35.294	51	33	0	161	9	1189	1341	0.54	31.3
ctrl_sura114_m0	CCDS54095.1|Hs110|chr17	47.826	23	12	0	18	86	5589	5521	4.9	28.1
ctrl_sura114_m1	CCDS55673.1|Hs110|chr1	51.724	29	14	0	91	5	2194	2280	0.74	30.9
ctrl_sura114_m1	CCDS13417.1|Hs110|chr20	29.268	41	29	0	15	137	4143	4265	0.74	30.9
ctrl_sura114_m1	CCDS76348.1|Hs110|chr10	50.000	12	6	0	15	50	4709	4744	0.77	25.8
ctrl_sura114_m1	CCDS76348.1|Hs110|chr10	36.667	30	19	0	48	137	5930	6019	0.77	25.4
ctrl_sura114_m1	CCDS76349.1|Hs110|chr10	50.000	12	6	0	15	50	4709	4744	0.78	25.8
ctrl_sura114_m1	CCDS76349.1|Hs110|chr10	36.667	30	19	0	48	137	6077	6166	0.78	25.4
ctrl_sura114_m1	CCDS7626.1|Hs110|chr10	50.000	12	6	0	15	50	4709	4744	0.80	25.8
ctrl_sura114_m1	CCDS7626.1|Hs110|chr10	36.667	30	19	0	48	137	6065	6154	0.80	25.4
ctrl_sura114_m2	CCDS35229.1|Hs110|chrX	43.478	46	26	0	84	221	2440	2577	0.012	36.7
ctrl_sura114_m2	CCDS59162.1|Hs110|chrX	35.897	39	25	0	105	221	328	444	0.41	31.7
ctrl_sura114_m2	CCDS33857.1|Hs110|chr3	61.111	18	7	0	140	87	2169	2116	0.74	30.9
ctrl_sura114_m2	CCDS73273.1|Hs110|chr11	66.667	15	5	0	119	75	448	404	1.0	30.4
ctrl_sura114_m2	CCDS67439.1|Hs110|chr18	58.824	17	7	0	131	81	909	859	1.0	30.4
ctrl_sura114_m3	CCDS92866.1|Hs110|chr2	27.778	36	26	0	68	175	4934	4827	1.9	29.5
ctrl_sura114_m3	CCDS2165.1|Hs110|chr2	27.778	36	26	0	68	175	1376	1269	1.9	29.5
ctrl_sura114_m3	CCDS43607.1|Hs110|chr7	29.268	41	29	0	184	62	2080	2202	2.6	29.0
ctrl_sura114_m3	CCDS3628.1|Hs110|chr4	27.143	70	51	0	26	235	1512	1721	2.6	29.0
ctrl_sura114_m3	CCDS11253.1|Hs110|chr17	47.619	21	11	0	71	133	275	213	3.3	25.4
ctrl_sura114_m3	CCDS11253.1|Hs110|chr17	46.154	13	7	0	10	48	900	862	3.3	22.6
ctrl_sura114_m4	CCDS6951.2|Hs110|chr9	55.556	18	8	0	234	181	2235	2182	0.76	30.9
ctrl_sura114_m4	CCDS46141.1|Hs110|chr19	41.667	36	21	0	22	129	597	490	1.5	29.8
ctrl_sura114_m4	CCDS12766.1|Hs110|chr19	41.667	36	21	0	22	129	597	490	1.5	29.8
ctrl_sura114_m4	CCDS13738.1|Hs110|chr22	46.667	15	8	0	239	195	111	155	2.4	24.7
ctrl_sura114_m4	CCDS13738.1|Hs110|chr22	42.857	21	12	0	69	7	1486	1548	2.4	22.6
ctrl_sura114_m4	CCDS41907.1|Hs110|chr13	66.667	18	6	0	221	168	3756	3703	4.3	28.3
ctrl_sura114_m5	CCDS8539.1|Hs110|chr12	40.000	35	21	0	223	119	5737	5633	0.058	34.5
ctrl_sura114_m5	CCDS44565.3|Hs110|chr11	45.455	33	18	0	105	203	1546	1448	0.15	33.1
ctrl_sura114_m5	CCDS30870.1|Hs110|chr1	48.276	29	15	0	144	230	117	203	0.21	32.7
ctrl_sura114_m5	CCDS92860.1|Hs110|chr2	57.143	14	6	0	174	215	2870	2911	0.54	31.3
ctrl_sura114_m5	CCDS46405.1|Hs110|chr2	57.143	14	6	0	174	215	2870	2911	0.54	31.3
ctrl_sura114_m6	CCDS573.2|Hs110|chr1	46.875	32	17	0	74	169	1631	1726	0.15	33.1
ctrl_sura114_m6	CCDS573.2|Hs110|chr1	50.000	22	11	0	138	73	1695	1630	5.9	27.8
ctrl_sura114_m6	CCDS11396.1|Hs110|chr17	45.161	31	17	0	56	148	1266	1358	0.39	31.8
ctrl_sura114_m6	CCDS91451.1|Hs110|chr11	57.895	19	8	0	107	163	1283	1339	1.0	30.4
ctrl_sura114_m6	CCDS91450.1|Hs110|chr11	57.895	19	8	0	107	163	1286	1342	1.0	30.4
ctrl_sura114_m6	CCDS31444.1|Hs110|chr11	57.895	19	8	0	107	163	1328	1384	1.0	30.4
ctrl_sura114_m7	CCDS45175.1|Hs110|chr14	35.714	56	36	0	202	35	3653	3820	0.003	38.6
ctrl_sura114_m7	CCDS47534.1|Hs110|chr7	36.538	52	33	0	220	65	7880	8035	0.005	38.2
ctrl_sura114_m7	CCDS90910.1|Hs110|chr1	43.243	37	21	0	208	98	2893	3003	0.006	37.7
ctrl_sura114_m7	CCDS55588.1|Hs110|chr1	43.243	37	21	0	208	98	2860	2970	0.006	37.7
ctrl_sura114_m7	CCDS41298.1|Hs110|chr1	43.243	37	21	0	208	98	3037	3147	0.006	37.7
ctrl_sura114_m8	CCDS42086.1|Hs110|chr15	53.333	15	7	0	181	137	2162	2206	0.089	25.8
ctrl_sura114_m8	CCDS42086.1|Hs110|chr15	85.714	7	1	0	22	2	2252	2272	0.089	25.4
ctrl_sura114_m8	CCDS41786.1|Hs110|chr12	34.615	26	17	0	220	143	300	377	0.21	32.7
ctrl_sura114_m8	CCDS8829.1|Hs110|chr12	34.615	26	17	0	220	143	300	377	0.21	32.7
ctrl_sura114_m8	CCDS8828.1|Hs110|chr12	34.615	26	17	0	220	143	300	377	0.21	32.7
ctrl_sura114_m8	CCDS14738.2|Hs110|chrX	50.000	28	14	0	100	17	934	851	0.39	31.8
ctrl_sura114_m9	CCDS54624.1|Hs110|chr3	25.532	47	35	0	221	81	4534	4674	0.55	31.3
ctrl_sura114_m9	CCDS1450.1|Hs110|chr1	40.741	27	16	0	200	120	550	630	1.0	30.4
ctrl_sura114_m9	CCDS3654.1|Hs110|chr4	43.478	23	13	0	6	74	73	141	6.8	27.6
ctrl_sura114_m9	CCDS2415.1|Hs110|chr2	37.037	27	17	0	33	113	1335	1415	6.8	27.6
ctrl_sura114_m9	CCDS53570.1|Hs110|chr10	50.000	14	7	0	86	127	116	157	9.3	27.2
ctrl_sura114_m10	CCDS93967.1|Hs110|chr6	58.824	17	7	0	223	173	1520	1470	4.9	28.1
ctrl_sura114_m10	CCDS93966.1|Hs110|chr6	58.824	17	7	0	223	173	1625	1575	4.9	28.1
ctrl_sura114_m10	CCDS93965.1|Hs110|chr6	58.824	17	7	0	223	173	1331	1281	4.9	28.1
ctrl_sura114_m10	CCDS75491.1|Hs110|chr6	58.824	17	7	0	223	173	1331	1281	4.9	28.1
ctrl_sura114_m10	CCDS55041.1|Hs110|chr6	58.824	17	7	0	223	173	1625	1575	4.9	28.1
ctrl_sura114_m11	CCDS4247.1|Hs110|chr5	41.935	31	18	0	1	93	2044	1952	0.057	28.6
ctrl_sura114_m11	CCDS4247.1|Hs110|chr5	66.667	15	5	0	80	124	421	377	0.057	24.9
ctrl_sura114_m11	CCDS4256.1|Hs110|chr5	40.625	32	19	0	1	96	2047	1952	1.4	29.9
ctrl_sura114_m11	CCDS53710.1|Hs110|chr11	45.000	20	11	0	1	60	1052	1111	3.5	28.6
ctrl_sura114_m11	CCDS33333.1|Hs110|chr2	46.429	28	15	0	1	84	1271	1188	3.5	28.6
ctrl_sura114_m11	CCDS8366.3|Hs110|chr11	45.000	20	11	0	1	60	1193	1252	3.5	28.6
ctrl_sura114_m12	CCDS44037.2|Hs110|chr1	57.895	19	8	0	179	235	2118	2174	0.010	28.6
ctrl_sura114_m12	CCDS44037.2|Hs110|chr1	60.000	15	6	0	140	184	571	615	0.010	27.6
ctrl_sura114_m12	CCDS46055.1|Hs110|chr19	45.833	24	13	0	125	196	6425	6496	0.016	33.1
ctrl_sura114_m12	CCDS46055.1|Hs110|chr19	53.333	15	7	0	176	220	6662	6706	0.016	24.0
ctrl_sura114_m12	CCDS46055.1|Hs110|chr19	46.429	28	15	0	140	223	1219	1302	1.0	30.4
ctrl_sura114_m12	CCDS46055.1|Hs110|chr19	57.143	14	6	0	143	184	1297	1338	3.2	26.3
ctrl_sura114_m12	CCDS46055.1|Hs110|chr19	54.545	11	5	0	179	211	5804	5836	3.2	22.6
ctrl_sura114_m12	CCDS46055.1|Hs110|chr19	41.379	29	17	0	137	223	1234	1320	3.6	28.6
ctrl_sura114_m12	CCDS46055.1|Hs110|chr19	55.000	20	9	0	198	139	6498	6439	3.7	28.6
ctrl_sura114_m12	CCDS12930.1|Hs110|chr19	43.478	23	13	0	134	202	586	518	0.023	29.9
ctrl_sura114_m12	CCDS12930.1|Hs110|chr19	69.231	13	4	0	6	44	943	905	0.023	22.6
ctrl_sura114_m12	CCDS90840.1|Hs110|chr1	41.935	31	18	0	140	232	1516	1424	0.031	35.4
ctrl_sura114_m12	CCDS90840.1|Hs110|chr1	46.429	28	15	0	222	139	1434	1517	0.76	30.9
ctrl_sura114_m12	CCDS78067.1|Hs110|chr5	48.000	25	13	0	137	211	1396	1322	0.042	35.0
ctrl_sura114_m13	CCDS6872.1|Hs110|chr9	37.500	24	15	0	58	129	71	142	2.0	29.4
ctrl_sura114_m14	CCDS43575.1|Hs110|chr7	40.000	35	21	0	57	161	3683	3787	2.6	29.0
ctrl_sura114_m14	CCDS5491.1|Hs110|chr7	40.000	35	21	0	57	161	3764	3868	2.6	29.0
ctrl_sura114_m14	CCDS86718.1|Hs110|chr19	38.710	31	19	0	81	173	809	717	4.9	28.1
ctrl_sura114_m14	CCDS12330.2|Hs110|chr19	38.710	31	19	0	81	173	809	717	4.9	28.1
ctrl_sura114_m14	CCDS9319.1|Hs110|chr13	28.571	42	30	0	6	131	503	628	4.9	28.1
ctrl_sura114_m15	CCDS41907.1|Hs110|chr13	44.444	27	15	0	118	38	142	62	0.37	27.6
ctrl_sura114_m15	CCDS41907.1|Hs110|chr13	60.000	10	4	0	235	206	4099	4070	0.37	24.0
ctrl_sura114_m15	CCDS5632.1|Hs110|chr7	47.826	23	12	0	138	206	118	186	0.54	31.3
ctrl_sura114_m15	CCDS12145.1|Hs110|chr19	50.000	14	7	0	238	197	167	208	0.74	23.5
ctrl_sura114_m15	CCDS12145.1|Hs110|chr19	58.333	12	5	0	139	104	272	307	0.74	23.5
ctrl_sura114_m15	CCDS45931.1|Hs110|chr19	50.000	14	7	0	238	197	167	208	0.81	23.5
ctrl_sura114_m15	CCDS45931.1|Hs110|chr19	58.333	12	5	0	139	104	272	307	0.81	23.5
ctrl_sura114_m15	CCDS74266.1|Hs110|chr19	50.000	14	7	0	238	197	308	349	0.85	23.5
ctrl_sura114_m15	CCDS74266.1|Hs110|chr19	58.333	12	5	0	139	104	413	448	0.85	23.5
ctrl_sura114_m16	CCDS45292.1|Hs110|chr15	50.000	26	13	0	235	158	586	509	0.042	35.0
ctrl_sura114_m16	CCDS94112.1|Hs110|chr7	48.148	27	14	0	235	155	3152	3232	0.058	34.5
ctrl_sura114_m16	CCDS94112.1|Hs110|chr7	44.000	25	14	0	235	161	2780	2854	9.3	27.2
ctrl_sura114_m16	CCDS59059.1|Hs110|chr7	48.148	27	14	0	235	155	2357	2437	0.058	34.5
ctrl_sura114_m16	CCDS59059.1|Hs110|chr7	44.000	25	14	0	235	161	1985	2059	9.3	27.2
ctrl_sura114_m16	CCDS5542.1|Hs110|chr7	48.148	27	14	0	235	155	2357	2437	0.058	34.5
ctrl_sura114_m16	CCDS5542.1|Hs110|chr7	44.000	25	14	0	235	161	1985	2059	9.3	27.2
ctrl_sura114_m16	CCDS8903.1|Hs110|chr12	46.429	28	15	0	235	152	1063	1146	0.11	33.6
ctrl_sura114_m17	CCDS43970.1|Hs110|chrX	25.000	72	54	0	9	224	6154	6369	1.39e-04	43.2
ctrl_sura114_m17	CCDS43970.1|Hs110|chrX	37.037	27	17	0	147	227	6142	6222	4.9	28.1
ctrl_sura114_m17	CCDS43970.1|Hs110|chrX	19.178	73	59	0	9	227	6265	6483	4.9	28.1
ctrl_sura114_m17	CCDS43970.1|Hs110|chrX	36.364	33	21	0	141	239	6166	6264	6.8	27.6
ctrl_sura114_m17	CCDS43970.1|Hs110|chrX	25.926	54	40	0	3	164	6289	6450	9.3	27.2
ctrl_sura114_m17	CCDS31041.1|Hs110|chr1	28.986	69	49	0	12	218	559	765	1.39e-04	43.2
ctrl_sura114_m17	CCDS31040.1|Hs110|chr1	28.986	69	49	0	12	218	559	765	1.39e-04	43.2
ctrl_sura114_m17	CCDS41396.1|Hs110|chr1	26.389	72	53	0	12	227	901	1116	1.91e-04	42.8
ctrl_sura114_m17	CCDS41396.1|Hs110|chr1	25.974	77	57	0	9	239	937	1167	6.80e-04	40.9
ctrl_sura114_m17	CCDS41396.1|Hs110|chr1	24.324	74	56	0	3	224	952	1173	0.001	40.5
ctrl_sura114_m17	CCDS41396.1|Hs110|chr1	24.658	73	55	0	9	227	1882	2100	0.006	37.7
ctrl_sura114_m17	CCDS41396.1|Hs110|chr1	20.588	68	54	0	9	212	1222	1425	0.012	36.8
ctrl_sura114_m17	CCDS41396.1|Hs110|chr1	22.667	75	58	0	3	227	1759	1983	0.031	35.4
ctrl_sura114_m17	CCDS41396.1|Hs110|chr1	25.862	58	43	0	12	185	403	576	0.042	35.0
ctrl_sura114_m17	CCDS41396.1|Hs110|chr1	24.324	74	56	0	3	224	988	1209	0.15	33.1
ctrl_sura114_m17	CCDS41396.1|Hs110|chr1	20.253	79	63	0	3	239	4288	4524	0.15	33.1
ctrl_sura114_m17	CCDS41396.1|Hs110|chr1	20.253	79	63	0	3	239	1705	1941	0.21	32.7
ctrl_sura114_m17	CCDS41396.1|Hs110|chr1	64.286	14	5	0	58	17	1952	1911	0.23	29.9
ctrl_sura114_m17	CCDS41396.1|Hs110|chr1	33.333	48	32	0	224	81	2622	2479	0.23	22.6
ctrl_sura114_m17	CCDS41396.1|Hs110|chr1	58.824	17	7	0	224	174	1338	1288	0.53	24.9
ctrl_sura114_m17	CCDS41396.1|Hs110|chr1	53.333	15	7	0	58	14	1286	1242	0.53	23.5
ctrl_sura114_m17	CCDS41396.1|Hs110|chr1	21.622	74	58	0	12	233	1342	1563	0.54	31.3
ctrl_sura114_m17	CCDS41396.1|Hs110|chr1	23.438	64	49	0	36	227	1162	1353	0.74	30.9
ctrl_sura114_m17	CCDS41396.1|Hs110|chr1	23.944	71	54	0	15	227	4438	4650	1.0	30.4
ctrl_sura114_m17	CCDS41396.1|Hs110|chr1	22.535	71	55	0	12	224	1222	1434	2.6	29.0
ctrl_sura114_m17	CCDS41396.1|Hs110|chr1	29.167	48	34	0	93	236	2452	2595	2.6	29.0
ctrl_sura114_m17	CCDS41396.1|Hs110|chr1	23.438	64	49	0	3	194	1027	1218	3.6	28.6
ctrl_sura114_m17	CCDS41396.1|Hs110|chr1	19.444	72	58	0	9	224	1072	1287	3.6	28.6
ctrl_sura114_m17	CCDS41396.1|Hs110|chr1	60.000	15	6	0	58	14	1064	1020	4.3	25.8
ctrl_sura114_m17	CCDS41396.1|Hs110|chr1	42.308	26	15	0	233	156	1461	1384	4.3	22.1
ctrl_sura114_m17	CCDS41396.1|Hs110|chr1	19.697	66	53	0	36	233	1489	1686	4.9	28.1
ctrl_sura114_m17	CCDS41396.1|Hs110|chr1	25.641	39	29	0	9	125	1318	1434	5.8	24.9
ctrl_sura114_m17	CCDS41396.1|Hs110|chr1	33.333	27	18	0	153	233	2704	2784	5.8	22.6
ctrl_sura114_m17	CCDS41396.1|Hs110|chr1	20.000	75	60	0	3	227	1432	1656	6.8	27.6
ctrl_sura114_m17	CCDS41396.1|Hs110|chr1	20.000	70	56	0	9	218	2503	2712	9.3	27.2
ctrl_sura114_m17	CCDS41396.1|Hs110|chr1	18.987	79	64	0	3	239	3823	4059	9.3	27.2
ctrl_sura114_m17	CCDS59510.1|Hs110|chr7	27.027	74	54	0	3	224	760	981	3.60e-04	41.8
ctrl_sura114_m18	CCDS44025.1|Hs110|chrX	52.632	19	9	0	98	154	245	189	0.014	27.6
ctrl_sura114_m18	CCDS44025.1|Hs110|chrX	60.000	15	6	0	178	222	125	81	0.014	24.9
ctrl_sura114_m18	CCDS14758.1|Hs110|chrX	52.632	19	9	0	98	154	245	189	0.014	27.6
ctrl_sura114_m18	CCDS14758.1|Hs110|chrX	60.000	15	6	0	178	222	125	81	0.014	24.9
ctrl_sura114_m18	CCDS92415.1|Hs110|chr17	47.222	36	19	0	196	89	2647	2540	0.042	35.0
ctrl_sura114_m18	CCDS74173.2|Hs110|chr17	47.222	36	19	0	196	89	2647	2540	0.042	35.0
ctrl_sura114_m18	CCDS92902.1|Hs110|chr2	60.000	15	6	0	178	222	743	699	0.15	26.3
ctrl_sura114_m18	CCDS92902.1|Hs110|chr2	87.500	8	1	0	2	25	806	783	0.15	23.5
ctrl_sura114_m19	CCDS58339.1|Hs110|chr14	48.148	27	14	0	3	83	2330	2410	0.39	31.8
ctrl_sura114_m19	CCDS45178.2|Hs110|chr14	48.148	27	14	0	3	83	2600	2680	0.39	31.8
ctrl_sura114_m19	CCDS32168.1|Hs110|chr14	48.148	27	14	0	3	83	2555	2635	0.39	31.8
ctrl_sura114_m19	CCDS2669.1|Hs110|chr3	30.435	46	32	0	50	187	2890	3027	1.9	29.5
ctrl_sura114_m19	CCDS13757.1|Hs110|chr22	48.148	27	14	0	92	12	524	604	3.6	28.6
ctrl_sura1_m0	CCDS91498.1|Hs110|chr11	58.824	17	7	0	6	56	403	453	0.29	26.7
ctrl_sura1_m0	CCDS91498.1|Hs110|chr11	58.333	12	5	0	81	116	694	729	0.29	24.4
ctrl_sura1_m0	CCDS13620.1|Hs110|chr21	34.615	52	34	0	160	5	557	712	0.40	33.1
ctrl_sura1_m0	CCDS12226.1|Hs110|chr19	41.026	39	23	0	156	272	515	631	0.40	33.1
ctrl_sura1_m0	CCDS12226.1|Hs110|chr19	35.897	39	25	0	271	155	630	514	9.5	28.6
ctrl_sura1_m0	CCDS13097.1|Hs110|chr20	56.522	23	10	0	421	353	2126	2058	0.61	29.5
ctrl_sura1_m0	CCDS13097.1|Hs110|chr20	50.000	20	10	0	67	8	377	318	0.61	23.1
ctrl_sura1_m0	CCDS11106.1|Hs110|chr17	84.615	13	2	0	18	56	75	37	1.0	31.8
ctrl_sura1_m1	CCDS6097.2|Hs110|chr8	42.424	33	19	0	9	107	3958	3860	0.017	29.8
ctrl_sura1_m1	CCDS6097.2|Hs110|chr8	25.581	86	64	0	81	338	3357	3100	0.017	28.9
ctrl_sura1_m1	CCDS42998.1|Hs110|chr22	58.824	17	7	0	94	44	1748	1698	0.028	28.6
ctrl_sura1_m1	CCDS42998.1|Hs110|chr22	50.000	20	10	0	250	191	1811	1752	0.028	25.8
ctrl_sura1_m1	CCDS3733.1|Hs110|chr4	50.000	22	11	0	73	8	185	250	0.081	35.4
ctrl_sura1_m1	CCDS45999.1|Hs110|chr19	42.424	33	19	0	87	185	2847	2945	0.15	30.3
ctrl_sura1_m1	CCDS45999.1|Hs110|chr19	30.769	39	27	0	222	338	5922	6038	0.15	25.9
ctrl_sura1_m1	CCDS82302.1|Hs110|chr19	42.424	33	19	0	87	185	2847	2945	0.15	30.3
ctrl_sura1_m1	CCDS82302.1|Hs110|chr19	30.769	39	27	0	222	338	5928	6044	0.15	25.9
ctrl_sura1_m2	CCDS54544.1|Hs110|chr22	33.333	48	32	0	383	240	545	688	0.017	37.7
ctrl_sura1_m2	CCDS14085.2|Hs110|chr22	33.333	48	32	0	383	240	545	688	0.017	37.7
ctrl_sura1_m2	CCDS1723.1|Hs110|chr2	32.432	37	25	0	329	219	2012	2122	0.056	34.5
ctrl_sura1_m2	CCDS1723.1|Hs110|chr2	34.286	35	23	0	422	318	1730	1834	0.056	21.7
ctrl_sura1_m2	CCDS45902.1|Hs110|chr19	35.294	34	22	0	341	240	740	841	0.059	35.9
ctrl_sura1_m2	CCDS32867.1|Hs110|chr19	35.294	34	22	0	341	240	893	994	0.059	35.9
ctrl_sura1_m4	CCDS34691.1|Hs110|chr7	39.394	33	20	0	121	219	1258	1356	3.1	30.2
ctrl_sura1_m4	CCDS34766.1|Hs110|chr7	43.333	30	17	0	132	221	645	734	3.7	29.9
ctrl_sura1_m4	CCDS3576.1|Hs110|chr4	39.394	33	20	0	121	219	305	207	5.7	29.3
ctrl_sura1_m5	CCDS33647.1|Hs110|chr22	61.905	21	8	0	379	317	56	118	0.012	34.1
ctrl_sura1_m5	CCDS33647.1|Hs110|chr22	46.429	28	15	0	337	254	485	568	0.012	24.0
ctrl_sura1_m5	CCDS30972.1|Hs110|chr1	42.105	38	22	0	412	299	325	212	0.081	35.4
ctrl_sura1_m5	CCDS55907.1|Hs110|chr14	39.286	28	17	0	370	287	2997	3080	0.11	35.0
ctrl_sura1_m5	CCDS45926.1|Hs110|chr19	33.333	57	38	0	213	383	423	593	0.11	35.0
ctrl_sura1_m5	CCDS12128.1|Hs110|chr19	33.333	57	38	0	213	383	423	593	0.11	35.0
ctrl_sura1_m6	CCDS42929.1|Hs110|chr21	61.111	18	7	0	346	293	171	118	5.0	29.5
ctrl_sura1_m7	CCDS8762.1|Hs110|chr12	28.169	71	51	0	382	170	442	654	0.15	34.5
ctrl_sura1_m7	CCDS6604.1|Hs110|chr9	39.394	33	20	0	85	183	574	672	0.40	33.1
ctrl_sura1_m7	CCDS6603.1|Hs110|chr9	39.394	33	20	0	85	183	724	822	0.40	33.1
ctrl_sura1_m7	CCDS64467.1|Hs110|chr6	43.243	37	21	0	135	245	1006	896	0.55	32.7
ctrl_sura1_m7	CCDS12372.1|Hs110|chr19	32.759	58	39	0	235	62	152	325	0.55	32.7
ctrl_sura1_m8	CCDS11771.2|Hs110|chr17	72.222	18	5	0	153	206	153	206	0.023	37.3
ctrl_sura1_m8	CCDS81980.1|Hs110|chr16	32.432	37	25	0	100	210	2553	2443	0.11	35.0
ctrl_sura1_m8	CCDS76868.1|Hs110|chr16	32.432	37	25	0	100	210	2553	2443	0.11	35.0
ctrl_sura1_m8	CCDS45486.1|Hs110|chr16	32.432	37	25	0	100	210	2553	2443	0.11	35.0
ctrl_sura1_m8	CCDS32447.1|Hs110|chr16	32.432	37	25	0	100	210	2553	2443	0.11	35.0
ctrl_sura1_m9	CCDS6343.1|Hs110|chr8	25.000	56	42	0	203	370	768	601	1.3	24.4
ctrl_sura1_m9	CCDS6343.1|Hs110|chr8	44.444	18	10	0	64	117	826	773	1.3	24.0
ctrl_sura1_m9	CCDS90876.1|Hs110|chr1	40.000	30	18	0	16	105	3328	3239	3.7	29.9
ctrl_sura1_m9	CCDS90875.1|Hs110|chr1	40.000	30	18	0	16	105	3304	3215	3.7	29.9
ctrl_sura1_m9	CCDS72723.1|Hs110|chr1	40.000	30	18	0	16	105	3268	3179	3.7	29.9
ctrl_sura1_m9	CCDS55580.1|Hs110|chr1	40.000	30	18	0	16	105	3178	3089	3.7	29.9
ctrl_sura1_m10	CCDS42738.1|Hs110|chr2	56.250	16	7	0	19	66	164	211	0.022	31.8
ctrl_sura1_m10	CCDS42738.1|Hs110|chr2	37.500	24	15	0	148	219	293	364	0.022	23.1
ctrl_sura1_m10	CCDS2125.1|Hs110|chr2	56.250	16	7	0	19	66	134	181	0.022	31.8
ctrl_sura1_m10	CCDS2125.1|Hs110|chr2	37.500	24	15	0	148	219	263	334	0.022	23.1
ctrl_sura1_m10	CCDS82504.1|Hs110|chr2	56.250	16	7	0	19	66	134	181	0.022	31.8
ctrl_sura1_m10	CCDS82504.1|Hs110|chr2	37.500	24	15	0	148	219	263	334	0.022	23.1
ctrl_sura1_m10	CCDS46120.2|Hs110|chr19	32.836	67	45	0	223	23	572	772	0.059	35.9
ctrl_sura1_m10	CCDS32361.1|Hs110|chr16	34.211	38	25	0	118	5	2300	2413	0.081	31.8
ctrl_sura1_m10	CCDS32361.1|Hs110|chr16	55.556	18	8	0	160	107	317	370	0.081	24.0
ctrl_sura1_m11	CCDS9209.1|Hs110|chr12	45.455	22	12	0	13	78	254	319	0.12	27.2
ctrl_sura1_m11	CCDS9209.1|Hs110|chr12	41.176	34	20	0	276	377	1340	1441	0.12	23.1
ctrl_sura1_m11	CCDS9209.1|Hs110|chr12	37.037	27	17	0	109	189	1124	1204	0.12	21.7
ctrl_sura1_m11	CCDS76611.1|Hs110|chr12	45.455	22	12	0	13	78	254	319	0.12	27.2
ctrl_sura1_m11	CCDS76611.1|Hs110|chr12	41.176	34	20	0	276	377	1340	1441	0.12	23.1
ctrl_sura1_m11	CCDS76611.1|Hs110|chr12	37.037	27	17	0	109	189	1124	1204	0.12	21.7
ctrl_sura1_m11	CCDS5336.2|Hs110|chr7	34.211	38	25	0	424	311	1072	1185	0.15	29.5
ctrl_sura1_m11	CCDS5336.2|Hs110|chr7	36.667	30	19	0	131	42	2946	3035	0.15	25.8
ctrl_sura1_m11	CCDS5548.1|Hs110|chr7	28.070	57	41	0	37	207	344	514	0.21	34.1
ctrl_sura1_m11	CCDS78391.1|Hs110|chr9	39.394	33	20	0	312	410	1343	1441	0.21	34.1
ctrl_sura1_m12	CCDS3129.1|Hs110|chr3	38.235	34	21	0	159	260	417	316	2.0	27.6
ctrl_sura1_m12	CCDS3129.1|Hs110|chr3	70.000	10	3	0	363	392	132	103	2.0	22.6
ctrl_sura1_m12	CCDS73565.1|Hs110|chr13	38.235	34	21	0	415	314	205	104	2.7	30.4
ctrl_sura1_m12	CCDS31966.1|Hs110|chr13	38.235	34	21	0	415	314	3166	3065	2.7	30.4
ctrl_sura1_m12	CCDS9392.1|Hs110|chr13	38.235	34	21	0	415	314	379	278	2.7	30.4
ctrl_sura1_m12	CCDS75256.1|Hs110|chr5	50.000	22	11	0	247	182	838	773	3.7	29.9
ctrl_sura1_m13	CCDS14283.1|Hs110|chrX	35.000	40	26	0	225	344	758	877	0.28	27.2
ctrl_sura1_m13	CCDS14283.1|Hs110|chrX	77.778	9	2	0	67	93	360	386	0.28	25.8
ctrl_sura1_m13	CCDS47522.1|Hs110|chr7	52.381	21	10	0	228	290	1622	1684	0.29	33.6
ctrl_sura1_m13	CCDS91150.1|Hs110|chr1	29.310	58	41	0	43	216	1356	1183	0.54	32.7
ctrl_sura1_m13	CCDS91149.1|Hs110|chr1	29.310	58	41	0	43	216	1356	1183	0.54	32.7
ctrl_sura1_m13	CCDS53462.1|Hs110|chr1	29.310	58	41	0	43	216	1356	1183	0.54	32.7
ctrl_sura1_m14	CCDS1821.1|Hs110|chr2	39.286	56	34	0	93	260	193	26	0.023	37.3
ctrl_sura1_m14	CCDS119.1|Hs110|chr1	40.625	32	19	0	217	122	584	489	0.11	35.0
ctrl_sura1_m14	CCDS118.1|Hs110|chr1	40.625	32	19	0	217	122	584	489	0.11	35.0
ctrl_sura1_m14	CCDS32325.2|Hs110|chr15	35.135	37	24	0	289	179	2405	2515	0.13	28.1
ctrl_sura1_m14	CCDS32325.2|Hs110|chr15	50.000	18	9	0	184	131	3374	3427	0.13	27.6
ctrl_sura1_m14	CCDS10091.1|Hs110|chr15	66.667	15	5	0	271	227	3095	3139	0.16	32.2
ctrl_sura1_m14	CCDS10091.1|Hs110|chr15	30.435	23	16	0	219	151	4170	4238	0.16	23.5
ctrl_sura1_m15	CCDS7054.1|Hs110|chr10	31.579	38	26	0	65	178	2330	2443	0.060	33.1
ctrl_sura1_m15	CCDS7054.1|Hs110|chr10	66.667	6	2	0	269	286	4439	4456	0.060	24.0
ctrl_sura1_m15	CCDS34124.2|Hs110|chr5	53.846	13	6	0	98	136	1382	1344	0.15	28.6
ctrl_sura1_m15	CCDS34124.2|Hs110|chr5	43.478	23	13	0	23	91	3529	3461	0.15	27.2
ctrl_sura1_m15	CCDS6543.1|Hs110|chr9	46.154	26	14	0	128	205	3198	3275	0.21	34.1
ctrl_sura1_m15	CCDS31284.1|Hs110|chr10	37.037	27	17	0	38	118	517	437	0.28	26.3
ctrl_sura1_m15	CCDS31284.1|Hs110|chr10	66.667	9	3	0	263	289	106	80	0.28	24.4
ctrl_sura1_m15	CCDS74806.1|Hs110|chr21	60.000	15	6	0	104	148	614	658	0.29	33.6
ctrl_sura1_m16	CCDS4442.1|Hs110|chr5	46.667	30	16	0	272	361	2279	2368	0.043	36.3
ctrl_sura1_m16	CCDS44515.2|Hs110|chr11	39.394	33	20	0	22	120	11516	11614	0.10	32.7
ctrl_sura1_m16	CCDS44515.2|Hs110|chr11	33.333	39	26	0	94	210	16937	17053	0.10	25.4
ctrl_sura1_m16	CCDS44515.2|Hs110|chr11	36.364	33	21	0	22	120	9845	9943	5.0	29.5
ctrl_sura1_m16	CCDS44515.2|Hs110|chr11	36.364	33	21	0	22	120	13700	13798	5.0	29.5
ctrl_sura1_m16	CCDS44515.2|Hs110|chr11	36.364	33	21	0	22	120	7745	7843	9.5	28.6
ctrl_sura1_m16	CCDS5305.1|Hs110|chr6	62.500	16	6	0	290	337	532	485	0.25	28.1
ctrl_sura1_m16	CCDS5305.1|Hs110|chr6	30.000	30	21	0	94	183	820	731	0.25	24.9
ctrl_sura1_m16	CCDS73506.1|Hs110|chr12	44.828	29	16	0	272	358	1066	980	0.29	33.6
ctrl_sura1_m16	CCDS31877.1|Hs110|chr12	44.828	29	16	0	272	358	1159	1073	0.29	33.6
ctrl_sura1_m17	CCDS43248.1|Hs110|chr4	42.857	21	12	0	339	277	1867	1805	0.008	31.3
ctrl_sura1_m17	CCDS43248.1|Hs110|chr4	42.857	14	8	0	138	97	1711	1670	0.008	24.9
ctrl_sura1_m17	CCDS43248.1|Hs110|chr4	62.500	8	3	0	345	322	1966	1943	0.008	22.1
ctrl_sura1_m17	CCDS43248.1|Hs110|chr4	57.143	14	6	0	339	298	2086	2045	0.23	30.4
ctrl_sura1_m17	CCDS43248.1|Hs110|chr4	50.000	14	7	0	138	97	1615	1574	0.23	24.4
ctrl_sura1_m17	CCDS43248.1|Hs110|chr4	42.857	21	12	0	339	277	3676	3614	0.41	30.4
ctrl_sura1_m17	CCDS43248.1|Hs110|chr4	43.750	16	9	0	138	91	2800	2753	0.41	23.5
ctrl_sura1_m17	CCDS43248.1|Hs110|chr4	50.000	18	9	0	339	286	3226	3173	0.99	29.9
ctrl_sura1_m17	CCDS43248.1|Hs110|chr4	42.857	14	8	0	138	97	2287	2246	0.99	22.6
ctrl_sura1_m17	CCDS43248.1|Hs110|chr4	53.846	13	6	0	345	307	3043	3005	7.6	26.7
ctrl_sura1_m17	CCDS43248.1|Hs110|chr4	42.857	14	8	0	138	97	2089	2048	7.6	22.6
ctrl_sura1_m17	CCDS93219.1|Hs110|chr3	58.333	24	10	0	394	323	890	819	0.043	36.3
ctrl_sura1_m17	CCDS2620.2|Hs110|chr3	58.333	24	10	0	394	323	1118	1047	0.043	36.3
ctrl_sura1_m17	CCDS11871.1|Hs110|chr18	52.381	21	10	0	339	277	721	659	0.11	35.0
ctrl_sura1_m17	CCDS1745.2|Hs110|chr2	31.707	41	28	0	239	361	541	419	0.15	34.5
ctrl_sura1_m18	CCDS54700.1|Hs110|chr3	37.037	27	17	0	118	198	11070	11150	5.0	29.5
ctrl_sura1_m18	CCDS54700.1|Hs110|chr3	40.741	27	16	0	118	198	12414	12494	5.0	29.5
ctrl_sura1_m18	CCDS54700.1|Hs110|chr3	47.368	19	10	0	142	198	8502	8558	9.5	28.6
ctrl_sura1_m18	CCDS94005.1|Hs110|chr6	35.714	28	18	0	34	117	1290	1207	6.9	29.0
ctrl_sura1_m18	CCDS94004.1|Hs110|chr6	35.714	28	18	0	34	117	1365	1282	6.9	29.0
ctrl_sura1_m18	CCDS75523.1|Hs110|chr6	35.714	28	18	0	34	117	1272	1189	6.9	29.0
ctrl_sura1_m18	CCDS75521.1|Hs110|chr6	35.714	28	18	0	34	117	1452	1369	6.9	29.0
ctrl_sura1_m19	CCDS87645.1|Hs110|chr9	58.824	17	7	0	284	334	235	185	0.75	32.2
ctrl_sura1_m19	CCDS55298.1|Hs110|chr9	58.824	17	7	0	284	334	148	98	0.75	32.2
ctrl_sura1_m19	CCDS6515.1|Hs110|chr9	58.824	17	7	0	284	334	148	98	0.75	32.2
ctrl_sura1_m19	CCDS11361.1|Hs110|chr17	38.095	21	13	0	365	427	373	311	1.2	28.1
ctrl_sura1_m19	CCDS11361.1|Hs110|chr17	31.579	19	13	0	45	101	736	680	1.2	23.1
ctrl_sura1_m19	CCDS47631.1|Hs110|chr7	35.714	28	18	0	281	364	852	769	1.4	31.3
