real_sura112_m0	CCDS77385.1|Hs110|chr2	46.154	26	14	0	60	137	3570	3493	1.1	28.1
real_sura112_m0	CCDS47238.1|Hs110|chr5	40.000	30	18	0	51	140	7580	7669	1.5	27.6
real_sura112_m0	CCDS2876.1|Hs110|chr3	47.368	19	10	0	42	98	128	184	2.0	27.2
real_sura112_m0	CCDS53341.1|Hs110|chr1	42.308	26	15	0	33	110	612	535	3.8	26.3
real_sura112_m0	CCDS53340.1|Hs110|chr1	42.308	26	15	0	33	110	918	841	3.8	26.3
real_sura112_m1	CCDS72715.1|Hs110|chr1	62.500	16	6	0	17	64	1921	1968	0.57	29.0
real_sura112_m1	CCDS91397.1|Hs110|chr11	43.333	30	17	0	32	121	1887	1798	1.5	27.6
real_sura112_m1	CCDS7707.1|Hs110|chr11	43.333	30	17	0	32	121	1905	1816	1.5	27.6
real_sura112_m1	CCDS93032.1|Hs110|chr20	37.500	24	15	0	14	85	806	735	2.0	27.2
real_sura112_m1	CCDS13259.1|Hs110|chr20	37.500	24	15	0	14	85	1037	966	2.0	27.2
real_sura112_m2	CCDS86824.1|Hs110|chr2	46.875	32	17	0	12	107	642	737	0.017	34.1
real_sura112_m2	CCDS66920.1|Hs110|chr16	33.333	24	16	0	15	86	709	780	0.19	22.6
real_sura112_m2	CCDS66920.1|Hs110|chr16	35.000	20	13	0	66	125	909	968	0.19	22.6
real_sura112_m2	CCDS75904.1|Hs110|chr9	37.500	24	15	0	9	80	604	675	0.22	30.4
real_sura112_m2	CCDS74355.1|Hs110|chr19	45.455	22	12	0	15	80	1591	1656	0.22	30.4
real_sura112_m2	CCDS69664.1|Hs110|chr9	37.500	24	15	0	9	80	934	1005	0.22	30.4
real_sura112_m3	CCDS58797.1|Hs110|chr22	41.667	36	21	0	3	110	2613	2720	1.5	27.6
real_sura112_m3	CCDS33619.1|Hs110|chr22	41.667	36	21	0	3	110	2613	2720	1.5	27.6
real_sura112_m3	CCDS93294.1|Hs110|chr3	50.000	16	8	0	3	50	5512	5559	2.0	27.2
real_sura112_m3	CCDS45678.1|Hs110|chr17	37.500	24	15	0	125	54	930	859	2.8	26.7
real_sura112_m3	CCDS45677.1|Hs110|chr17	37.500	24	15	0	125	54	1098	1027	2.8	26.7
real_sura112_m5	CCDS31543.1|Hs110|chr11	52.941	17	8	0	52	2	678	628	0.86	28.4
real_sura112_m7	CCDS679.1|Hs110|chr1	40.909	22	13	0	44	109	1602	1537	0.027	25.8
real_sura112_m7	CCDS679.1|Hs110|chr1	46.667	15	8	0	8	52	1875	1831	0.027	23.9
real_sura112_m7	CCDS678.1|Hs110|chr1	40.909	22	13	0	44	109	1695	1630	0.027	25.8
real_sura112_m7	CCDS678.1|Hs110|chr1	46.667	15	8	0	8	52	1968	1924	0.027	23.9
real_sura112_m7	CCDS2026.1|Hs110|chr2	58.824	17	7	0	113	63	836	886	0.062	32.2
real_sura112_m7	CCDS2025.1|Hs110|chr2	58.824	17	7	0	113	63	836	886	0.062	32.2
real_sura112_m7	CCDS4860.1|Hs110|chr6	44.000	25	14	0	65	139	781	855	0.10	31.7
real_sura112_m7	CCDS4860.1|Hs110|chr6	40.000	25	15	0	140	66	689	615	10.0	24.9
real_sura112_m8	CCDS5559.1|Hs110|chr7	63.158	19	7	0	61	5	548	604	0.096	31.8
real_sura112_m8	CCDS45900.1|Hs110|chr19	100.000	5	0	0	133	119	979	965	0.93	21.7
real_sura112_m8	CCDS45900.1|Hs110|chr19	56.250	16	7	0	52	5	238	191	0.93	21.7
real_sura112_m8	CCDS11188.1|Hs110|chr17	100.000	7	0	0	136	116	2713	2693	2.3	27.2
real_sura112_m8	CCDS14619.1|Hs110|chrX	36.000	25	16	0	54	128	991	917	2.8	26.7
real_sura112_m8	CCDS14618.1|Hs110|chrX	36.000	25	16	0	54	128	1003	929	2.8	26.7
real_sura112_m9	CCDS1271.1|Hs110|chr1	61.538	13	5	0	15	53	244	206	2.0	27.2
real_sura112_m9	CCDS45464.1|Hs110|chr16	72.727	11	3	0	9	41	499	467	7.2	25.4
real_sura112_m9	CCDS10694.1|Hs110|chr16	72.727	11	3	0	9	41	502	470	7.2	25.4
real_sura112_m9	CCDS1296.2|Hs110|chr1	50.000	12	6	0	15	50	2829	2794	8.1	21.7
real_sura112_m9	CCDS1296.2|Hs110|chr1	63.636	11	4	0	109	141	1145	1113	8.1	21.7
real_sura112_m9	CCDS91104.1|Hs110|chr1	50.000	12	6	0	15	50	2835	2800	8.3	21.7
real_sura112_m9	CCDS91104.1|Hs110|chr1	63.636	11	4	0	109	141	1151	1119	8.3	21.7
real_sura112_m10	CCDS45463.1|Hs110|chr16	60.000	15	6	0	6	50	1773	1817	5.3	25.8
real_sura112_m10	CCDS43708.1|Hs110|chr8	64.286	14	5	0	46	5	4356	4315	10.0	24.9
real_sura112_m10	CCDS32373.1|Hs110|chr16	66.667	12	4	0	3	38	2137	2172	10.0	24.9
real_sura112_m10	CCDS10896.1|Hs110|chr16	64.286	14	5	0	9	50	207	248	10.0	24.9
real_sura112_m11	CCDS94423.1|Hs110|chr9	66.667	12	4	0	140	105	5143	5108	10.0	24.9
real_sura112_m11	CCDS55320.1|Hs110|chr9	66.667	12	4	0	140	105	5062	5027	10.0	24.9
real_sura112_m12	CCDS3280.1|Hs110|chr3	36.667	30	19	0	3	92	1138	1227	0.033	33.1
real_sura112_m12	CCDS3280.1|Hs110|chr3	45.455	22	12	0	3	68	1168	1233	0.033	33.1
real_sura112_m12	CCDS3280.1|Hs110|chr3	52.941	17	8	0	3	53	1153	1203	0.085	31.8
real_sura112_m12	CCDS3280.1|Hs110|chr3	56.250	16	7	0	3	50	1183	1230	0.12	31.3
real_sura112_m12	CCDS3280.1|Hs110|chr3	50.000	16	8	0	3	50	1078	1125	0.42	29.5
real_sura112_m12	CCDS3280.1|Hs110|chr3	47.059	17	9	0	3	53	1063	1113	0.57	29.0
real_sura112_m12	CCDS3280.1|Hs110|chr3	58.333	12	5	0	18	53	1138	1173	7.2	25.4
real_sura112_m12	CCDS9523.1|Hs110|chr13	52.941	17	8	0	3	53	679	729	0.12	31.3
real_sura112_m12	CCDS9665.1|Hs110|chr14	41.667	24	14	0	12	83	141	212	0.16	30.9
real_sura112_m12	CCDS42767.1|Hs110|chr2	57.895	19	8	0	36	92	2255	2199	0.22	30.4
real_sura112_m12	CCDS33309.1|Hs110|chr2	57.895	19	8	0	36	92	2255	2199	0.22	30.4
real_sura112_m13	CCDS5024.1|Hs110|chr6	52.941	17	8	0	52	2	12839	12889	10.0	24.9
real_sura112_m15	CCDS73700.1|Hs110|chr15	54.545	11	5	0	14	46	1458	1426	3.8	26.3
real_sura112_m15	CCDS73700.1|Hs110|chr15	54.545	11	5	0	14	46	1437	1405	5.3	25.8
real_sura112_m15	CCDS8539.1|Hs110|chr12	50.000	14	7	0	8	49	2551	2592	10.0	24.9
real_sura112_m16	CCDS9749.2|Hs110|chr14	71.429	14	4	0	43	2	241	200	3.8	26.3
real_sura112_m16	CCDS35229.1|Hs110|chrX	62.500	16	6	0	49	2	2833	2786	5.3	25.8
real_sura112_m16	CCDS35229.1|Hs110|chrX	62.500	16	6	0	49	2	2584	2537	7.2	25.4
real_sura112_m16	CCDS4739.1|Hs110|chr6	75.000	12	3	0	46	11	203	238	5.3	25.8
real_sura112_m16	CCDS59003.1|Hs110|chr6	66.667	12	4	0	46	11	4310	4345	7.2	25.4
real_sura112_m16	CCDS59003.1|Hs110|chr6	66.667	12	4	0	46	11	4340	4375	7.2	25.4
real_sura112_m16	CCDS59003.1|Hs110|chr6	72.727	11	3	0	49	17	2507	2539	10.0	24.9
real_sura112_m16	CCDS32949.1|Hs110|chr19	64.286	14	5	0	46	5	1649	1608	7.2	25.4
real_sura112_m17	CCDS61632.1|Hs110|chr15	64.286	14	5	0	3	44	1186	1145	7.2	25.4
real_sura112_m17	CCDS10137.1|Hs110|chr15	64.286	14	5	0	3	44	1417	1376	7.2	25.4
real_sura112_m17	CCDS93936.1|Hs110|chr6	62.500	16	6	0	3	50	12342	12295	10.0	24.9
real_sura112_m17	CCDS93935.1|Hs110|chr6	62.500	16	6	0	3	50	11709	11662	10.0	24.9
real_sura112_m17	CCDS93934.1|Hs110|chr6	62.500	16	6	0	3	50	5451	5404	10.0	24.9
real_sura112_m18	CCDS1971.1|Hs110|chr2	65.000	20	7	0	54	113	1706	1765	0.085	31.8
real_sura112_m18	CCDS45197.1|Hs110|chr15	73.333	15	4	0	60	104	1502	1546	0.78	28.6
real_sura112_m18	CCDS33938.1|Hs110|chr4	45.833	24	13	0	130	59	1766	1837	0.78	28.6
real_sura112_m18	CCDS10022.1|Hs110|chr15	73.333	15	4	0	60	104	1538	1582	0.78	28.6
real_sura112_m18	CCDS30675.1|Hs110|chr1	60.000	15	6	0	51	95	317	361	1.1	28.1
real_sura108_m0	CCDS33050.1|Hs110|chr19	63.636	11	4	0	3	35	1283	1251	0.083	24.0
real_sura108_m0	CCDS33050.1|Hs110|chr19	85.714	7	1	0	74	94	1248	1228	0.083	23.5
real_sura108_m0	CCDS14306.1|Hs110|chrX	47.619	21	11	0	126	64	2035	1973	0.25	30.4
real_sura108_m0	CCDS13603.1|Hs110|chr21	61.538	13	5	0	62	100	63	101	0.30	29.9
real_sura108_m0	CCDS2297.1|Hs110|chr2	52.941	17	8	0	120	70	2635	2585	0.35	29.9
real_sura108_m0	CCDS2297.1|Hs110|chr2	43.478	23	13	0	118	50	510	578	1.1	28.1
real_sura108_m0	CCDS54439.1|Hs110|chr2	32.258	31	21	0	2	94	1868	1960	0.49	24.4
real_sura108_m0	CCDS54439.1|Hs110|chr2	50.000	12	6	0	74	109	2552	2587	0.49	21.7
real_sura108_m1	CCDS8023.2|Hs110|chr11	52.632	19	9	0	110	54	1661	1717	0.003	28.1
real_sura108_m1	CCDS8023.2|Hs110|chr11	100.000	6	0	0	125	108	393	410	0.003	24.4
real_sura108_m1	CCDS91491.1|Hs110|chr11	52.632	19	9	0	110	54	1664	1720	0.003	28.1
real_sura108_m1	CCDS91491.1|Hs110|chr11	100.000	6	0	0	125	108	396	413	0.003	24.4
real_sura108_m1	CCDS76415.1|Hs110|chr11	52.632	19	9	0	110	54	1661	1717	0.003	28.1
real_sura108_m1	CCDS76415.1|Hs110|chr11	100.000	6	0	0	125	108	393	410	0.003	24.4
real_sura108_m1	CCDS8163.1|Hs110|chr11	75.000	8	2	0	125	102	605	582	0.078	24.0
real_sura108_m1	CCDS8163.1|Hs110|chr11	38.889	18	11	0	113	60	512	459	0.078	21.7
real_sura108_m1	CCDS91767.1|Hs110|chr12	43.478	23	13	0	24	92	10130	10198	0.086	31.8
real_sura108_m2	CCDS75987.1|Hs110|chrX	45.455	22	12	0	77	12	662	597	1.1	28.1
real_sura108_m2	CCDS55421.1|Hs110|chrX	45.455	22	12	0	77	12	662	597	1.1	28.1
real_sura108_m2	CCDS14356.1|Hs110|chrX	45.455	22	12	0	77	12	662	597	1.1	28.1
real_sura108_m2	CCDS6965.1|Hs110|chr9	40.741	27	16	0	127	47	251	331	2.0	27.2
real_sura108_m2	CCDS91163.1|Hs110|chr1	29.032	31	22	0	116	24	5608	5700	3.9	26.3
real_sura108_m3	CCDS31330.1|Hs110|chr11	61.111	18	7	0	79	26	1	54	0.16	30.9
real_sura108_m3	CCDS47936.1|Hs110|chr8	44.000	25	14	0	77	3	6498	6424	0.22	30.4
real_sura108_m3	CCDS43775.1|Hs110|chr8	44.000	25	14	0	77	3	6594	6520	0.22	30.4
real_sura108_m3	CCDS43774.1|Hs110|chr8	44.000	25	14	0	77	3	6606	6532	0.22	30.4
real_sura108_m3	CCDS43773.1|Hs110|chr8	44.000	25	14	0	77	3	6594	6520	0.22	30.4
real_sura108_m4	CCDS4305.1|Hs110|chr5	50.000	20	10	0	39	98	591	650	0.045	32.7
real_sura108_m4	CCDS12700.1|Hs110|chr19	71.429	14	4	0	36	77	1635	1676	0.30	29.9
real_sura108_m4	CCDS74318.1|Hs110|chr19	50.000	20	10	0	39	98	2821	2762	0.58	29.0
real_sura108_m4	CCDS12408.1|Hs110|chr19	50.000	20	10	0	39	98	2899	2840	0.58	29.0
real_sura108_m4	CCDS1332.1|Hs110|chr1	62.500	16	6	0	127	80	1178	1225	1.0	22.1
real_sura108_m4	CCDS1332.1|Hs110|chr1	66.667	12	4	0	79	44	2882	2917	1.0	21.7
real_sura108_m5	CCDS86374.1|Hs110|chr14	41.026	39	23	0	122	6	353	237	0.006	35.7
real_sura108_m5	CCDS9592.1|Hs110|chr14	41.026	39	23	0	122	6	353	237	0.006	35.7
real_sura108_m5	CCDS43361.1|Hs110|chr5	45.714	35	19	0	110	6	385	281	0.020	33.9
real_sura108_m5	CCDS12177.1|Hs110|chr19	56.250	16	7	0	9	56	10	57	0.022	27.6
real_sura108_m5	CCDS12177.1|Hs110|chr19	44.444	18	10	0	50	103	1070	1123	0.022	22.1
real_sura108_m5	CCDS12516.1|Hs110|chr19	66.667	12	4	0	85	120	189	224	0.026	24.8
real_sura108_m5	CCDS12516.1|Hs110|chr19	62.500	16	6	0	21	68	60	107	0.026	24.1
real_sura108_m6	CCDS12916.1|Hs110|chr19	45.946	37	20	0	118	8	1385	1495	0.024	33.6
real_sura108_m6	CCDS347.1|Hs110|chr1	40.000	35	21	0	11	115	3062	2958	0.024	33.6
real_sura108_m6	CCDS2856.1|Hs110|chr3	45.000	20	11	0	82	23	105	164	0.032	24.9
real_sura108_m6	CCDS2856.1|Hs110|chr3	72.727	11	3	0	34	2	387	419	0.032	24.0
real_sura108_m6	CCDS94322.1|Hs110|chr8	38.462	39	24	0	3	119	234	118	0.22	30.4
real_sura108_m6	CCDS11188.1|Hs110|chr17	53.333	15	7	0	127	83	4526	4482	0.26	24.9
real_sura108_m6	CCDS11188.1|Hs110|chr17	100.000	8	0	0	49	26	712	689	0.26	23.1
real_sura108_m7	CCDS643.1|Hs110|chr1	66.667	12	4	0	42	77	1485	1450	1.5	27.6
real_sura108_m7	CCDS47246.1|Hs110|chr5	50.000	14	7	0	48	89	8781	8822	2.8	26.7
real_sura108_m7	CCDS31132.1|Hs110|chr10	36.364	22	14	0	63	128	999	934	3.9	26.3
real_sura108_m7	CCDS6321.1|Hs110|chr8	39.130	23	14	0	48	116	768	700	3.9	26.3
real_sura108_m7	CCDS43305.1|Hs110|chr5	50.000	18	9	0	45	98	511	564	5.3	25.8
real_sura108_m8	CCDS77854.1|Hs110|chr3	48.000	25	13	0	105	31	1358	1284	0.003	36.8
real_sura108_m8	CCDS3204.1|Hs110|chr3	48.000	25	13	0	105	31	1442	1368	0.003	36.8
real_sura108_m8	CCDS41687.1|Hs110|chr11	37.931	29	18	0	99	13	44	130	0.017	34.1
real_sura108_m8	CCDS46337.2|Hs110|chr2	45.161	31	17	0	120	28	1972	2064	0.085	31.8
real_sura108_m8	CCDS30795.1|Hs110|chr1	60.000	15	6	0	90	46	187	143	0.42	29.5
real_sura108_m9	CCDS42563.1|Hs110|chr19	34.615	26	17	0	2	79	7367	7444	0.13	26.7
real_sura108_m9	CCDS42563.1|Hs110|chr19	58.333	12	5	0	83	118	11522	11557	0.13	23.5
real_sura108_m9	CCDS33011.1|Hs110|chr19	34.615	26	17	0	2	79	7367	7444	0.13	26.7
real_sura108_m9	CCDS33011.1|Hs110|chr19	58.333	12	5	0	83	118	11537	11572	0.13	23.5
real_sura108_m9	CCDS58151.1|Hs110|chr11	43.750	32	18	0	102	7	428	333	0.22	30.8
real_sura108_m9	CCDS92516.1|Hs110|chr19	41.176	34	20	0	121	20	206	307	0.22	30.4
real_sura108_m9	CCDS12250.1|Hs110|chr19	41.176	34	20	0	121	20	206	307	0.22	30.4
real_sura108_m10	CCDS8827.1|Hs110|chr12	61.538	13	5	0	39	1	1437	1475	0.12	31.3
real_sura108_m10	CCDS64754.1|Hs110|chr7	57.143	14	6	0	42	1	1155	1114	0.16	30.9
real_sura108_m10	CCDS8835.1|Hs110|chr12	66.667	12	4	0	36	1	279	314	0.16	30.9
real_sura108_m10	CCDS8835.1|Hs110|chr12	53.846	13	6	0	39	1	1695	1733	1.1	28.1
real_sura108_m10	CCDS8835.1|Hs110|chr12	55.556	9	4	0	33	7	306	332	7.3	25.4
real_sura108_m10	CCDS5747.1|Hs110|chr7	57.143	14	6	0	42	1	1158	1117	0.16	30.9
real_sura108_m10	CCDS6980.1|Hs110|chr9	32.000	25	17	0	121	47	586	660	0.18	24.0
real_sura108_m10	CCDS6980.1|Hs110|chr9	61.538	13	5	0	67	29	643	681	0.18	22.1
real_sura108_m11	CCDS54772.1|Hs110|chr4	43.243	37	21	0	122	12	697	807	0.017	34.1
real_sura108_m11	CCDS54771.1|Hs110|chr4	43.243	37	21	0	122	12	697	807	0.017	34.1
real_sura108_m11	CCDS4742.1|Hs110|chr6	48.148	27	14	0	119	39	525	445	0.22	30.4
real_sura108_m11	CCDS4740.1|Hs110|chr6	48.148	27	14	0	119	39	543	463	0.22	30.4
real_sura108_m11	CCDS5333.1|Hs110|chr7	88.889	9	1	0	120	94	689	663	0.27	22.6
real_sura108_m11	CCDS5333.1|Hs110|chr7	46.667	15	8	0	75	31	439	395	0.27	22.1
real_sura108_m12	CCDS7231.1|Hs110|chr10	50.000	20	10	0	6	65	752	811	0.017	34.1
real_sura108_m12	CCDS91436.1|Hs110|chr11	72.727	11	3	0	6	38	56	88	0.033	33.1
real_sura108_m12	CCDS81553.1|Hs110|chr11	72.727	11	3	0	6	38	56	88	0.033	33.1
real_sura108_m12	CCDS53599.1|Hs110|chr11	72.727	11	3	0	6	38	56	88	0.033	33.1
real_sura108_m12	CCDS7797.2|Hs110|chr11	72.727	11	3	0	6	38	56	88	0.033	33.1
real_sura108_m13	CCDS10766.1|Hs110|chr16	30.000	40	28	0	1	120	13	132	0.16	30.9
real_sura108_m13	CCDS32456.1|Hs110|chr16	30.000	40	28	0	1	120	13	132	0.30	29.9
real_sura108_m13	CCDS4099.1|Hs110|chr5	36.364	33	21	0	15	113	1357	1259	0.42	29.5
real_sura108_m13	CCDS5810.1|Hs110|chr7	57.895	19	8	0	70	14	467	411	0.58	29.0
real_sura108_m13	CCDS81749.1|Hs110|chr12	66.667	12	4	0	30	65	472	507	0.60	22.6
real_sura108_m13	CCDS81749.1|Hs110|chr12	58.333	12	5	0	1	36	194	229	0.60	21.7
real_sura108_m14	CCDS53987.1|Hs110|chr16	52.941	17	8	0	96	46	146	196	0.52	29.3
real_sura108_m14	CCDS11154.1|Hs110|chr17	62.500	16	6	0	99	52	3425	3472	0.52	29.3
real_sura108_m14	CCDS10522.1|Hs110|chr16	52.941	17	8	0	96	46	146	196	0.52	29.3
real_sura108_m14	CCDS86312.1|Hs110|chr12	26.667	30	22	0	129	40	1490	1579	0.96	28.5
real_sura108_m14	CCDS14561.1|Hs110|chrX	38.889	18	11	0	93	40	934	987	0.96	28.5
real_sura108_m15	CCDS10702.1|Hs110|chr16	48.000	25	13	0	42	116	3210	3284	0.22	30.4
real_sura108_m15	CCDS73599.1|Hs110|chr13	39.394	33	20	0	3	101	413	511	0.30	29.9
real_sura108_m15	CCDS66584.1|Hs110|chr13	39.394	33	20	0	3	101	413	511	0.30	29.9
real_sura108_m15	CCDS9525.1|Hs110|chr13	39.394	33	20	0	3	101	413	511	0.30	29.9
real_sura108_m15	CCDS545.1|Hs110|chr1	60.000	15	6	0	71	27	332	376	0.32	23.1
real_sura108_m15	CCDS545.1|Hs110|chr1	58.333	12	5	0	115	80	3	38	0.32	21.7
real_sura108_m16	CCDS13860.1|Hs110|chr22	48.276	29	15	0	40	126	773	687	0.30	29.9
real_sura108_m16	CCDS81774.1|Hs110|chr13	43.750	32	18	0	97	2	3589	3684	0.30	29.9
real_sura108_m16	CCDS81773.1|Hs110|chr13	43.750	32	18	0	97	2	4288	4383	0.30	29.9
real_sura108_m16	CCDS58283.1|Hs110|chr12	39.474	38	23	0	3	116	109	222	0.30	29.9
real_sura108_m16	CCDS54210.1|Hs110|chr19	48.000	25	13	0	3	77	244	318	0.30	29.9
real_sura108_m17	CCDS32879.1|Hs110|chr19	40.541	37	22	0	3	113	481	371	7.30e-04	38.6
real_sura108_m17	CCDS81751.1|Hs110|chr12	46.154	13	7	0	45	83	781	743	0.021	25.4
real_sura108_m17	CCDS81751.1|Hs110|chr12	77.778	9	2	0	93	119	466	440	0.021	23.1
real_sura108_m17	CCDS9227.1|Hs110|chr12	46.154	13	7	0	45	83	856	818	0.022	25.4
real_sura108_m17	CCDS9227.1|Hs110|chr12	77.778	9	2	0	93	119	541	515	0.022	23.1
real_sura108_m17	CCDS41710.1|Hs110|chr11	45.833	24	13	0	18	89	3288	3217	0.033	33.1
real_sura108_m17	CCDS72977.1|Hs110|chr1	47.619	21	11	0	6	68	636	698	0.062	32.2
real_sura108_m18	CCDS74854.2|Hs110|chr22	40.476	42	25	0	4	129	707	582	7.29e-04	38.6
real_sura108_m18	CCDS13940.3|Hs110|chr22	40.476	42	25	0	4	129	707	582	7.29e-04	38.6
real_sura108_m18	CCDS10763.1|Hs110|chr16	37.500	32	20	0	1	96	13	108	0.003	36.8
real_sura108_m18	CCDS10766.1|Hs110|chr16	37.500	32	20	0	1	96	13	108	0.004	36.3
real_sura108_m18	CCDS54772.1|Hs110|chr4	34.211	38	25	0	10	123	2809	2922	0.007	35.4
real_sura108_m18	CCDS54772.1|Hs110|chr4	39.130	23	14	0	55	123	2263	2331	0.79	28.6
real_sura108_m19	CCDS8362.1|Hs110|chr11	64.706	17	6	0	1	51	467	517	3.4	26.8
real_sura108_m19	CCDS8361.1|Hs110|chr11	64.706	17	6	0	1	51	467	517	3.4	26.8
real_sura108_m19	CCDS5476.1|Hs110|chr7	71.429	14	4	0	1	42	2426	2467	4.6	26.3
real_sura108_m19	CCDS2897.1|Hs110|chr3	47.368	19	10	0	4	60	688	632	4.6	26.3
real_sura108_m19	CCDS82367.1|Hs110|chr19	64.706	17	6	0	4	54	118	68	8.3	25.5
real_sura103_m0	CCDS43248.1|Hs110|chr4	29.545	44	31	0	3	134	1363	1494	7.6	27.2
real_sura103_m1	CCDS58648.1|Hs110|chr19	61.538	13	5	0	171	133	797	835	0.003	28.6
real_sura103_m1	CCDS58648.1|Hs110|chr19	66.667	12	4	0	216	181	773	808	0.003	26.7
real_sura103_m1	CCDS58648.1|Hs110|chr19	61.538	13	5	0	171	133	782	820	7.8	27.2
real_sura103_m1	CCDS3280.1|Hs110|chr3	47.826	23	12	0	207	139	1244	1176	0.003	38.6
real_sura103_m1	CCDS3280.1|Hs110|chr3	42.857	21	12	0	201	139	1148	1086	0.092	33.6
real_sura103_m1	CCDS3280.1|Hs110|chr3	47.619	21	11	0	201	139	1208	1146	0.24	32.2
real_sura103_m1	CCDS75617.1|Hs110|chr7	61.538	13	5	0	198	160	1377	1415	0.005	32.7
real_sura103_m1	CCDS75617.1|Hs110|chr7	50.000	12	6	0	168	133	1707	1742	0.005	22.6
real_sura103_m1	CCDS64676.1|Hs110|chr7	61.538	13	5	0	198	160	1401	1439	0.005	32.7
real_sura103_m1	CCDS64676.1|Hs110|chr7	50.000	12	6	0	168	133	1731	1766	0.005	22.6
real_sura103_m1	CCDS64675.1|Hs110|chr7	61.538	13	5	0	198	160	1500	1538	0.005	32.7
real_sura103_m1	CCDS64675.1|Hs110|chr7	50.000	12	6	0	168	133	1830	1865	0.005	22.6
real_sura103_m2	CCDS12705.1|Hs110|chr19	52.941	17	8	0	166	116	53	3	0.47	24.8
real_sura103_m2	CCDS12705.1|Hs110|chr19	77.778	9	2	0	204	178	478	452	0.47	23.1
real_sura103_m2	CCDS93175.1|Hs110|chr22	46.154	26	14	0	181	104	26	103	1.7	29.3
real_sura103_m2	CCDS7771.1|Hs110|chr11	32.353	34	23	0	217	116	5432	5331	4.4	28.0
real_sura103_m2	CCDS78284.1|Hs110|chr7	40.909	22	13	0	178	113	1320	1385	4.7	22.5
real_sura103_m2	CCDS78284.1|Hs110|chr7	85.714	7	1	0	216	196	332	352	4.7	21.7
real_sura103_m2	CCDS11425.1|Hs110|chr17	62.500	16	6	0	178	131	5	52	6.0	27.5
real_sura103_m3	CCDS93940.1|Hs110|chr6	81.818	11	2	0	49	81	1227	1259	2.2	29.0
real_sura103_m3	CCDS47447.1|Hs110|chr6	81.818	11	2	0	49	81	1197	1229	2.2	29.0
real_sura103_m3	CCDS4971.1|Hs110|chr6	81.818	11	2	0	49	81	1926	1958	2.2	29.0
real_sura103_m3	CCDS12786.1|Hs110|chr19	72.727	11	3	0	49	81	61	29	3.0	28.6
real_sura103_m3	CCDS32043.1|Hs110|chr14	50.000	22	11	0	214	149	1452	1517	4.0	28.1
real_sura103_m4	CCDS90886.1|Hs110|chr1	38.462	26	16	0	214	137	2498	2421	0.12	33.1
real_sura103_m4	CCDS90886.1|Hs110|chr1	55.556	18	8	0	199	146	2501	2448	0.60	30.9
real_sura103_m4	CCDS90885.1|Hs110|chr1	38.462	26	16	0	214	137	2540	2463	0.12	33.1
real_sura103_m4	CCDS90885.1|Hs110|chr1	55.556	18	8	0	199	146	2543	2490	0.60	30.9
real_sura103_m4	CCDS90884.1|Hs110|chr1	38.462	26	16	0	214	137	2543	2466	0.12	33.1
real_sura103_m4	CCDS90884.1|Hs110|chr1	55.556	18	8	0	199	146	2546	2493	0.60	30.9
real_sura103_m4	CCDS90883.1|Hs110|chr1	38.462	26	16	0	214	137	2534	2457	0.12	33.1
real_sura103_m4	CCDS90883.1|Hs110|chr1	55.556	18	8	0	199	146	2537	2484	0.60	30.9
real_sura103_m4	CCDS255.1|Hs110|chr1	38.462	26	16	0	214	137	2501	2424	0.12	33.1
real_sura103_m4	CCDS255.1|Hs110|chr1	55.556	18	8	0	199	146	2504	2451	0.60	30.9
real_sura103_m5	CCDS61307.1|Hs110|chr13	47.826	23	12	0	74	6	419	351	0.64	25.8
real_sura103_m5	CCDS61307.1|Hs110|chr13	37.500	16	10	0	113	66	1446	1399	0.64	22.1
real_sura103_m5	CCDS45024.1|Hs110|chr13	47.826	23	12	0	74	6	464	396	0.65	25.8
real_sura103_m5	CCDS45024.1|Hs110|chr13	37.500	16	10	0	113	66	1491	1444	0.65	22.1
real_sura103_m5	CCDS91955.1|Hs110|chr14	50.000	24	12	0	19	90	177	248	1.5	29.6
real_sura103_m5	CCDS10002.2|Hs110|chr14	50.000	24	12	0	19	90	18	89	1.5	29.6
real_sura103_m5	CCDS31418.1|Hs110|chr11	52.632	19	9	0	95	39	318	262	1.5	29.5
real_sura103_m6	CCDS2677.1|Hs110|chr3	68.421	19	6	0	151	207	1577	1633	0.015	36.2
real_sura103_m6	CCDS34499.1|Hs110|chr6	53.846	26	12	0	136	213	242	319	0.038	34.9
real_sura103_m6	CCDS81929.1|Hs110|chr16	61.111	18	7	0	145	198	794	847	0.13	33.1
real_sura103_m6	CCDS45379.1|Hs110|chr16	61.111	18	7	0	145	198	791	844	0.13	33.1
real_sura103_m6	CCDS14190.1|Hs110|chrX	50.000	24	12	0	145	216	208	137	0.13	33.1
real_sura103_m7	CCDS86763.1|Hs110|chr19	41.667	24	14	0	24	95	72	1	5.5	27.6
real_sura103_m7	CCDS42562.1|Hs110|chr19	41.667	24	14	0	24	95	72	1	5.5	27.6
real_sura103_m7	CCDS31154.1|Hs110|chr10	61.538	13	5	0	3	41	1862	1900	7.6	27.2
real_sura103_m7	CCDS1020.1|Hs110|chr1	35.714	28	18	0	3	86	35	118	7.6	27.2
real_sura103_m8	CCDS31999.2|Hs110|chr13	42.857	21	12	0	66	4	852	914	5.7	27.6
real_sura103_m8	CCDS35006.1|Hs110|chr9	57.143	14	6	0	48	7	571	612	7.8	27.2
real_sura103_m9	CCDS46666.1|Hs110|chr22	56.250	16	7	0	200	153	361	408	0.60	30.9
real_sura103_m9	CCDS13779.2|Hs110|chr22	56.250	16	7	0	200	153	361	408	0.60	30.9
real_sura103_m9	CCDS64739.1|Hs110|chr7	62.500	16	6	0	166	213	608	655	2.6	28.7
real_sura103_m9	CCDS2425.1|Hs110|chr2	40.000	25	15	0	142	216	780	854	3.6	28.3
real_sura103_m9	CCDS58774.1|Hs110|chr20	39.130	23	14	0	142	210	1404	1472	4.8	27.8
real_sura103_m10	CCDS30678.1|Hs110|chr1	60.000	20	8	0	205	146	429	488	2.9	28.6
real_sura103_m11	CCDS12719.1|Hs110|chr19	52.174	23	11	0	70	2	1347	1415	0.047	34.5
real_sura103_m11	CCDS45954.2|Hs110|chr19	57.143	21	9	0	149	211	239	301	0.11	33.2
real_sura103_m11	CCDS45954.2|Hs110|chr19	57.143	21	9	0	149	211	275	337	0.11	33.2
real_sura103_m11	CCDS45954.2|Hs110|chr19	52.381	21	10	0	149	211	203	265	1.9	29.2
real_sura103_m11	CCDS32838.1|Hs110|chr18	61.111	18	7	0	199	146	772	825	0.32	31.8
real_sura103_m11	CCDS32838.1|Hs110|chr18	61.111	18	7	0	147	200	824	771	2.9	28.6
real_sura103_m11	CCDS4540.1|Hs110|chr6	52.941	17	8	0	190	140	643	593	0.36	25.8
real_sura103_m11	CCDS4540.1|Hs110|chr6	58.333	12	5	0	86	51	278	243	0.36	22.2
real_sura103_m11	CCDS34708.1|Hs110|chr7	52.174	23	11	0	128	196	797	729	0.55	31.0
real_sura103_m12	CCDS1165.1|Hs110|chr1	47.619	21	11	0	102	164	2499	2561	0.23	32.2
real_sura103_m12	CCDS72720.1|Hs110|chr1	40.741	27	16	0	137	217	496	576	0.33	31.7
real_sura103_m12	CCDS41278.1|Hs110|chr1	40.741	27	16	0	137	217	499	579	0.33	31.7
real_sura103_m12	CCDS34139.1|Hs110|chr5	38.462	26	16	0	136	213	85	162	0.34	27.9
real_sura103_m12	CCDS34139.1|Hs110|chr5	53.846	13	6	0	120	158	69	107	0.34	21.7
real_sura103_m12	CCDS33036.1|Hs110|chr19	55.556	18	8	0	158	211	330	383	0.84	30.4
real_sura103_m13	CCDS77321.1|Hs110|chr19	58.824	17	7	0	168	218	47	97	8.0	27.1
real_sura103_m14	CCDS32397.3|Hs110|chr16	40.741	27	16	0	165	85	1797	1717	1.2	29.9
real_sura103_m14	CCDS65298.1|Hs110|chrX	50.000	24	12	0	177	106	511	582	1.6	29.5
real_sura103_m14	CCDS14475.1|Hs110|chrX	50.000	24	12	0	177	106	622	693	1.6	29.5
real_sura103_m14	CCDS14474.1|Hs110|chrX	50.000	24	12	0	177	106	622	693	1.6	29.5
real_sura103_m14	CCDS91998.1|Hs110|chr15	39.130	23	14	0	90	22	5848	5916	2.2	29.0
real_sura103_m15	CCDS46075.1|Hs110|chr19	41.176	34	20	0	117	218	874	773	0.020	31.3
real_sura103_m15	CCDS46075.1|Hs110|chr19	70.000	10	3	0	105	134	1342	1313	0.020	21.7
real_sura103_m15	CCDS12544.1|Hs110|chr19	41.176	34	20	0	117	218	874	773	0.020	31.3
real_sura103_m15	CCDS12544.1|Hs110|chr19	70.000	10	3	0	105	134	1378	1349	0.020	21.7
real_sura103_m15	CCDS12543.1|Hs110|chr19	41.176	34	20	0	117	218	874	773	0.021	31.3
real_sura103_m15	CCDS12543.1|Hs110|chr19	70.000	10	3	0	105	134	1462	1433	0.021	21.7
real_sura103_m15	CCDS10962.1|Hs110|chr16	31.111	45	31	0	24	158	1627	1493	0.082	25.8
real_sura103_m15	CCDS10962.1|Hs110|chr16	36.842	19	12	0	161	217	1159	1103	0.082	25.4
real_sura103_m15	CCDS13335.1|Hs110|chr20	37.500	32	20	0	15	110	588	683	0.089	33.6
real_sura103_m16	CCDS43970.1|Hs110|chrX	32.143	56	38	0	171	4	6353	6186	1.36e-06	49.6
real_sura103_m16	CCDS43970.1|Hs110|chrX	29.412	68	48	0	207	4	6362	6159	1.87e-06	49.2
real_sura103_m16	CCDS43970.1|Hs110|chrX	29.412	68	48	0	207	4	6359	6156	2.57e-06	48.7
real_sura103_m16	CCDS43970.1|Hs110|chrX	32.727	55	37	0	207	43	6293	6129	2.57e-06	48.7
real_sura103_m16	CCDS43970.1|Hs110|chrX	29.851	67	47	0	207	7	6332	6132	1.60e-04	42.8
real_sura103_m16	CCDS43970.1|Hs110|chrX	31.250	48	33	0	207	64	6308	6165	0.002	39.1
real_sura103_m16	CCDS43970.1|Hs110|chrX	35.294	34	22	0	165	64	6344	6243	0.003	37.3
real_sura103_m16	CCDS43970.1|Hs110|chrX	33.333	24	16	0	75	4	6251	6180	0.003	21.7
real_sura103_m16	CCDS43970.1|Hs110|chrX	26.984	63	46	0	207	19	6341	6153	0.004	38.2
real_sura103_m16	CCDS43970.1|Hs110|chrX	26.154	65	48	0	213	19	6350	6156	0.007	37.3
real_sura103_m16	CCDS43970.1|Hs110|chrX	28.571	56	40	0	171	4	6356	6189	0.010	36.8
real_sura103_m16	CCDS43970.1|Hs110|chrX	26.984	63	46	0	207	19	6338	6150	0.014	36.3
real_sura103_m16	CCDS43970.1|Hs110|chrX	33.333	30	20	0	207	118	6368	6279	0.056	29.9
real_sura103_m16	CCDS43970.1|Hs110|chrX	34.783	23	15	0	132	64	6227	6159	0.056	24.4
real_sura103_m16	CCDS43970.1|Hs110|chrX	30.952	42	29	0	156	31	6368	6243	0.067	34.1
real_sura103_m16	CCDS43970.1|Hs110|chrX	28.846	52	37	0	207	52	6296	6141	0.067	34.1
real_sura103_m16	CCDS43970.1|Hs110|chrX	28.947	38	27	0	201	88	6368	6255	0.10	31.8
real_sura103_m16	CCDS43970.1|Hs110|chrX	33.333	24	16	0	75	4	6224	6153	0.10	21.7
real_sura103_m16	CCDS43970.1|Hs110|chrX	29.167	48	34	0	207	64	6329	6186	0.13	33.1
real_sura103_m16	CCDS43970.1|Hs110|chrX	29.730	37	26	0	210	100	6260	6150	0.13	33.1
real_sura103_m16	CCDS43970.1|Hs110|chrX	32.353	34	23	0	165	64	6368	6267	0.14	31.3
real_sura103_m16	CCDS43970.1|Hs110|chrX	33.333	24	16	0	75	4	6221	6150	0.14	21.7
real_sura103_m16	CCDS43970.1|Hs110|chrX	27.083	48	35	0	207	64	6311	6168	0.24	32.2
real_sura103_m16	CCDS43970.1|Hs110|chrX	24.590	61	46	0	201	19	6344	6162	0.33	31.8
real_sura103_m16	CCDS43970.1|Hs110|chrX	28.947	38	27	0	207	94	6242	6129	0.33	31.8
real_sura103_m16	CCDS43970.1|Hs110|chrX	29.167	48	34	0	207	64	6323	6180	0.45	31.3
real_sura103_m16	CCDS43970.1|Hs110|chrX	28.261	46	33	0	207	70	6290	6153	0.45	31.3
real_sura103_m16	CCDS43970.1|Hs110|chrX	33.333	30	20	0	207	118	6335	6246	0.80	28.6
real_sura103_m16	CCDS43970.1|Hs110|chrX	35.000	20	13	0	123	64	6221	6162	0.80	21.7
real_sura103_m16	CCDS43970.1|Hs110|chrX	32.353	34	23	0	171	70	6368	6267	0.85	30.4
real_sura103_m16	CCDS43970.1|Hs110|chrX	27.083	48	35	0	207	64	6320	6177	0.85	30.4
real_sura103_m16	CCDS43970.1|Hs110|chrX	27.083	48	35	0	207	64	6299	6156	0.85	30.4
real_sura103_m16	CCDS43970.1|Hs110|chrX	28.261	46	33	0	207	70	6287	6150	0.85	30.4
real_sura103_m16	CCDS43970.1|Hs110|chrX	32.143	28	19	0	171	88	6362	6279	1.6	29.5
real_sura103_m16	CCDS43970.1|Hs110|chrX	27.083	48	35	0	207	64	6326	6183	1.6	29.5
real_sura103_m16	CCDS43970.1|Hs110|chrX	27.500	40	29	0	207	88	6278	6159	1.6	29.5
real_sura103_m16	CCDS43970.1|Hs110|chrX	29.412	34	24	0	201	100	6254	6153	1.6	29.5
real_sura103_m16	CCDS43970.1|Hs110|chrX	27.500	40	29	0	207	88	6284	6165	2.2	29.0
real_sura103_m16	CCDS43970.1|Hs110|chrX	29.412	34	24	0	201	100	6257	6156	2.2	29.0
real_sura103_m16	CCDS43970.1|Hs110|chrX	34.615	26	17	0	141	64	6362	6285	3.0	28.6
real_sura103_m16	CCDS43970.1|Hs110|chrX	32.258	31	21	0	156	64	6362	6270	4.1	28.1
real_sura103_m16	CCDS43970.1|Hs110|chrX	27.778	36	26	0	207	100	6353	6246	4.1	28.1
real_sura103_m16	CCDS43970.1|Hs110|chrX	29.412	34	24	0	171	70	6341	6240	4.1	28.1
real_sura103_m16	CCDS43970.1|Hs110|chrX	32.353	34	23	0	132	31	6341	6240	4.1	28.1
real_sura103_m16	CCDS43970.1|Hs110|chrX	27.083	48	35	0	207	64	6317	6174	4.1	28.1
real_sura103_m16	CCDS43970.1|Hs110|chrX	31.250	32	22	0	165	70	6365	6270	7.8	27.2
real_sura103_m16	CCDS43970.1|Hs110|chrX	29.032	31	22	0	192	100	6365	6273	7.8	27.2
real_sura103_m16	CCDS43970.1|Hs110|chrX	32.143	28	19	0	171	88	6359	6276	7.8	27.2
real_sura103_m16	CCDS43248.1|Hs110|chr4	34.375	32	21	0	213	118	2986	2891	1.63e-06	34.5
real_sura103_m16	CCDS43248.1|Hs110|chr4	37.500	24	15	0	141	70	2734	2663	1.63e-06	27.6
real_sura103_m16	CCDS43248.1|Hs110|chr4	33.333	24	16	0	75	4	2512	2441	1.63e-06	24.4
real_sura103_m16	CCDS43248.1|Hs110|chr4	35.000	20	13	0	213	154	3715	3656	2.96e-04	25.4
real_sura103_m16	CCDS43248.1|Hs110|chr4	32.000	25	17	0	138	64	2950	2876	2.96e-04	23.5
real_sura103_m16	CCDS43248.1|Hs110|chr4	43.750	16	9	0	165	118	3313	3266	2.96e-04	22.6
real_sura103_m16	CCDS43248.1|Hs110|chr4	46.154	13	7	0	42	4	2887	2849	2.96e-04	22.6
real_sura103_m16	CCDS43248.1|Hs110|chr4	27.451	51	37	0	165	13	2227	2075	5.19e-04	34.5
real_sura103_m16	CCDS43248.1|Hs110|chr4	35.000	20	13	0	213	154	3427	3368	5.19e-04	26.3
real_sura103_m16	CCDS43248.1|Hs110|chr4	26.000	50	37	0	213	64	3238	3089	0.002	34.1
real_sura103_m16	CCDS43248.1|Hs110|chr4	33.333	24	16	0	75	4	2938	2867	0.002	24.4
real_sura103_m16	CCDS43248.1|Hs110|chr4	30.000	50	35	0	213	64	2485	2336	0.005	37.7
real_sura103_m16	CCDS43248.1|Hs110|chr4	27.778	54	39	0	165	4	2056	1895	0.006	30.9
real_sura103_m16	CCDS43248.1|Hs110|chr4	38.889	18	11	0	207	154	3223	3170	0.006	26.3
real_sura103_m16	CCDS43248.1|Hs110|chr4	26.087	46	34	0	201	64	3487	3350	0.014	33.1
real_sura103_m16	CCDS43248.1|Hs110|chr4	46.154	13	7	0	42	4	3082	3044	0.014	22.6
real_sura103_m16	CCDS43248.1|Hs110|chr4	36.667	30	19	0	207	118	2530	2441	0.014	31.8
real_sura103_m16	CCDS43248.1|Hs110|chr4	35.000	20	13	0	123	64	2413	2354	0.014	24.0
real_sura103_m16	CCDS43248.1|Hs110|chr4	28.000	50	36	0	213	64	3157	3008	0.026	32.2
real_sura103_m16	CCDS43248.1|Hs110|chr4	46.154	13	7	0	42	4	2815	2777	0.026	22.6
real_sura103_m16	CCDS43248.1|Hs110|chr4	35.714	28	18	0	201	118	2761	2678	0.035	31.3
real_sura103_m16	CCDS43248.1|Hs110|chr4	35.000	20	13	0	123	64	2668	2609	0.035	23.1
real_sura103_m16	CCDS43248.1|Hs110|chr4	27.083	48	35	0	213	70	2260	2117	0.049	34.5
real_sura103_m16	CCDS43248.1|Hs110|chr4	27.451	51	37	0	156	4	2317	2165	0.064	29.0
real_sura103_m16	CCDS43248.1|Hs110|chr4	30.000	20	14	0	213	154	3751	3692	0.064	24.4
real_sura103_m16	CCDS43248.1|Hs110|chr4	28.070	57	41	0	201	31	3196	3026	0.24	32.2
real_sura103_m16	CCDS43248.1|Hs110|chr4	32.353	34	23	0	165	64	2989	2888	0.38	26.3
real_sura103_m16	CCDS43248.1|Hs110|chr4	26.087	46	34	0	156	19	1993	1856	0.38	26.3
real_sura103_m16	CCDS43248.1|Hs110|chr4	30.000	20	14	0	213	154	3688	3629	0.38	24.4
real_sura103_m16	CCDS43248.1|Hs110|chr4	30.000	20	14	0	213	154	3463	3404	0.38	24.4
real_sura103_m16	CCDS43248.1|Hs110|chr4	28.000	50	36	0	213	64	3355	3206	0.45	31.3
real_sura103_m16	CCDS43248.1|Hs110|chr4	26.230	61	45	0	207	25	2935	2753	0.45	31.3
real_sura103_m16	CCDS43248.1|Hs110|chr4	25.490	51	38	0	156	4	3232	3080	0.69	25.4
real_sura103_m16	CCDS43248.1|Hs110|chr4	27.778	36	26	0	171	64	2920	2813	0.69	25.4
real_sura103_m16	CCDS43248.1|Hs110|chr4	38.889	18	11	0	207	154	3673	3620	0.69	24.4
real_sura103_m16	CCDS43248.1|Hs110|chr4	30.000	20	14	0	213	154	3031	2972	0.69	24.4
real_sura103_m16	CCDS43248.1|Hs110|chr4	22.951	61	47	0	213	31	2836	2654	1.2	29.9
real_sura103_m16	CCDS43248.1|Hs110|chr4	26.087	46	34	0	201	64	2320	2183	1.2	29.9
real_sura103_m16	CCDS43248.1|Hs110|chr4	35.294	34	22	0	201	100	1957	1856	1.2	29.9
real_sura103_m16	CCDS43248.1|Hs110|chr4	33.333	36	24	0	207	100	2617	2510	1.6	29.5
real_sura103_m16	CCDS43248.1|Hs110|chr4	24.242	66	50	0	201	4	2479	2282	1.6	29.5
real_sura103_m16	CCDS43248.1|Hs110|chr4	26.667	45	33	0	165	31	3439	3305	1.7	24.9
real_sura103_m16	CCDS43248.1|Hs110|chr4	31.034	29	20	0	156	70	2494	2408	1.7	24.9
real_sura103_m16	CCDS43248.1|Hs110|chr4	30.000	20	14	0	213	154	3481	3422	1.7	23.5
real_sura103_m16	CCDS43248.1|Hs110|chr4	35.000	20	13	0	213	154	2854	2795	1.7	23.5
real_sura103_m16	CCDS43248.1|Hs110|chr4	40.000	20	12	0	159	100	2266	2207	2.2	24.4
real_sura103_m16	CCDS43248.1|Hs110|chr4	28.571	28	20	0	171	88	2104	2021	2.2	24.4
real_sura103_m16	CCDS43248.1|Hs110|chr4	33.333	18	12	0	207	154	3781	3728	2.2	23.5
real_sura103_m16	CCDS43248.1|Hs110|chr4	38.889	18	11	0	207	154	3637	3584	2.2	23.5
real_sura103_m16	CCDS43248.1|Hs110|chr4	22.951	61	47	0	213	31	2995	2813	3.0	28.6
real_sura103_m16	CCDS43248.1|Hs110|chr4	35.714	28	18	0	201	118	3394	3311	4.0	24.9
real_sura103_m16	CCDS43248.1|Hs110|chr4	35.000	20	13	0	123	64	3166	3107	4.0	22.1
real_sura103_m16	CCDS43248.1|Hs110|chr4	29.412	34	24	0	201	100	2965	2864	4.1	28.1
real_sura103_m16	CCDS43248.1|Hs110|chr4	33.333	18	12	0	207	154	3268	3215	5.3	23.5
real_sura103_m16	CCDS43248.1|Hs110|chr4	29.167	24	17	0	171	100	2941	2870	5.3	23.1
real_sura103_m16	CCDS43248.1|Hs110|chr4	34.375	32	21	0	213	118	2176	2081	5.7	27.6
real_sura103_m16	CCDS43248.1|Hs110|chr4	35.000	20	13	0	213	154	3697	3638	7.1	23.1
real_sura103_m16	CCDS43248.1|Hs110|chr4	36.364	22	14	0	165	100	2344	2279	7.1	23.1
real_sura103_m16	CCDS43248.1|Hs110|chr4	27.083	48	35	0	207	64	3133	2990	7.8	27.2
real_sura103_m16	CCDS43248.1|Hs110|chr4	33.333	30	20	0	207	118	1942	1853	7.8	27.2
real_sura103_m16	CCDS43248.1|Hs110|chr4	33.333	18	12	0	207	154	3385	3332	9.5	23.1
real_sura103_m16	CCDS43248.1|Hs110|chr4	46.667	15	8	0	165	121	1585	1541	9.5	22.6
real_sura103_m16	CCDS59048.1|Hs110|chr7	38.095	21	13	0	123	61	590	528	1.48e-05	28.6
real_sura103_m16	CCDS59048.1|Hs110|chr7	27.778	36	26	0	207	100	860	753	1.48e-05	27.6
real_sura103_m16	CCDS59048.1|Hs110|chr7	36.842	19	12	0	75	19	521	465	1.48e-05	24.0
real_sura103_m16	CCDS59048.1|Hs110|chr7	28.261	46	33	0	207	70	824	687	2.23e-05	34.1
real_sura103_m16	CCDS59048.1|Hs110|chr7	36.667	30	19	0	93	4	599	510	2.23e-05	29.5
real_sura103_m16	CCDS59048.1|Hs110|chr7	31.111	45	31	0	207	73	671	537	5.56e-05	35.4
real_sura103_m16	CCDS59048.1|Hs110|chr7	32.258	31	21	0	96	4	392	300	5.56e-05	26.7
real_sura103_m16	CCDS59048.1|Hs110|chr7	26.984	63	46	0	207	19	707	519	3.02e-04	41.8
real_sura103_m16	CCDS59048.1|Hs110|chr7	29.412	51	36	0	156	4	842	690	0.010	36.8
real_sura103_m16	CCDS59048.1|Hs110|chr7	30.303	33	23	0	102	4	665	567	0.013	29.9
real_sura103_m16	CCDS59048.1|Hs110|chr7	27.778	36	26	0	207	100	896	789	0.013	24.0
real_sura103_m16	CCDS59048.1|Hs110|chr7	26.786	56	41	0	171	4	917	750	0.014	36.3
real_sura103_m16	CCDS59048.1|Hs110|chr7	36.111	36	23	0	132	25	872	765	0.014	36.3
real_sura103_m16	CCDS59048.1|Hs110|chr7	28.571	49	35	0	207	61	620	474	0.026	35.4
real_sura103_m16	CCDS59048.1|Hs110|chr7	29.787	47	33	0	201	61	923	783	0.067	34.1
real_sura103_m16	CCDS59048.1|Hs110|chr7	29.787	47	33	0	165	25	680	540	0.067	34.1
real_sura103_m16	CCDS59048.1|Hs110|chr7	27.451	51	37	0	156	4	824	672	0.13	33.1
real_sura103_m16	CCDS59048.1|Hs110|chr7	30.233	43	30	0	192	64	674	546	0.13	33.1
real_sura103_m16	CCDS59048.1|Hs110|chr7	25.397	63	47	0	207	19	659	471	0.13	33.1
real_sura103_m16	CCDS59048.1|Hs110|chr7	26.087	46	34	0	141	4	653	516	0.13	33.1
real_sura103_m16	CCDS59048.1|Hs110|chr7	23.810	63	48	0	192	4	896	708	0.24	32.2
real_sura103_m16	CCDS59048.1|Hs110|chr7	23.438	64	49	0	207	16	752	561	0.24	32.2
real_sura103_m16	CCDS59048.1|Hs110|chr7	31.034	29	20	0	207	121	680	594	0.62	26.3
real_sura103_m16	CCDS59048.1|Hs110|chr7	30.435	23	16	0	132	64	527	459	0.62	21.7
real_sura103_m16	CCDS59048.1|Hs110|chr7	30.556	36	25	0	171	64	923	816	0.85	30.4
real_sura103_m16	CCDS59048.1|Hs110|chr7	23.810	63	48	0	207	19	782	594	0.85	30.4
real_sura103_m16	CCDS59048.1|Hs110|chr7	30.556	36	25	0	132	25	719	612	0.85	30.4
real_sura103_m16	CCDS59048.1|Hs110|chr7	27.083	48	35	0	207	64	842	699	1.2	29.9
real_sura103_m16	CCDS59048.1|Hs110|chr7	33.333	30	20	0	207	118	554	465	1.2	29.9
real_sura103_m16	CCDS59048.1|Hs110|chr7	28.571	49	35	0	207	61	776	630	2.2	29.0
real_sura103_m16	CCDS59048.1|Hs110|chr7	27.778	36	26	0	207	100	878	771	2.7	23.1
real_sura103_m16	CCDS59048.1|Hs110|chr7	28.571	28	20	0	102	19	782	699	2.7	22.6
real_sura103_m16	CCDS59048.1|Hs110|chr7	33.333	24	16	0	75	4	878	807	3.6	23.1
real_sura103_m16	CCDS59048.1|Hs110|chr7	25.490	51	38	0	201	49	1133	981	3.6	22.1
real_sura103_m16	CCDS59048.1|Hs110|chr7	30.303	33	23	0	102	4	923	825	4.1	28.1
real_sura103_m16	CCDS59048.1|Hs110|chr7	26.230	61	45	0	207	25	695	513	4.1	28.1
real_sura103_m16	CCDS59048.1|Hs110|chr7	35.714	28	18	0	123	40	911	828	7.8	27.2
real_sura103_m16	CCDS59048.1|Hs110|chr7	24.561	57	43	0	201	31	755	585	7.8	27.2
real_sura103_m16	CCDS55154.1|Hs110|chr7	30.882	68	47	0	207	4	743	540	1.73e-05	46.0
real_sura103_m16	CCDS55154.1|Hs110|chr7	26.230	61	45	0	207	25	656	474	0.001	39.6
real_sura103_m16	CCDS55154.1|Hs110|chr7	26.984	63	46	0	207	19	665	477	0.002	39.1
real_sura103_m16	CCDS55154.1|Hs110|chr7	26.984	63	46	0	207	19	692	504	0.005	37.7
real_sura103_m16	CCDS55154.1|Hs110|chr7	31.250	48	33	0	207	64	668	525	0.005	37.7
real_sura103_m16	CCDS55154.1|Hs110|chr7	29.167	48	34	0	207	64	626	483	0.010	36.8
real_sura103_m16	CCDS55154.1|Hs110|chr7	26.984	63	46	0	207	19	671	483	0.014	36.3
real_sura103_m16	CCDS55154.1|Hs110|chr7	29.167	48	34	0	207	64	659	516	0.014	36.3
real_sura103_m16	CCDS55154.1|Hs110|chr7	29.167	48	34	0	216	73	632	489	0.014	36.3
real_sura103_m16	CCDS55154.1|Hs110|chr7	29.787	47	33	0	171	31	614	474	0.014	36.3
real_sura103_m16	CCDS55154.1|Hs110|chr7	29.167	48	34	0	207	64	662	519	0.026	35.4
real_sura103_m16	CCDS55154.1|Hs110|chr7	26.786	56	41	0	207	40	617	450	0.026	35.4
real_sura103_m16	CCDS55154.1|Hs110|chr7	29.167	48	34	0	207	64	653	510	0.035	35.0
real_sura103_m16	CCDS55154.1|Hs110|chr7	32.500	40	27	0	171	52	611	492	0.035	35.0
real_sura103_m16	CCDS55154.1|Hs110|chr7	35.000	40	26	0	207	88	596	477	0.035	35.0
real_sura103_m16	CCDS55154.1|Hs110|chr7	29.167	48	34	0	207	64	674	531	0.049	34.5
real_sura103_m16	CCDS55154.1|Hs110|chr7	29.412	51	36	0	171	19	665	513	0.049	34.5
real_sura103_m16	CCDS55154.1|Hs110|chr7	30.769	39	27	0	207	91	614	498	0.049	34.5
real_sura103_m16	CCDS55154.1|Hs110|chr7	29.412	51	36	0	171	19	668	516	0.067	34.1
real_sura103_m16	CCDS55154.1|Hs110|chr7	26.786	56	41	0	171	4	677	510	0.092	33.6
real_sura103_m16	CCDS55154.1|Hs110|chr7	27.083	48	35	0	207	64	620	477	0.13	33.1
real_sura103_m16	CCDS55154.1|Hs110|chr7	26.786	56	41	0	192	25	674	507	0.17	32.7
real_sura103_m16	CCDS55154.1|Hs110|chr7	30.556	36	25	0	207	100	611	504	0.17	32.7
real_sura103_m16	CCDS55154.1|Hs110|chr7	27.451	51	37	0	156	4	674	522	0.24	32.2
real_sura103_m16	CCDS55154.1|Hs110|chr7	29.268	41	29	0	192	70	626	504	0.33	31.8
real_sura103_m16	CCDS55154.1|Hs110|chr7	26.786	56	41	0	171	4	671	504	0.45	31.3
real_sura103_m16	CCDS55154.1|Hs110|chr7	27.451	51	37	0	171	19	662	510	0.45	31.3
real_sura103_m16	CCDS55154.1|Hs110|chr7	28.947	38	27	0	201	88	626	513	0.45	31.3
real_sura103_m16	CCDS55154.1|Hs110|chr7	28.947	38	27	0	201	88	623	510	0.45	31.3
real_sura103_m16	CCDS55154.1|Hs110|chr7	30.000	40	28	0	123	4	671	552	0.62	30.9
real_sura103_m16	CCDS55154.1|Hs110|chr7	32.353	34	23	0	171	70	608	507	0.62	30.9
real_sura103_m16	CCDS55154.1|Hs110|chr7	30.000	40	28	0	141	22	620	501	0.85	30.4
real_sura103_m16	CCDS55154.1|Hs110|chr7	33.333	30	20	0	207	118	608	519	0.85	30.4
real_sura103_m16	CCDS55154.1|Hs110|chr7	33.333	30	20	0	207	118	605	516	0.85	30.4
real_sura103_m16	CCDS55154.1|Hs110|chr7	33.333	30	20	0	207	118	602	513	0.85	30.4
real_sura103_m16	CCDS55154.1|Hs110|chr7	33.333	30	20	0	207	118	599	510	0.85	30.4
real_sura103_m16	CCDS55154.1|Hs110|chr7	33.333	30	20	0	207	118	593	504	0.85	30.4
real_sura103_m16	CCDS55154.1|Hs110|chr7	31.579	38	26	0	132	19	620	507	1.2	29.9
real_sura103_m16	CCDS55154.1|Hs110|chr7	30.435	46	32	0	141	4	674	537	1.6	29.5
real_sura103_m16	CCDS55154.1|Hs110|chr7	28.205	39	28	0	204	88	632	516	2.2	29.0
real_sura103_m16	CCDS55154.1|Hs110|chr7	32.258	31	21	0	156	64	626	534	2.2	29.0
real_sura103_m16	CCDS55154.1|Hs110|chr7	30.000	40	28	0	123	4	626	507	3.0	28.6
real_sura103_m16	CCDS55154.1|Hs110|chr7	28.571	35	25	0	192	88	623	519	3.0	28.6
real_sura103_m16	CCDS55154.1|Hs110|chr7	26.087	46	34	0	201	64	674	537	4.1	28.1
real_sura103_m16	CCDS55154.1|Hs110|chr7	26.923	26	19	0	141	64	746	669	5.3	23.1
real_sura103_m16	CCDS55154.1|Hs110|chr7	33.333	24	16	0	75	4	620	549	5.3	21.7
real_sura103_m16	CCDS55154.1|Hs110|chr7	25.490	51	38	0	156	4	707	555	5.7	27.6
real_sura103_m16	CCDS55154.1|Hs110|chr7	25.000	56	42	0	171	4	692	525	7.8	27.2
real_sura103_m16	CCDS55154.1|Hs110|chr7	25.490	51	38	0	156	4	671	519	7.8	27.2
real_sura103_m16	CCDS55154.1|Hs110|chr7	25.806	31	23	0	156	64	743	651	9.4	22.1
real_sura103_m16	CCDS55154.1|Hs110|chr7	33.333	24	16	0	75	4	617	546	9.4	21.7
real_sura103_m16	CCDS44714.1|Hs110|chr11	32.143	56	38	0	171	4	1988	1821	1.73e-05	46.0
real_sura103_m16	CCDS44714.1|Hs110|chr11	30.357	56	39	0	171	4	1994	1827	3.27e-05	45.1
real_sura103_m16	CCDS44714.1|Hs110|chr11	26.471	68	50	0	207	4	1994	1791	5.70e-04	40.9
real_sura103_m16	CCDS44714.1|Hs110|chr11	27.941	68	49	0	207	4	1973	1770	7.83e-04	40.5
real_sura103_m16	CCDS44714.1|Hs110|chr11	28.571	56	40	0	171	4	1991	1824	0.001	39.6
real_sura103_m16	CCDS44714.1|Hs110|chr11	26.471	68	50	0	207	4	1979	1776	0.005	37.7
real_sura103_m16	CCDS44714.1|Hs110|chr11	26.984	63	46	0	207	19	1964	1776	0.010	36.8
real_sura103_m16	CCDS44714.1|Hs110|chr11	31.250	48	33	0	207	64	1934	1791	0.019	35.9
real_sura103_m16	CCDS44714.1|Hs110|chr11	31.250	48	33	0	207	64	1928	1785	0.026	35.4
real_sura103_m16	CCDS44714.1|Hs110|chr11	25.000	72	54	0	219	4	2000	1785	0.035	35.0
real_sura103_m16	CCDS44714.1|Hs110|chr11	27.907	43	31	0	132	4	1988	1860	0.043	31.3
real_sura103_m16	CCDS44714.1|Hs110|chr11	46.154	13	7	0	165	127	2306	2268	0.043	22.6
real_sura103_m16	CCDS44714.1|Hs110|chr11	29.268	41	29	0	210	88	1901	1779	0.067	34.1
real_sura103_m16	CCDS44714.1|Hs110|chr11	34.615	26	17	0	141	64	1856	1779	0.10	26.7
real_sura103_m16	CCDS44714.1|Hs110|chr11	33.333	30	20	0	207	118	1970	1881	0.10	25.8
real_sura103_m16	CCDS44714.1|Hs110|chr11	26.471	68	50	0	207	4	1967	1764	0.17	32.7
real_sura103_m16	CCDS44714.1|Hs110|chr11	31.250	48	33	0	207	64	1925	1782	0.17	32.7
real_sura103_m16	CCDS44714.1|Hs110|chr11	34.615	26	17	0	141	64	1850	1773	0.19	26.7
real_sura103_m16	CCDS44714.1|Hs110|chr11	32.000	25	17	0	192	118	1991	1917	0.19	24.9
real_sura103_m16	CCDS44714.1|Hs110|chr11	29.545	44	31	0	201	70	1898	1767	0.24	32.2
real_sura103_m16	CCDS44714.1|Hs110|chr11	25.926	54	40	0	165	4	1994	1833	0.33	31.8
real_sura103_m16	CCDS44714.1|Hs110|chr11	26.984	63	46	0	207	19	1961	1773	0.33	31.8
real_sura103_m16	CCDS44714.1|Hs110|chr11	34.375	32	21	0	207	112	1853	1758	0.45	31.3
real_sura103_m16	CCDS44714.1|Hs110|chr11	28.889	45	32	0	207	73	1841	1707	0.45	31.3
real_sura103_m16	CCDS44714.1|Hs110|chr11	32.258	31	21	0	210	118	1865	1773	0.62	30.9
real_sura103_m16	CCDS44714.1|Hs110|chr11	29.412	34	24	0	126	25	1865	1764	0.83	25.4
real_sura103_m16	CCDS44714.1|Hs110|chr11	38.889	18	11	0	171	118	1985	1932	0.83	24.0
real_sura103_m16	CCDS44714.1|Hs110|chr11	33.333	30	20	0	207	118	1859	1770	0.85	30.4
real_sura103_m16	CCDS44714.1|Hs110|chr11	28.947	38	27	0	192	79	1856	1743	0.85	30.4
real_sura103_m16	CCDS44714.1|Hs110|chr11	33.333	30	20	0	207	118	1856	1767	0.85	30.4
real_sura103_m16	CCDS44714.1|Hs110|chr11	27.083	48	35	0	207	64	1937	1794	1.2	29.9
real_sura103_m16	CCDS44714.1|Hs110|chr11	33.333	33	22	0	162	64	1865	1767	1.2	29.9
real_sura103_m16	CCDS44714.1|Hs110|chr11	34.783	23	15	0	132	64	1856	1788	1.5	24.4
real_sura103_m16	CCDS44714.1|Hs110|chr11	38.889	18	11	0	171	118	1982	1929	1.5	24.0
real_sura103_m16	CCDS44714.1|Hs110|chr11	32.432	37	25	0	141	31	1994	1884	1.6	29.5
real_sura103_m16	CCDS44714.1|Hs110|chr11	30.556	36	25	0	132	25	1991	1884	1.6	29.5
real_sura103_m16	CCDS44714.1|Hs110|chr11	30.000	40	28	0	207	88	1889	1770	1.6	29.5
real_sura103_m16	CCDS44714.1|Hs110|chr11	30.000	40	28	0	207	88	1892	1773	2.2	29.0
real_sura103_m16	CCDS44714.1|Hs110|chr11	32.258	31	21	0	156	64	1862	1770	2.2	29.0
real_sura103_m16	CCDS44714.1|Hs110|chr11	32.258	31	21	0	156	64	1856	1764	2.2	29.0
real_sura103_m16	CCDS44714.1|Hs110|chr11	28.571	35	25	0	192	88	1994	1890	2.7	25.8
real_sura103_m16	CCDS44714.1|Hs110|chr11	33.333	24	16	0	75	4	1859	1788	2.7	21.7
real_sura103_m16	CCDS44714.1|Hs110|chr11	27.500	40	29	0	207	88	1895	1776	3.0	28.6
real_sura103_m16	CCDS44714.1|Hs110|chr11	32.143	28	19	0	171	88	1979	1896	3.6	25.4
real_sura103_m16	CCDS44714.1|Hs110|chr11	38.889	18	11	0	171	118	1976	1923	3.6	24.0
real_sura103_m16	CCDS44714.1|Hs110|chr11	30.000	40	28	0	123	4	1892	1773	3.6	23.1
real_sura103_m16	CCDS44714.1|Hs110|chr11	33.333	24	16	0	75	4	1853	1782	3.6	21.7
real_sura103_m16	CCDS44714.1|Hs110|chr11	30.303	33	23	0	198	100	1865	1767	4.1	28.1
real_sura103_m16	CCDS44714.1|Hs110|chr11	31.250	32	22	0	165	70	1859	1764	4.1	28.1
real_sura103_m16	CCDS44714.1|Hs110|chr11	32.143	28	19	0	201	118	1862	1779	5.7	27.6
real_sura103_m16	CCDS44714.1|Hs110|chr11	32.143	28	19	0	201	118	1859	1776	5.7	27.6
real_sura103_m16	CCDS44714.1|Hs110|chr11	32.143	28	19	0	171	88	1850	1767	5.7	27.6
real_sura103_m16	CCDS44714.1|Hs110|chr11	32.143	28	19	0	171	88	1847	1764	5.7	27.6
real_sura103_m16	CCDS44714.1|Hs110|chr11	34.783	23	15	0	132	64	1994	1926	6.5	24.4
real_sura103_m16	CCDS44714.1|Hs110|chr11	26.471	34	25	0	165	64	1991	1890	6.5	24.4
real_sura103_m16	CCDS44714.1|Hs110|chr11	33.333	24	16	0	75	4	1850	1779	6.5	21.7
real_sura103_m16	CCDS44714.1|Hs110|chr11	33.333	24	16	0	75	4	1838	1767	6.5	21.7
real_sura103_m16	CCDS44714.1|Hs110|chr11	33.333	30	20	0	153	64	1865	1776	7.8	27.2
real_sura103_m16	CCDS44714.1|Hs110|chr11	29.032	31	22	0	192	100	1862	1770	7.8	27.2
real_sura103_m17	CCDS54472.1|Hs110|chr20	42.857	28	16	0	135	218	4221	4138	0.12	33.1
real_sura103_m17	CCDS13407.1|Hs110|chr20	42.857	28	16	0	135	218	4248	4165	0.12	33.1
real_sura103_m17	CCDS13406.1|Hs110|chr20	42.857	28	16	0	135	218	4236	4153	0.12	33.1
real_sura103_m17	CCDS53539.1|Hs110|chr10	32.558	43	29	0	6	134	315	187	0.17	32.7
real_sura103_m17	CCDS92299.1|Hs110|chr17	42.857	21	12	0	139	201	728	666	0.24	32.2
real_sura103_m18	CCDS58508.1|Hs110|chr17	55.000	40	18	0	205	86	310	191	2.57e-04	42.0
real_sura103_m18	CCDS42246.1|Hs110|chr17	55.000	40	18	0	205	86	310	191	2.57e-04	42.0
real_sura103_m18	CCDS42245.1|Hs110|chr17	55.000	40	18	0	205	86	310	191	2.57e-04	42.0
real_sura103_m18	CCDS42244.1|Hs110|chr17	55.000	40	18	0	205	86	310	191	2.57e-04	42.0
real_sura103_m18	CCDS32537.1|Hs110|chr17	55.000	40	18	0	205	86	310	191	2.57e-04	42.0
real_sura103_m19	CCDS9313.1|Hs110|chr13	32.609	46	31	0	158	21	1474	1611	0.43	31.3
real_sura103_m19	CCDS59435.1|Hs110|chr2	45.000	20	11	0	139	198	34323	34264	0.85	30.4
real_sura103_m19	CCDS91972.1|Hs110|chr15	50.000	22	11	0	77	12	1258	1323	2.1	29.0
real_sura103_m19	CCDS10026.1|Hs110|chr15	50.000	22	11	0	77	12	1237	1302	2.1	29.0
real_sura103_m19	CCDS91813.1|Hs110|chr13	47.826	23	12	0	139	207	189	257	2.2	29.0
real_sura110_m0	CCDS91442.1|Hs110|chr11	62.500	24	9	0	34	105	5502	5431	0.76	30.9
real_sura110_m0	CCDS194.1|Hs110|chr1	33.333	45	30	0	186	52	289	155	0.80	30.7
real_sura110_m0	CCDS50.1|Hs110|chr1	34.211	38	25	0	201	88	248	361	0.80	30.7
real_sura110_m0	CCDS11224.2|Hs110|chr17	50.000	26	13	0	49	126	265	188	2.0	29.5
real_sura110_m0	CCDS90976.1|Hs110|chr1	22.222	63	49	0	192	4	787	975	2.0	29.4
real_sura110_m1	CCDS13971.1|Hs110|chr22	46.154	26	14	0	222	145	1016	1093	0.082	34.1
real_sura110_m1	CCDS44141.1|Hs110|chr1	30.952	42	29	0	9	134	658	783	0.45	31.5
real_sura110_m1	CCDS91696.1|Hs110|chr12	39.286	28	17	0	234	151	979	896	0.76	30.9
real_sura110_m1	CCDS76561.1|Hs110|chr12	39.286	28	17	0	234	151	997	914	0.76	30.9
real_sura110_m1	CCDS46766.2|Hs110|chr3	61.111	18	7	0	237	184	528	581	0.76	30.9
real_sura110_m2	CCDS6021.2|Hs110|chr8	42.857	28	16	0	84	1	1486	1403	0.003	30.7
real_sura110_m2	CCDS6021.2|Hs110|chr8	41.379	29	17	0	153	67	2134	2048	0.003	27.1
real_sura110_m2	CCDS30616.1|Hs110|chr1	40.476	42	25	0	153	28	1821	1946	0.006	31.2
real_sura110_m2	CCDS30616.1|Hs110|chr1	38.235	34	21	0	240	139	1414	1515	0.006	27.1
real_sura110_m2	CCDS30616.1|Hs110|chr1	37.931	29	18	0	201	115	4852	4766	2.7	25.7
real_sura110_m2	CCDS30616.1|Hs110|chr1	50.000	16	8	0	49	2	4384	4337	2.7	23.1
real_sura110_m2	CCDS30616.1|Hs110|chr1	35.000	40	26	0	234	115	972	1091	5.5	28.0
real_sura110_m2	CCDS54945.1|Hs110|chr5	37.255	51	32	0	201	49	3040	2888	0.007	37.6
real_sura110_m2	CCDS30608.1|Hs110|chr1	45.455	44	24	0	150	19	577	446	0.007	37.6
real_sura110_m2	CCDS9942.1|Hs110|chr14	38.889	36	22	0	189	82	14	121	0.007	37.6
real_sura110_m3	CCDS93485.1|Hs110|chr4	42.308	26	15	0	131	54	4049	4126	1.4	29.9
real_sura110_m3	CCDS53635.1|Hs110|chr11	52.174	23	11	0	191	123	76	8	1.4	29.9
real_sura110_m3	CCDS53621.1|Hs110|chr11	50.000	16	8	0	194	147	290	337	2.6	29.0
real_sura110_m3	CCDS48044.1|Hs110|chr9	34.483	29	19	0	236	150	2921	3007	2.6	29.0
real_sura110_m3	CCDS5046.1|Hs110|chr6	34.615	26	17	0	30	107	6412	6489	2.6	29.0
real_sura110_m4	CCDS86338.1|Hs110|chr12	39.130	46	28	0	144	7	2201	2064	0.032	35.4
real_sura110_m4	CCDS12085.1|Hs110|chr19	44.444	27	15	0	7	87	1577	1657	0.043	35.0
real_sura110_m4	CCDS45675.1|Hs110|chr17	38.000	50	31	0	150	1	216	67	0.29	32.2
real_sura110_m4	CCDS45675.1|Hs110|chr17	41.304	46	27	0	150	13	426	289	2.0	29.5
real_sura110_m4	CCDS30870.1|Hs110|chr1	37.931	29	18	0	150	64	373	459	0.29	32.2
real_sura110_m4	CCDS30870.1|Hs110|chr1	31.250	48	33	0	150	7	142	285	2.0	29.5
real_sura110_m4	CCDS30870.1|Hs110|chr1	34.483	29	19	0	150	64	328	414	3.7	28.6
real_sura110_m4	CCDS30870.1|Hs110|chr1	28.261	46	33	0	144	7	235	372	7.0	27.6
real_sura110_m4	CCDS43248.1|Hs110|chr4	29.630	27	19	0	10	90	3442	3362	0.39	27.6
real_sura110_m4	CCDS43248.1|Hs110|chr4	80.000	10	2	0	207	236	337	308	0.39	23.5
real_sura110_m5	CCDS75800.1|Hs110|chr8	50.000	32	16	0	151	56	3766	3861	0.28	32.2
real_sura110_m5	CCDS69111.1|Hs110|chr6	48.276	29	15	0	92	6	647	561	0.28	32.2
real_sura110_m5	CCDS4861.1|Hs110|chr6	48.276	29	15	0	92	6	647	561	0.28	32.2
real_sura110_m5	CCDS58146.1|Hs110|chr11	42.308	26	15	0	13	90	1412	1335	0.39	28.1
real_sura110_m5	CCDS58146.1|Hs110|chr11	50.000	14	7	0	184	225	617	576	0.39	22.6
real_sura110_m5	CCDS3819.1|Hs110|chr4	41.935	31	18	0	25	117	8	100	1.4	29.9
real_sura110_m6	CCDS35431.1|Hs110|chrX	66.667	18	6	0	171	224	513	460	1.2	30.1
real_sura110_m6	CCDS54420.1|Hs110|chr2	46.154	26	14	0	40	117	887	964	1.4	29.9
real_sura110_m6	CCDS2258.1|Hs110|chr2	46.154	26	14	0	40	117	908	985	1.4	29.9
real_sura110_m6	CCDS9905.1|Hs110|chr14	32.353	34	23	0	91	192	2056	2157	2.0	29.5
real_sura110_m6	CCDS41396.1|Hs110|chr1	35.417	48	31	0	7	150	1536	1393	2.7	29.0
real_sura110_m7	CCDS58244.1|Hs110|chr12	52.632	19	9	0	7	63	27	83	0.13	26.1
real_sura110_m7	CCDS58244.1|Hs110|chr12	77.778	9	2	0	93	119	344	370	0.13	22.9
real_sura110_m7	CCDS8900.1|Hs110|chr12	52.632	19	9	0	7	63	27	83	0.16	26.1
real_sura110_m7	CCDS8900.1|Hs110|chr12	77.778	9	2	0	93	119	467	493	0.16	22.9
real_sura110_m7	CCDS10815.1|Hs110|chr16	52.941	17	8	0	64	114	415	365	0.16	26.1
real_sura110_m7	CCDS10815.1|Hs110|chr16	38.095	21	13	0	146	208	122	60	0.16	22.6
real_sura110_m7	CCDS36.1|Hs110|chr1	31.481	54	37	0	72	233	464	625	0.19	32.8
real_sura110_m7	CCDS56514.1|Hs110|chr7	50.000	22	11	0	73	138	325	260	0.25	32.5
real_sura110_m8	CCDS94020.1|Hs110|chr6	57.143	21	9	0	220	158	3208	3146	0.11	30.4
real_sura110_m8	CCDS94020.1|Hs110|chr6	35.294	34	22	0	184	83	1313	1212	0.11	23.1
real_sura110_m8	CCDS5230.1|Hs110|chr6	57.143	21	9	0	220	158	3229	3167	0.11	30.4
real_sura110_m8	CCDS5230.1|Hs110|chr6	35.294	34	22	0	184	83	1334	1233	0.11	23.1
real_sura110_m8	CCDS5229.1|Hs110|chr6	57.143	21	9	0	220	158	3523	3461	0.12	30.4
real_sura110_m8	CCDS5229.1|Hs110|chr6	35.294	34	22	0	184	83	1628	1527	0.12	23.1
real_sura110_m8	CCDS47198.1|Hs110|chr5	50.000	26	13	0	220	143	2246	2169	0.21	32.7
real_sura110_m8	CCDS47198.1|Hs110|chr5	46.154	26	14	0	220	143	2180	2103	1.4	29.9
real_sura110_m8	CCDS3920.1|Hs110|chr5	50.000	26	13	0	220	143	2246	2169	0.21	32.7
real_sura110_m8	CCDS3920.1|Hs110|chr5	46.154	26	14	0	220	143	2180	2103	1.4	29.9
real_sura110_m9	CCDS12131.1|Hs110|chr19	50.000	24	12	0	168	239	893	964	0.031	35.4
real_sura110_m9	CCDS1557.1|Hs110|chr1	45.833	24	13	0	168	239	1933	1862	0.28	32.2
real_sura110_m9	CCDS4124.1|Hs110|chr5	57.143	14	6	0	128	169	143	184	0.41	24.9
real_sura110_m9	CCDS4124.1|Hs110|chr5	46.667	15	8	0	192	236	262	306	0.41	24.0
real_sura110_m9	CCDS93886.1|Hs110|chr6	35.484	31	20	0	114	206	3986	4078	0.60	28.6
real_sura110_m9	CCDS93886.1|Hs110|chr6	27.273	33	24	0	29	127	1750	1848	0.60	23.5
real_sura110_m9	CCDS53641.1|Hs110|chr11	66.667	15	5	0	180	224	1085	1129	0.74	30.9
real_sura110_m9	CCDS53641.1|Hs110|chr11	71.429	14	4	0	223	182	1128	1087	1.9	29.5
real_sura110_m10	CCDS11387.1|Hs110|chr17	52.941	17	8	0	64	114	134	84	0.016	27.3
real_sura110_m10	CCDS11387.1|Hs110|chr17	33.333	27	18	0	4	84	269	189	0.016	23.9
real_sura110_m10	CCDS13504.1|Hs110|chr20	36.585	41	26	0	1	123	151	29	0.016	36.3
real_sura110_m10	CCDS35229.1|Hs110|chrX	36.585	41	26	0	7	129	2735	2613	0.022	35.8
real_sura110_m10	CCDS35229.1|Hs110|chrX	38.462	39	24	0	13	129	3038	2922	0.071	34.1
real_sura110_m10	CCDS35229.1|Hs110|chrX	34.146	41	27	0	7	129	2897	2775	0.071	34.1
real_sura110_m10	CCDS35229.1|Hs110|chrX	34.884	43	28	0	1	129	2843	2715	0.17	32.9
real_sura110_m10	CCDS35229.1|Hs110|chrX	33.333	42	28	0	1	126	2837	2712	0.23	32.4
real_sura110_m10	CCDS35229.1|Hs110|chrX	33.333	42	28	0	1	126	2957	2832	0.42	31.6
real_sura110_m10	CCDS35229.1|Hs110|chrX	41.379	29	17	0	43	129	2750	2664	0.75	30.7
real_sura110_m10	CCDS35229.1|Hs110|chrX	32.558	43	29	0	1	129	2612	2484	0.75	30.7
real_sura110_m10	CCDS35229.1|Hs110|chrX	30.233	43	30	0	1	129	2897	2769	1.0	30.3
real_sura110_m10	CCDS35229.1|Hs110|chrX	32.558	43	29	0	1	129	2654	2526	1.4	29.9
real_sura110_m10	CCDS35229.1|Hs110|chrX	32.558	43	29	0	1	129	2633	2505	1.4	29.9
real_sura110_m10	CCDS35229.1|Hs110|chrX	39.394	33	20	0	31	129	2948	2850	2.4	29.0
real_sura110_m10	CCDS35229.1|Hs110|chrX	30.233	43	30	0	1	129	2627	2499	3.3	28.6
real_sura110_m10	CCDS35229.1|Hs110|chrX	32.432	37	25	0	19	129	2906	2796	5.9	27.8
real_sura110_m10	CCDS35229.1|Hs110|chrX	30.233	43	30	0	1	129	2660	2532	5.9	27.8
real_sura110_m10	CCDS35229.1|Hs110|chrX	47.619	21	11	0	67	129	2963	2901	7.9	27.3
real_sura110_m10	CCDS56175.1|Hs110|chr20	31.707	41	28	0	1	123	130	8	0.029	35.4
real_sura110_m10	CCDS13016.1|Hs110|chr20	31.707	41	28	0	1	123	130	8	0.029	35.4
real_sura110_m11	CCDS56448.1|Hs110|chr6	36.957	46	29	0	83	220	506	643	1.0	30.4
real_sura110_m11	CCDS75795.1|Hs110|chr8	33.333	33	22	0	108	206	1897	1995	1.9	29.5
real_sura110_m11	CCDS69550.1|Hs110|chr8	33.333	33	22	0	108	206	1744	1842	1.9	29.5
real_sura110_m11	CCDS34948.1|Hs110|chr8	33.333	33	22	0	108	206	1744	1842	1.9	29.5
real_sura110_m11	CCDS58913.1|Hs110|chr4	50.000	26	13	0	218	141	441	364	2.6	29.0
real_sura110_m12	CCDS14448.1|Hs110|chrX	28.571	49	35	0	148	2	600	454	0.39	31.8
real_sura110_m12	CCDS34299.1|Hs110|chr5	55.556	18	8	0	234	181	1895	1842	1.0	30.4
real_sura110_m12	CCDS93493.1|Hs110|chr4	41.176	34	20	0	109	8	2881	2982	1.4	29.9
real_sura110_m12	CCDS47049.1|Hs110|chr4	41.176	34	20	0	109	8	2881	2982	1.4	29.9
real_sura110_m12	CCDS11481.1|Hs110|chr17	50.000	22	11	0	199	134	123	58	1.4	29.9
real_sura110_m13	CCDS35229.1|Hs110|chrX	30.357	56	39	0	71	238	2918	3085	2.04e-04	33.5
real_sura110_m13	CCDS35229.1|Hs110|chrX	44.000	25	14	0	1	75	2388	2462	2.04e-04	29.0
real_sura110_m13	CCDS35229.1|Hs110|chrX	31.944	72	49	0	23	238	2607	2822	0.004	38.5
real_sura110_m13	CCDS35229.1|Hs110|chrX	47.619	21	11	0	71	133	2840	2902	0.013	27.6
real_sura110_m13	CCDS35229.1|Hs110|chrX	45.455	22	12	0	1	66	2407	2472	0.013	23.3
real_sura110_m13	CCDS35229.1|Hs110|chrX	36.111	36	23	0	107	214	2999	3106	0.013	22.1
real_sura110_m13	CCDS35229.1|Hs110|chrX	25.373	67	50	0	14	214	2627	2827	0.033	35.3
real_sura110_m13	CCDS35229.1|Hs110|chrX	26.316	76	56	0	2	229	2789	3016	0.12	33.5
real_sura110_m13	CCDS35229.1|Hs110|chrX	33.333	36	24	0	107	214	2714	2821	0.12	28.0
real_sura110_m13	CCDS35229.1|Hs110|chrX	34.211	38	25	0	14	127	2226	2339	0.12	24.8
real_sura110_m13	CCDS35229.1|Hs110|chrX	24.615	65	49	0	14	208	2504	2698	0.16	33.1
real_sura110_m13	CCDS35229.1|Hs110|chrX	27.632	76	55	0	2	229	2937	3164	0.22	32.6
real_sura110_m13	CCDS35229.1|Hs110|chrX	23.944	71	54	0	26	238	2708	2920	0.41	31.7
real_sura110_m13	CCDS35229.1|Hs110|chrX	33.333	48	32	0	14	157	2465	2608	1.1	30.3
real_sura110_m13	CCDS35229.1|Hs110|chrX	27.536	69	50	0	2	208	2816	3022	1.1	30.3
real_sura110_m13	CCDS35229.1|Hs110|chrX	40.000	25	15	0	1	75	2853	2927	1.2	24.6
real_sura110_m13	CCDS35229.1|Hs110|chrX	30.769	26	18	0	62	139	3035	3112	1.2	22.5
real_sura110_m13	CCDS35229.1|Hs110|chrX	40.000	45	27	0	139	5	2632	2498	1.4	29.9
real_sura110_m13	CCDS35229.1|Hs110|chrX	26.786	56	41	0	62	229	2690	2857	2.4	26.2
real_sura110_m13	CCDS35229.1|Hs110|chrX	40.000	25	15	0	1	75	2514	2588	2.4	22.0
real_sura110_m13	CCDS35229.1|Hs110|chrX	35.000	40	26	0	14	133	3042	3161	5.2	28.0
real_sura110_m13	CCDS55187.1|Hs110|chr7	43.590	39	22	0	1	117	267	383	0.008	37.4
real_sura110_m13	CCDS34788.1|Hs110|chr7	43.590	39	22	0	1	117	903	1019	0.008	37.4
real_sura110_m13	CCDS14447.1|Hs110|chrX	43.243	37	21	0	7	117	5071	5181	0.019	36.1
real_sura110_m13	CCDS42271.1|Hs110|chr17	40.000	40	24	0	238	119	3417	3536	0.031	35.4
real_sura110_m14	CCDS41423.1|Hs110|chr1	55.000	20	9	0	111	170	2954	2895	0.031	35.4
real_sura110_m14	CCDS74256.1|Hs110|chr19	52.941	17	8	0	120	170	143	193	0.11	33.6
real_sura110_m14	CCDS42465.1|Hs110|chr19	52.941	17	8	0	120	170	143	193	0.11	33.6
real_sura110_m14	CCDS5396.1|Hs110|chr7	42.308	26	15	0	126	203	104	181	0.28	32.2
real_sura110_m14	CCDS32890.2|Hs110|chr19	48.387	31	16	0	6	98	371	463	0.39	31.8
real_sura110_m15	CCDS91962.1|Hs110|chr15	40.000	35	21	0	135	239	2108	2212	0.32	26.3
real_sura110_m15	CCDS91962.1|Hs110|chr15	29.268	41	29	0	1	123	1540	1662	0.32	24.7
real_sura110_m15	CCDS47623.1|Hs110|chr7	34.375	32	21	0	79	174	31	126	0.53	31.3
real_sura110_m15	CCDS47621.1|Hs110|chr7	34.375	32	21	0	79	174	31	126	0.53	31.3
real_sura110_m15	CCDS41677.1|Hs110|chr11	40.000	30	18	0	31	120	452	541	0.72	30.9
real_sura110_m15	CCDS7545.1|Hs110|chr10	56.000	25	11	0	159	233	543	617	1.4	29.9
real_sura110_m16	CCDS55927.1|Hs110|chr14	44.000	25	14	0	153	227	1242	1316	0.28	32.2
real_sura110_m16	CCDS32116.1|Hs110|chr14	44.000	25	14	0	153	227	1419	1493	0.28	32.2
real_sura110_m16	CCDS32115.1|Hs110|chr14	44.000	25	14	0	153	227	1275	1349	0.28	32.2
real_sura110_m16	CCDS9814.1|Hs110|chr14	44.000	25	14	0	153	227	1386	1460	0.28	32.2
real_sura110_m16	CCDS93370.1|Hs110|chr3	50.000	12	6	0	60	95	2488	2453	0.50	22.6
real_sura110_m16	CCDS93370.1|Hs110|chr3	46.667	15	8	0	81	125	2399	2355	0.50	22.6
real_sura110_m16	CCDS93370.1|Hs110|chr3	56.250	16	7	0	182	229	2063	2016	0.50	21.7
real_sura110_m17	CCDS35229.1|Hs110|chrX	63.158	19	7	0	83	27	2929	2873	0.021	30.4
real_sura110_m17	CCDS35229.1|Hs110|chrX	72.727	11	3	0	152	120	2965	2933	0.021	23.1
real_sura110_m17	CCDS35229.1|Hs110|chrX	47.826	23	12	0	77	9	2521	2453	0.55	25.4
real_sura110_m17	CCDS35229.1|Hs110|chrX	72.727	11	3	0	152	120	2656	2624	0.55	23.1
real_sura110_m17	CCDS35229.1|Hs110|chrX	72.727	11	3	0	152	120	2707	2675	4.3	22.6
real_sura110_m17	CCDS35229.1|Hs110|chrX	52.941	17	8	0	56	6	2638	2588	4.3	22.6
real_sura110_m17	CCDS31891.1|Hs110|chr12	40.000	35	21	0	152	48	2027	1923	0.058	34.5
real_sura110_m17	CCDS10775.1|Hs110|chr16	68.750	16	5	0	140	93	235	282	0.080	34.1
real_sura110_m17	CCDS41732.1|Hs110|chr11	50.000	30	15	0	134	45	589	500	0.11	33.6
real_sura110_m17	CCDS42824.1|Hs110|chr2	35.714	42	27	0	128	3	8440	8565	0.11	27.6
real_sura110_m17	CCDS42824.1|Hs110|chr2	45.455	33	18	0	212	114	5300	5398	0.11	26.7
real_sura110_m17	CCDS42824.1|Hs110|chr2	55.556	18	8	0	119	66	1951	1898	9.3	27.2
real_sura110_m18	CCDS43856.1|Hs110|chr9	39.474	38	23	0	81	194	2164	2277	0.016	36.3
real_sura110_m18	CCDS93464.1|Hs110|chr4	48.276	29	15	0	108	194	230	144	0.020	30.0
real_sura110_m18	CCDS93464.1|Hs110|chr4	43.478	23	13	0	66	134	1273	1205	0.020	24.2
real_sura110_m18	CCDS91785.1|Hs110|chr12	40.000	50	30	0	3	152	3546	3695	0.022	35.9
real_sura110_m18	CCDS9281.1|Hs110|chr12	40.000	50	30	0	3	152	3666	3815	0.022	35.9
real_sura110_m18	CCDS46120.2|Hs110|chr19	38.776	49	30	0	3	149	814	668	0.041	35.0
real_sura110_m19	CCDS42998.1|Hs110|chr22	33.333	36	24	0	149	42	1643	1536	0.002	39.1
real_sura110_m19	CCDS42998.1|Hs110|chr22	34.286	35	23	0	176	72	1673	1569	1.4	29.9
real_sura110_m19	CCDS42998.1|Hs110|chr22	34.615	26	17	0	149	72	1649	1572	2.6	29.0
real_sura110_m19	CCDS42998.1|Hs110|chr22	36.000	25	16	0	146	72	1652	1578	3.6	28.6
real_sura110_m19	CCDS42998.1|Hs110|chr22	27.907	43	31	0	176	48	356	484	6.8	27.6
real_sura110_m19	CCDS42998.1|Hs110|chr22	31.034	29	20	0	149	63	1640	1554	9.3	27.2
real_sura110_m19	CCDS59048.1|Hs110|chr7	30.769	39	27	0	149	33	893	777	0.003	38.6
real_sura110_m19	CCDS59048.1|Hs110|chr7	37.037	27	17	0	149	69	782	702	0.058	34.5
real_sura110_m19	CCDS59048.1|Hs110|chr7	35.294	34	22	0	173	72	962	861	0.080	34.1
real_sura110_m19	CCDS59048.1|Hs110|chr7	28.571	28	20	0	149	66	344	261	0.22	28.1
real_sura110_m19	CCDS59048.1|Hs110|chr7	66.667	9	3	0	233	207	425	399	0.22	23.1
real_sura110_m19	CCDS59048.1|Hs110|chr7	32.143	28	19	0	149	66	1127	1044	0.28	32.2
real_sura110_m19	CCDS59048.1|Hs110|chr7	25.000	36	27	0	149	42	671	564	0.54	31.3
real_sura110_m19	CCDS59048.1|Hs110|chr7	30.556	36	25	0	149	42	917	810	0.74	30.9
real_sura110_m19	CCDS59048.1|Hs110|chr7	24.390	41	31	0	149	27	584	462	0.74	30.9
real_sura110_m19	CCDS59048.1|Hs110|chr7	36.000	25	16	0	149	75	875	801	1.0	30.4
real_sura110_m19	CCDS59048.1|Hs110|chr7	38.095	21	13	0	134	72	842	780	1.4	29.9
real_sura110_m19	CCDS59048.1|Hs110|chr7	33.333	21	14	0	134	72	770	708	1.9	29.5
real_sura110_m19	CCDS59048.1|Hs110|chr7	25.000	36	27	0	149	42	746	639	1.9	29.5
real_sura110_m19	CCDS59048.1|Hs110|chr7	33.333	27	18	0	152	72	926	846	2.6	29.0
real_sura110_m19	CCDS59048.1|Hs110|chr7	25.806	31	23	0	134	42	806	714	3.6	28.6
real_sura110_m19	CCDS59048.1|Hs110|chr7	31.034	29	20	0	149	63	548	462	3.6	28.6
real_sura110_m19	CCDS59048.1|Hs110|chr7	30.769	26	18	0	149	72	740	663	4.9	28.1
real_sura110_m19	CCDS59048.1|Hs110|chr7	27.778	54	39	0	233	72	515	354	6.8	27.6
real_sura110_m19	CCDS59048.1|Hs110|chr7	34.615	26	17	0	149	72	383	306	6.8	27.6
real_sura110_m19	CCDS42959.1|Hs110|chr21	30.000	40	28	0	188	69	808	927	0.003	38.6
real_sura110_m19	CCDS42959.1|Hs110|chr21	36.842	38	24	0	149	36	358	471	0.11	33.6
real_sura110_m19	CCDS42959.1|Hs110|chr21	26.829	41	30	0	188	66	229	351	4.9	28.1
real_sura110_m19	CCDS42959.1|Hs110|chr21	50.000	16	8	0	149	102	406	453	4.9	28.1
real_sura110_m19	CCDS33585.1|Hs110|chr21	28.261	46	33	0	206	69	448	585	0.006	37.7
real_sura110_m19	CCDS41684.1|Hs110|chr11	36.000	25	16	0	152	78	412	486	0.006	28.1
real_sura110_m19	CCDS41684.1|Hs110|chr11	35.484	31	20	0	99	7	496	588	0.006	25.8
real_sura110_m19	CCDS41684.1|Hs110|chr11	37.500	24	15	0	152	81	94	165	7.0	27.6
real_sura114_m0	CCDS12549.1|Hs110|chr19	48.276	29	15	0	187	101	1257	1171	1.9	29.5
real_sura114_m0	CCDS4018.1|Hs110|chr5	41.379	29	17	0	184	98	35	121	1.9	29.5
real_sura114_m0	CCDS11425.1|Hs110|chr17	63.158	19	7	0	180	236	1020	1076	3.6	28.6
real_sura114_m0	CCDS6993.1|Hs110|chr9	66.667	15	5	0	189	233	798	842	3.6	28.6
real_sura114_m0	CCDS92547.1|Hs110|chr19	55.556	18	8	0	180	233	5468	5415	4.9	28.1
real_sura114_m1	CCDS46453.1|Hs110|chr2	36.111	36	23	0	126	233	731	838	1.4	29.9
real_sura114_m1	CCDS55491.1|Hs110|chrX	34.286	35	23	0	117	221	3853	3749	1.9	29.5
real_sura114_m1	CCDS55490.1|Hs110|chrX	34.286	35	23	0	117	221	3811	3707	1.9	29.5
real_sura114_m1	CCDS14629.1|Hs110|chrX	34.286	35	23	0	117	221	3838	3734	1.9	29.5
real_sura114_m1	CCDS1082.2|Hs110|chr1	26.667	45	33	0	101	235	2170	2304	2.5	25.8
real_sura114_m1	CCDS1082.2|Hs110|chr1	53.333	15	7	0	3	47	1596	1640	2.5	21.7
real_sura114_m2	CCDS12403.1|Hs110|chr19	39.130	23	14	0	188	120	651	583	9.5	27.1
real_sura114_m2	CCDS8219.1|Hs110|chr11	45.000	20	11	0	173	114	639	580	9.5	27.1
real_sura114_m3	CCDS45920.1|Hs110|chr19	38.462	26	16	0	119	196	1585	1662	1.1	30.2
real_sura114_m3	CCDS41268.1|Hs110|chr1	35.556	45	29	0	104	238	273	407	1.6	29.8
real_sura114_m3	CCDS41267.1|Hs110|chr1	35.556	45	29	0	104	238	555	689	1.6	29.8
real_sura114_m3	CCDS35229.1|Hs110|chrX	31.818	44	30	0	107	238	2692	2823	1.6	29.8
real_sura114_m3	CCDS30604.1|Hs110|chr1	35.556	45	29	0	104	238	537	671	1.6	29.8
real_sura114_m4	CCDS91968.1|Hs110|chr15	70.588	17	5	0	189	239	1725	1775	1.8	29.5
real_sura114_m4	CCDS91967.1|Hs110|chr15	70.588	17	5	0	189	239	1743	1793	1.8	29.5
real_sura114_m4	CCDS12780.1|Hs110|chr19	64.706	17	6	0	189	239	714	764	2.5	29.1
real_sura114_m4	CCDS4529.1|Hs110|chr6	61.111	18	7	0	183	236	317	264	2.5	29.1
real_sura114_m4	CCDS53667.1|Hs110|chr11	55.000	20	9	0	180	239	921	980	3.4	28.6
real_sura114_m5	CCDS41397.1|Hs110|chr1	50.000	22	11	0	171	236	1864	1929	6.8	27.6
real_sura114_m5	CCDS47195.1|Hs110|chr5	33.333	21	14	0	236	174	904	842	9.3	27.2
real_sura114_m5	CCDS47194.1|Hs110|chr5	33.333	21	14	0	236	174	904	842	9.3	27.2
real_sura114_m6	CCDS34384.1|Hs110|chr6	77.778	9	2	0	176	150	2882	2856	1.9	29.5
real_sura114_m6	CCDS91660.1|Hs110|chr12	45.455	22	12	0	179	114	950	885	3.6	28.6
real_sura114_m6	CCDS91659.1|Hs110|chr12	45.455	22	12	0	179	114	950	885	3.6	28.6
real_sura114_m6	CCDS91496.1|Hs110|chr11	72.727	11	3	0	176	144	442	410	3.6	28.6
real_sura114_m6	CCDS58214.1|Hs110|chr12	45.455	22	12	0	179	114	950	885	3.6	28.6
real_sura114_m7	CCDS66539.1|Hs110|chr13	39.286	28	17	0	151	234	297	380	0.043	35.0
real_sura114_m7	CCDS31967.1|Hs110|chr13	39.286	28	17	0	151	234	450	533	0.043	35.0
real_sura114_m7	CCDS45160.1|Hs110|chr14	50.000	22	11	0	106	171	1200	1265	0.76	30.9
real_sura114_m7	CCDS42198.1|Hs110|chr16	36.364	33	21	0	103	201	497	399	1.4	29.9
real_sura114_m7	CCDS10928.1|Hs110|chr16	36.364	33	21	0	103	201	497	399	1.4	29.9
real_sura114_m8	CCDS47512.1|Hs110|chr6	32.609	46	31	0	102	239	4392	4529	0.042	35.0
real_sura114_m8	CCDS31123.1|Hs110|chr1	39.130	23	14	0	105	173	135	203	0.080	25.8
real_sura114_m8	CCDS31123.1|Hs110|chr1	50.000	18	9	0	178	231	511	564	0.080	24.9
real_sura114_m8	CCDS31116.1|Hs110|chr1	39.130	23	14	0	105	173	135	203	0.081	25.8
real_sura114_m8	CCDS31116.1|Hs110|chr1	50.000	18	9	0	178	231	514	567	0.081	24.9
real_sura114_m8	CCDS13311.1|Hs110|chr20	40.000	30	18	0	123	212	406	495	0.21	32.7
real_sura114_m8	CCDS35131.1|Hs110|chr9	61.538	13	5	0	105	143	144	182	0.86	24.4
real_sura114_m8	CCDS35131.1|Hs110|chr9	44.444	18	10	0	142	195	821	874	0.86	22.6
real_sura114_m9	CCDS78262.1|Hs110|chr7	36.364	44	28	0	238	107	1864	1995	0.058	34.5
real_sura114_m9	CCDS78262.1|Hs110|chr7	34.884	43	28	0	238	110	739	867	1.4	29.9
real_sura114_m9	CCDS78262.1|Hs110|chr7	35.897	39	25	0	175	59	1879	1995	2.6	29.0
real_sura114_m9	CCDS91506.1|Hs110|chr11	33.824	68	45	0	238	35	461	258	0.080	34.1
real_sura114_m9	CCDS91505.1|Hs110|chr11	33.824	68	45	0	238	35	461	258	0.080	34.1
real_sura114_m9	CCDS41668.1|Hs110|chr11	33.824	68	45	0	238	35	461	258	0.080	34.1
real_sura114_m9	CCDS76369.1|Hs110|chr11	27.273	77	56	0	238	8	10984	11214	0.11	33.6
real_sura114_m9	CCDS76369.1|Hs110|chr11	28.169	71	51	0	226	14	8023	8235	0.74	30.9
real_sura114_m9	CCDS76369.1|Hs110|chr11	26.667	75	55	0	238	14	9115	9339	2.6	29.0
real_sura114_m9	CCDS76369.1|Hs110|chr11	25.333	75	56	0	238	14	13462	13686	2.6	29.0
real_sura114_m9	CCDS76369.1|Hs110|chr11	32.692	52	35	0	238	83	11200	11355	3.6	28.6
real_sura114_m9	CCDS76369.1|Hs110|chr11	31.250	48	33	0	199	56	7741	7884	4.9	28.1
real_sura114_m10	CCDS46670.1|Hs110|chr22	28.571	42	30	0	234	109	1332	1207	9.6	27.2
real_sura114_m10	CCDS13793.1|Hs110|chr22	28.571	42	30	0	234	109	1332	1207	9.6	27.2
real_sura114_m11	CCDS31895.2|Hs110|chr12	42.857	14	8	0	98	57	811	770	0.071	26.3
real_sura114_m11	CCDS31895.2|Hs110|chr12	50.000	10	5	0	62	33	559	530	0.071	24.9
real_sura114_m11	CCDS54212.1|Hs110|chr19	35.294	34	22	0	121	222	3222	3121	0.082	34.1
real_sura114_m11	CCDS48066.1|Hs110|chr9	36.667	30	19	0	164	75	1101	1190	0.11	28.6
real_sura114_m11	CCDS48066.1|Hs110|chr9	43.750	16	9	0	98	51	1424	1471	0.11	24.0
real_sura114_m11	CCDS48066.1|Hs110|chr9	41.176	17	10	0	181	231	1910	1960	9.9	23.5
real_sura114_m11	CCDS48066.1|Hs110|chr9	44.444	18	10	0	115	168	957	1010	9.9	22.1
real_sura114_m11	CCDS55881.1|Hs110|chr12	42.857	14	8	0	98	57	859	818	0.15	26.3
real_sura114_m11	CCDS55881.1|Hs110|chr12	50.000	10	5	0	62	33	607	578	0.15	24.9
real_sura114_m11	CCDS30707.1|Hs110|chr1	56.250	16	7	0	92	45	809	762	0.15	33.1
real_sura114_m12	CCDS53701.1|Hs110|chr11	47.826	23	12	0	153	221	12817	12749	0.080	34.1
real_sura114_m12	CCDS44717.1|Hs110|chr11	47.826	23	12	0	153	221	12838	12770	0.080	34.1
real_sura114_m12	CCDS93871.1|Hs110|chr6	34.783	23	15	0	150	218	268	336	3.6	28.6
real_sura114_m12	CCDS54973.1|Hs110|chr6	34.783	23	15	0	150	218	268	336	3.6	28.6
real_sura114_m12	CCDS48150.1|Hs110|chrX	30.769	26	18	0	150	227	243	320	9.3	27.2
real_sura114_m13	CCDS45685.1|Hs110|chr17	33.898	59	39	0	36	212	63	239	1.01e-04	43.7
real_sura114_m13	CCDS11429.1|Hs110|chr17	35.556	45	29	0	78	212	18	152	0.002	39.1
real_sura114_m13	CCDS32373.1|Hs110|chr16	36.170	47	30	0	89	229	5797	5937	0.022	35.9
real_sura114_m13	CCDS32373.1|Hs110|chr16	37.500	40	25	0	110	229	5890	6009	0.28	32.2
real_sura114_m13	CCDS32373.1|Hs110|chr16	37.500	40	25	0	110	229	5854	5973	0.39	31.8
real_sura114_m13	CCDS32373.1|Hs110|chr16	34.146	41	27	0	107	229	5923	6045	0.39	31.8
real_sura114_m13	CCDS32373.1|Hs110|chr16	36.364	44	28	0	107	238	5605	5736	0.54	31.3
real_sura114_m13	CCDS32373.1|Hs110|chr16	36.111	36	23	0	107	214	5959	6066	1.0	30.4
real_sura114_m13	CCDS32373.1|Hs110|chr16	34.146	41	27	0	107	229	5995	6117	1.4	29.9
real_sura114_m13	CCDS32373.1|Hs110|chr16	27.660	47	34	0	89	229	5656	5796	4.9	28.1
real_sura114_m13	CCDS32373.1|Hs110|chr16	32.432	37	25	0	102	212	2908	3018	9.3	27.2
real_sura114_m13	CCDS94506.1|Hs110|chr9	32.653	49	33	0	27	173	1380	1526	0.031	35.4
real_sura114_m13	CCDS6919.1|Hs110|chr9	32.653	49	33	0	27	173	1500	1646	0.031	35.4
real_sura114_m14	CCDS44705.1|Hs110|chr11	50.000	20	10	0	178	237	54	113	0.76	30.9
real_sura114_m14	CCDS8289.1|Hs110|chr11	50.000	20	10	0	178	237	54	113	0.76	30.9
real_sura114_m14	CCDS53487.1|Hs110|chr1	47.368	19	10	0	209	153	1057	1001	0.96	26.7
real_sura114_m14	CCDS53487.1|Hs110|chr1	37.931	29	18	0	157	71	680	594	0.96	21.7
real_sura114_m14	CCDS31127.1|Hs110|chr1	47.368	19	10	0	209	153	1192	1136	1.0	26.7
real_sura114_m14	CCDS31127.1|Hs110|chr1	37.931	29	18	0	157	71	815	729	1.0	21.7
real_sura114_m14	CCDS44348.1|Hs110|chr1	47.368	19	10	0	209	153	1207	1151	1.0	26.7
real_sura114_m14	CCDS44348.1|Hs110|chr1	37.931	29	18	0	157	71	830	744	1.0	21.7
real_sura114_m15	CCDS53460.1|Hs110|chr1	44.444	18	10	0	102	155	2904	2957	0.39	31.8
real_sura114_m15	CCDS94221.1|Hs110|chr7	37.500	24	15	0	75	146	1288	1217	1.0	30.4
real_sura114_m15	CCDS47727.1|Hs110|chr7	37.500	24	15	0	75	146	1288	1217	1.0	30.4
real_sura114_m15	CCDS92441.1|Hs110|chr18	34.483	29	19	0	63	149	448	362	3.6	28.6
real_sura114_m15	CCDS30717.1|Hs110|chr1	36.000	25	16	0	30	104	113	187	3.6	28.6
real_sura114_m16	CCDS91290.1|Hs110|chr10	37.500	40	25	0	90	209	1153	1272	1.4	29.9
real_sura114_m16	CCDS91290.1|Hs110|chr10	38.235	34	21	0	108	209	1147	1248	9.3	27.2
real_sura114_m16	CCDS91289.1|Hs110|chr10	37.500	40	25	0	90	209	1105	1224	1.4	29.9
real_sura114_m16	CCDS91289.1|Hs110|chr10	38.235	34	21	0	108	209	1099	1200	9.3	27.2
real_sura114_m16	CCDS53550.1|Hs110|chr10	37.500	40	25	0	90	209	1309	1428	1.4	29.9
real_sura114_m16	CCDS53550.1|Hs110|chr10	38.235	34	21	0	108	209	1303	1404	9.3	27.2
real_sura114_m16	CCDS41544.1|Hs110|chr10	37.500	40	25	0	90	209	964	1083	1.4	29.9
real_sura114_m16	CCDS41544.1|Hs110|chr10	38.235	34	21	0	108	209	958	1059	9.3	27.2
real_sura114_m16	CCDS7377.1|Hs110|chr10	37.500	40	25	0	90	209	1294	1413	1.4	29.9
real_sura114_m16	CCDS7377.1|Hs110|chr10	38.235	34	21	0	108	209	1288	1389	9.3	27.2
real_sura114_m17	CCDS93526.1|Hs110|chr4	33.333	36	24	0	105	212	1381	1488	0.28	32.2
real_sura114_m17	CCDS93525.1|Hs110|chr4	33.333	36	24	0	105	212	1462	1569	0.28	32.2
real_sura114_m17	CCDS93523.1|Hs110|chr4	33.333	36	24	0	105	212	1369	1476	0.28	32.2
real_sura114_m17	CCDS93522.1|Hs110|chr4	33.333	36	24	0	105	212	1396	1503	0.28	32.2
real_sura114_m17	CCDS93521.1|Hs110|chr4	33.333	36	24	0	105	212	1387	1494	0.28	32.2
real_sura114_m18	CCDS2020.1|Hs110|chr2	43.750	16	9	0	160	113	1187	1234	2.6	29.0
real_sura114_m18	CCDS59435.1|Hs110|chr2	47.619	21	11	0	175	113	89694	89756	3.6	28.6
real_sura114_m18	CCDS59435.1|Hs110|chr2	31.579	19	13	0	163	107	105792	105736	6.8	27.6
real_sura114_m18	CCDS54424.1|Hs110|chr2	47.619	21	11	0	175	113	81990	82052	3.6	28.6
real_sura114_m18	CCDS54424.1|Hs110|chr2	31.579	19	13	0	163	107	98088	98032	6.8	27.6
real_sura114_m18	CCDS54423.1|Hs110|chr2	47.619	21	11	0	175	113	62874	62936	3.6	28.6
real_sura114_m18	CCDS54423.1|Hs110|chr2	31.579	19	13	0	163	107	78972	78916	6.8	27.6
real_sura114_m18	CCDS54422.1|Hs110|chr2	47.619	21	11	0	175	113	63075	63137	3.6	28.6
real_sura114_m18	CCDS54422.1|Hs110|chr2	31.579	19	13	0	163	107	79173	79117	6.8	27.6
real_sura1_m0	CCDS92761.1|Hs110|chr2	34.884	43	28	0	93	221	1874	2002	0.003	40.0
real_sura1_m0	CCDS92761.1|Hs110|chr2	37.209	43	27	0	220	92	2001	1873	0.75	32.2
real_sura1_m0	CCDS86845.1|Hs110|chr2	34.884	43	28	0	93	221	1874	2002	0.003	40.0
real_sura1_m0	CCDS86845.1|Hs110|chr2	37.209	43	27	0	220	92	2001	1873	0.75	32.2
real_sura1_m0	CCDS1862.1|Hs110|chr2	34.884	43	28	0	93	221	1976	2104	0.003	40.0
real_sura1_m0	CCDS1862.1|Hs110|chr2	37.209	43	27	0	220	92	2103	1975	0.75	32.2
real_sura1_m0	CCDS1861.1|Hs110|chr2	34.884	43	28	0	93	221	1976	2104	0.003	40.0
real_sura1_m0	CCDS1861.1|Hs110|chr2	37.209	43	27	0	220	92	2103	1975	0.75	32.2
real_sura1_m0	CCDS73700.1|Hs110|chr15	34.483	29	19	0	132	218	523	609	0.003	31.3
real_sura1_m0	CCDS73700.1|Hs110|chr15	40.909	22	13	0	51	116	364	429	0.003	26.3
real_sura1_m0	CCDS73700.1|Hs110|chr15	35.484	31	20	0	126	218	397	489	0.005	31.3
real_sura1_m0	CCDS73700.1|Hs110|chr15	40.909	22	13	0	51	116	304	369	0.005	25.8
real_sura1_m0	CCDS73700.1|Hs110|chr15	34.483	29	19	0	132	218	613	699	0.011	29.9
real_sura1_m0	CCDS73700.1|Hs110|chr15	35.294	34	22	0	15	116	418	519	0.011	25.8
real_sura1_m0	CCDS73700.1|Hs110|chr15	34.483	29	19	0	132	218	553	639	0.028	29.5
real_sura1_m0	CCDS73700.1|Hs110|chr15	40.909	22	13	0	51	116	394	459	0.028	24.9
real_sura1_m0	CCDS73700.1|Hs110|chr15	34.483	29	19	0	132	218	583	669	0.069	29.5
real_sura1_m0	CCDS73700.1|Hs110|chr15	40.909	22	13	0	51	116	484	549	0.069	23.5
real_sura1_m0	CCDS73700.1|Hs110|chr15	34.483	29	19	0	132	218	493	579	4.1	28.1
real_sura1_m0	CCDS73700.1|Hs110|chr15	60.000	10	4	0	87	116	460	489	4.1	22.1
real_sura1_m0	CCDS73700.1|Hs110|chr15	34.483	29	19	0	132	218	433	519	6.9	29.0
real_sura1_m0	CCDS73700.1|Hs110|chr15	34.483	29	19	0	132	218	463	549	6.9	29.0
real_sura1_m1	CCDS35045.1|Hs110|chr9	38.710	31	19	0	268	176	394	486	0.017	37.7
real_sura1_m1	CCDS14358.1|Hs110|chrX	48.276	29	15	0	279	365	142	56	0.023	37.3
real_sura1_m1	CCDS1231.1|Hs110|chr1	54.167	24	11	0	348	419	106	35	0.031	36.8
real_sura1_m1	CCDS11316.1|Hs110|chr17	36.842	38	24	0	315	428	1031	1144	0.040	29.0
real_sura1_m1	CCDS11316.1|Hs110|chr17	50.000	16	8	0	264	311	899	946	0.040	25.8
real_sura1_m1	CCDS74395.1|Hs110|chr19	40.000	45	27	0	264	398	1208	1342	0.043	36.3
real_sura1_m2	CCDS92595.1|Hs110|chr19	37.931	29	18	0	175	89	1910	1996	0.29	33.6
real_sura1_m2	CCDS46056.2|Hs110|chr19	37.931	29	18	0	175	89	1178	1264	0.29	33.6
real_sura1_m2	CCDS7307.1|Hs110|chr10	29.412	51	36	0	229	77	2596	2748	0.40	33.1
real_sura1_m2	CCDS7306.1|Hs110|chr10	29.412	51	36	0	229	77	2587	2739	0.40	33.1
real_sura1_m2	CCDS54657.1|Hs110|chr3	37.500	32	20	0	127	32	1598	1503	0.55	32.7
real_sura1_m3	CCDS249.1|Hs110|chr1	40.000	25	15	0	100	174	1375	1301	0.006	29.5
real_sura1_m3	CCDS249.1|Hs110|chr1	43.750	32	18	0	329	424	855	760	0.006	29.5
real_sura1_m3	CCDS8504.1|Hs110|chr12	50.000	22	11	0	332	397	2760	2825	0.020	30.4
real_sura1_m3	CCDS8504.1|Hs110|chr12	50.000	16	8	0	115	162	1445	1492	0.020	23.5
real_sura1_m3	CCDS8504.1|Hs110|chr12	29.412	34	24	0	34	135	617	718	0.020	22.1
real_sura1_m3	CCDS31081.1|Hs110|chr1	48.000	25	13	0	83	157	2126	2052	0.13	28.6
real_sura1_m3	CCDS31081.1|Hs110|chr1	53.846	13	6	0	237	275	2024	1986	0.13	22.1
real_sura1_m3	CCDS31081.1|Hs110|chr1	80.000	10	2	0	364	393	557	528	0.13	21.7
real_sura1_m3	CCDS41479.1|Hs110|chr1	48.000	25	13	0	83	157	2183	2109	0.14	28.6
real_sura1_m3	CCDS41479.1|Hs110|chr1	53.846	13	6	0	237	275	2081	2043	0.14	22.1
real_sura1_m3	CCDS41479.1|Hs110|chr1	80.000	10	2	0	364	393	557	528	0.14	21.7
real_sura1_m3	CCDS1769.2|Hs110|chr2	42.500	40	23	0	61	180	476	595	0.15	34.5
real_sura1_m3	CCDS1769.2|Hs110|chr2	37.838	37	23	0	170	60	585	475	2.7	30.4
real_sura1_m4	CCDS82307.1|Hs110|chr19	31.667	60	41	0	291	112	610	789	0.003	40.1
real_sura1_m4	CCDS82307.1|Hs110|chr19	28.571	49	35	0	276	130	670	816	9.9	28.5
real_sura1_m4	CCDS46004.1|Hs110|chr19	31.667	60	41	0	291	112	610	789	0.003	40.1
real_sura1_m4	CCDS46004.1|Hs110|chr19	28.571	49	35	0	276	130	670	816	9.9	28.5
real_sura1_m4	CCDS12328.1|Hs110|chr19	31.667	60	41	0	291	112	610	789	0.003	40.1
real_sura1_m4	CCDS12328.1|Hs110|chr19	28.571	49	35	0	276	130	670	816	9.9	28.5
real_sura1_m4	CCDS91962.1|Hs110|chr15	33.929	56	37	0	279	112	1531	1364	0.028	37.0
real_sura1_m4	CCDS91962.1|Hs110|chr15	30.612	49	34	0	276	130	2521	2375	0.84	32.1
real_sura1_m4	CCDS91962.1|Hs110|chr15	30.189	53	37	0	288	130	2218	2060	0.84	32.1
real_sura1_m4	CCDS91962.1|Hs110|chr15	30.189	53	37	0	288	130	1078	920	1.1	31.6
real_sura1_m4	CCDS91962.1|Hs110|chr15	29.091	55	39	0	294	130	2476	2312	1.6	31.2
real_sura1_m4	CCDS91962.1|Hs110|chr15	34.783	46	30	0	288	151	2365	2228	1.6	31.2
real_sura1_m4	CCDS91962.1|Hs110|chr15	29.091	55	39	0	294	130	2161	1997	2.1	30.7
real_sura1_m4	CCDS91962.1|Hs110|chr15	26.866	67	49	0	315	115	1063	863	2.9	30.3
real_sura1_m4	CCDS91968.1|Hs110|chr15	32.075	53	36	0	288	130	2113	1955	0.052	36.1
real_sura1_m4	CCDS91968.1|Hs110|chr15	32.727	55	37	0	276	112	1465	1301	0.096	35.2
real_sura1_m4	CCDS91968.1|Hs110|chr15	30.189	53	37	0	288	130	2281	2123	0.61	32.5
real_sura1_m4	CCDS91968.1|Hs110|chr15	29.508	61	43	0	294	112	2224	2042	0.61	32.5
real_sura1_m4	CCDS91968.1|Hs110|chr15	30.612	49	34	0	276	130	2437	2291	0.84	32.1
real_sura1_m4	CCDS91968.1|Hs110|chr15	29.310	58	41	0	288	115	1015	842	0.84	32.1
real_sura1_m4	CCDS91968.1|Hs110|chr15	29.091	55	39	0	294	130	2392	2228	1.6	31.2
real_sura1_m4	CCDS91968.1|Hs110|chr15	30.612	49	34	0	276	130	2038	1892	1.6	31.2
real_sura1_m4	CCDS91968.1|Hs110|chr15	30.612	49	34	0	276	130	2080	1934	9.9	28.5
real_sura1_m5	CCDS32113.1|Hs110|chr14	37.209	43	27	0	135	7	976	1104	0.29	33.6
real_sura1_m5	CCDS32113.1|Hs110|chr14	35.000	40	26	0	135	16	1216	1335	5.0	29.5
real_sura1_m5	CCDS91804.1|Hs110|chr13	37.209	43	27	0	135	7	2104	2232	1.4	31.3
real_sura1_m5	CCDS82158.1|Hs110|chr17	33.333	45	30	0	141	7	700	834	1.4	31.3
real_sura1_m5	CCDS81766.1|Hs110|chr13	37.209	43	27	0	135	7	2104	2232	1.4	31.3
real_sura1_m5	CCDS47280.1|Hs110|chr5	42.424	33	19	0	105	7	1003	1101	1.4	31.3
real_sura1_m5	CCDS47280.1|Hs110|chr5	37.838	37	23	0	117	7	1003	1113	9.5	28.6
real_sura1_m6	CCDS8836.1|Hs110|chr12	26.190	42	31	0	202	327	249	374	6.75e-05	31.8
real_sura1_m6	CCDS8836.1|Hs110|chr12	50.000	12	6	0	10	45	27	62	6.75e-05	25.4
real_sura1_m6	CCDS8836.1|Hs110|chr12	29.412	17	12	0	172	222	135	185	6.75e-05	22.6
real_sura1_m6	CCDS8836.1|Hs110|chr12	35.484	31	20	0	184	276	258	350	0.043	36.3
real_sura1_m6	CCDS8836.1|Hs110|chr12	41.667	24	14	0	151	222	357	428	0.29	33.6
real_sura1_m6	CCDS8836.1|Hs110|chr12	23.636	55	42	0	151	315	264	428	0.54	32.7
real_sura1_m6	CCDS8836.1|Hs110|chr12	27.778	36	26	0	151	258	282	389	0.54	32.7
real_sura1_m6	CCDS8836.1|Hs110|chr12	26.471	34	25	0	130	231	321	422	1.9	30.9
real_sura1_m6	CCDS8836.1|Hs110|chr12	36.364	22	14	0	211	276	366	431	1.9	30.9
real_sura1_m6	CCDS11398.1|Hs110|chr17	36.111	36	23	0	169	276	186	293	1.94e-04	44.1
real_sura1_m6	CCDS59279.1|Hs110|chr17	29.091	55	39	0	142	306	1218	1382	2.66e-04	43.7
real_sura1_m6	CCDS32623.1|Hs110|chr17	29.091	55	39	0	142	306	1227	1391	2.66e-04	43.7
real_sura1_m6	CCDS46196.1|Hs110|chr19	38.889	36	22	0	245	138	4208	4315	3.26e-04	31.8
real_sura1_m6	CCDS46196.1|Hs110|chr19	37.500	32	20	0	336	241	3647	3742	3.26e-04	28.1
real_sura1_m6	CCDS46196.1|Hs110|chr19	30.000	30	21	0	428	339	1178	1267	3.26e-04	24.0
real_sura1_m6	CCDS46196.1|Hs110|chr19	31.818	44	30	0	242	111	3777	3908	0.068	27.6
real_sura1_m6	CCDS46196.1|Hs110|chr19	61.538	13	5	0	282	244	3665	3703	0.068	25.4
real_sura1_m6	CCDS46196.1|Hs110|chr19	38.235	34	21	0	142	243	4311	4210	0.15	28.1
real_sura1_m6	CCDS46196.1|Hs110|chr19	32.432	37	25	0	217	327	3889	3779	0.15	27.6
real_sura1_m6	CCDS46196.1|Hs110|chr19	37.500	40	25	0	143	24	3787	3906	0.72	27.2
real_sura1_m6	CCDS46196.1|Hs110|chr19	30.233	43	30	0	369	241	3157	3285	0.72	22.1
real_sura1_m6	CCDS46196.1|Hs110|chr19	30.233	43	30	0	255	127	3651	3779	0.72	22.1
real_sura1_m6	CCDS46196.1|Hs110|chr19	25.373	67	50	0	127	327	3892	3692	2.7	30.4
real_sura1_m6	CCDS46196.1|Hs110|chr19	36.000	25	16	0	253	327	3943	3869	5.0	26.7
real_sura1_m6	CCDS46196.1|Hs110|chr19	38.889	18	11	0	133	186	4291	4238	5.0	23.5
real_sura1_m6	CCDS46196.1|Hs110|chr19	25.424	59	44	0	151	327	3742	3566	9.5	28.6
real_sura1_m7	CCDS11377.1|Hs110|chr17	51.852	27	13	0	138	58	1375	1455	3.59e-04	38.2
real_sura1_m7	CCDS11377.1|Hs110|chr17	40.909	22	13	0	216	151	265	330	3.59e-04	25.4
real_sura1_m7	CCDS11377.1|Hs110|chr17	36.842	38	24	0	174	61	1393	1506	0.025	35.0
real_sura1_m7	CCDS11377.1|Hs110|chr17	36.000	25	16	0	393	319	220	294	0.025	22.1
real_sura1_m7	CCDS11377.1|Hs110|chr17	36.364	44	28	0	192	61	1468	1599	0.40	33.1
real_sura1_m7	CCDS11377.1|Hs110|chr17	42.857	35	20	0	156	52	1435	1539	0.54	32.7
real_sura1_m7	CCDS11377.1|Hs110|chr17	37.209	43	27	0	186	58	214	342	0.75	32.2
real_sura1_m7	CCDS11377.1|Hs110|chr17	35.185	54	35	0	219	58	1387	1548	2.7	30.4
real_sura1_m7	CCDS11377.1|Hs110|chr17	33.333	48	32	0	13	156	1559	1702	3.7	29.9
real_sura1_m7	CCDS11377.1|Hs110|chr17	37.500	40	25	0	186	67	1582	1701	5.0	29.5
real_sura1_m7	CCDS11377.1|Hs110|chr17	32.653	49	33	0	219	73	1414	1560	6.9	29.0
real_sura1_m7	CCDS11377.1|Hs110|chr17	37.143	35	22	0	177	73	1588	1692	9.5	28.6
real_sura1_m7	CCDS92302.1|Hs110|chr17	51.852	27	13	0	138	58	1375	1455	3.82e-04	38.2
real_sura1_m7	CCDS92302.1|Hs110|chr17	40.909	22	13	0	216	151	265	330	3.82e-04	25.4
real_sura1_m7	CCDS92302.1|Hs110|chr17	36.842	38	24	0	174	61	1393	1506	0.026	35.0
real_sura1_m7	CCDS92302.1|Hs110|chr17	36.000	25	16	0	393	319	220	294	0.026	22.1
real_sura1_m7	CCDS92302.1|Hs110|chr17	36.364	44	28	0	192	61	1468	1599	0.40	33.1
real_sura1_m7	CCDS92302.1|Hs110|chr17	42.857	35	20	0	156	52	1435	1539	0.54	32.7
real_sura1_m7	CCDS92302.1|Hs110|chr17	37.209	43	27	0	186	58	214	342	0.75	32.2
real_sura1_m7	CCDS92302.1|Hs110|chr17	35.185	54	35	0	219	58	1387	1548	2.7	30.4
real_sura1_m7	CCDS92302.1|Hs110|chr17	33.333	48	32	0	13	156	1559	1702	3.7	29.9
real_sura1_m7	CCDS92302.1|Hs110|chr17	37.500	40	25	0	186	67	1582	1701	5.0	29.5
real_sura1_m7	CCDS92302.1|Hs110|chr17	32.653	49	33	0	219	73	1414	1560	6.9	29.0
real_sura1_m7	CCDS92302.1|Hs110|chr17	37.143	35	22	0	177	73	1588	1692	9.5	28.6
real_sura1_m7	CCDS32654.1|Hs110|chr17	40.476	42	25	0	186	61	1510	1635	0.006	39.1
real_sura1_m7	CCDS32654.1|Hs110|chr17	42.308	26	15	0	138	61	301	378	1.4	31.3
real_sura1_m7	CCDS32654.1|Hs110|chr17	35.556	45	29	0	192	58	1474	1608	1.9	30.9
real_sura1_m7	CCDS32654.1|Hs110|chr17	34.884	43	28	0	186	58	1708	1836	3.7	29.9
real_sura1_m7	CCDS32654.1|Hs110|chr17	32.500	40	27	0	171	52	1639	1758	5.0	29.5
real_sura1_m7	CCDS59279.1|Hs110|chr17	37.500	56	35	0	243	76	1528	1695	0.017	37.7
real_sura1_m7	CCDS59279.1|Hs110|chr17	42.857	35	20	0	177	73	1555	1659	0.21	34.1
real_sura1_m7	CCDS59279.1|Hs110|chr17	36.842	38	24	0	186	73	1465	1578	1.0	31.8
real_sura1_m7	CCDS59279.1|Hs110|chr17	42.857	28	16	0	135	52	1273	1356	2.7	30.4
real_sura1_m7	CCDS59279.1|Hs110|chr17	36.842	38	24	0	186	73	1237	1350	3.7	29.9
real_sura1_m7	CCDS59279.1|Hs110|chr17	33.333	39	26	0	186	70	1264	1380	5.0	29.5
real_sura1_m7	CCDS32623.1|Hs110|chr17	37.500	56	35	0	243	76	1537	1704	0.017	37.7
real_sura1_m7	CCDS32623.1|Hs110|chr17	42.857	35	20	0	177	73	1564	1668	0.21	34.1
real_sura1_m7	CCDS32623.1|Hs110|chr17	36.842	38	24	0	186	73	1474	1587	1.0	31.8
real_sura1_m7	CCDS32623.1|Hs110|chr17	42.857	28	16	0	135	52	1282	1365	2.7	30.4
real_sura1_m7	CCDS32623.1|Hs110|chr17	36.842	38	24	0	186	73	1246	1359	3.7	29.9
real_sura1_m7	CCDS32623.1|Hs110|chr17	33.333	39	26	0	186	70	1273	1389	5.0	29.5
real_sura1_m8	CCDS41837.1|Hs110|chr12	36.508	63	40	0	18	206	2213	2401	2.28e-06	50.6
real_sura1_m8	CCDS41837.1|Hs110|chr12	39.286	28	17	0	102	185	3590	3673	0.55	25.4
real_sura1_m8	CCDS41837.1|Hs110|chr12	30.000	40	28	0	3	122	3368	3487	0.55	24.4
real_sura1_m8	CCDS41837.1|Hs110|chr12	45.161	31	17	0	15	107	2854	2762	6.9	29.0
real_sura1_m8	CCDS30708.1|Hs110|chr1	30.769	65	45	0	30	224	533	727	6.06e-06	36.3
real_sura1_m8	CCDS30708.1|Hs110|chr1	35.000	40	26	0	228	347	722	841	6.06e-06	30.9
real_sura1_m8	CCDS30708.1|Hs110|chr1	39.286	28	17	0	97	14	1305	1388	4.2	25.6
real_sura1_m8	CCDS30708.1|Hs110|chr1	45.455	22	12	0	247	182	847	912	4.2	23.3
real_sura1_m8	CCDS32861.1|Hs110|chr19	36.364	33	21	0	183	281	1478	1576	1.12e-05	28.6
real_sura1_m8	CCDS32861.1|Hs110|chr19	41.667	24	14	0	3	74	507	578	1.12e-05	26.7
real_sura1_m8	CCDS32861.1|Hs110|chr19	37.143	35	22	0	75	179	552	656	1.12e-05	25.8
real_sura1_m8	CCDS32861.1|Hs110|chr19	52.381	21	10	0	303	365	2159	2221	1.12e-05	24.0
real_sura1_m8	CCDS32861.1|Hs110|chr19	43.333	30	17	0	66	155	138	227	0.029	29.9
real_sura1_m8	CCDS32861.1|Hs110|chr19	66.667	12	4	0	216	251	1697	1732	0.029	23.1
real_sura1_m8	CCDS32861.1|Hs110|chr19	33.333	42	28	0	240	365	1739	1864	0.029	22.6
real_sura1_m8	CCDS32861.1|Hs110|chr19	36.170	47	30	0	364	224	1863	1723	0.039	27.0
real_sura1_m8	CCDS32861.1|Hs110|chr19	28.571	56	40	0	241	74	718	551	0.039	25.2
real_sura1_m8	CCDS32861.1|Hs110|chr19	52.941	17	8	0	64	14	568	518	0.039	22.9
real_sura1_m8	CCDS32861.1|Hs110|chr19	44.000	25	14	0	9	83	1838	1912	0.25	30.4
real_sura1_m8	CCDS32861.1|Hs110|chr19	37.500	24	15	0	81	152	2333	2404	0.25	24.0
real_sura1_m8	CCDS82902.1|Hs110|chr4	48.000	25	13	0	117	191	2455	2529	1.89e-05	28.6
real_sura1_m8	CCDS82902.1|Hs110|chr4	36.667	30	19	0	171	260	2620	2709	1.89e-05	24.9
real_sura1_m8	CCDS82902.1|Hs110|chr4	42.857	21	12	0	269	331	2730	2792	1.89e-05	23.5
real_sura1_m8	CCDS82902.1|Hs110|chr4	70.000	10	3	0	399	428	2938	2967	1.89e-05	22.6
real_sura1_m8	CCDS82902.1|Hs110|chr4	47.368	19	10	0	48	104	629	685	1.89e-05	21.7
real_sura1_m8	CCDS82902.1|Hs110|chr4	30.612	49	34	0	3	149	3517	3371	6.9	29.0
real_sura1_m8	CCDS30952.1|Hs110|chr1	28.571	98	70	0	48	341	902	1195	2.10e-05	47.3
real_sura1_m8	CCDS30952.1|Hs110|chr1	32.258	62	42	0	21	206	803	988	0.031	36.8
real_sura1_m9	CCDS35229.1|Hs110|chrX	40.000	35	21	0	166	270	2960	2856	0.021	31.3
real_sura1_m9	CCDS35229.1|Hs110|chrX	32.143	28	19	0	344	427	2773	2690	0.021	23.5
real_sura1_m9	CCDS35229.1|Hs110|chrX	44.828	29	16	0	184	270	2756	2670	0.028	29.5
real_sura1_m9	CCDS35229.1|Hs110|chrX	43.478	23	13	0	359	427	2668	2600	0.028	24.9
real_sura1_m9	CCDS35229.1|Hs110|chrX	45.000	20	11	0	166	225	2834	2775	0.088	23.1
real_sura1_m9	CCDS35229.1|Hs110|chrX	60.000	15	6	0	232	276	2771	2727	0.088	23.1
real_sura1_m9	CCDS35229.1|Hs110|chrX	53.846	13	6	0	347	385	2641	2603	0.088	22.1
real_sura1_m9	CCDS35229.1|Hs110|chrX	37.143	35	22	0	169	273	2965	2861	0.56	27.2
real_sura1_m9	CCDS35229.1|Hs110|chrX	34.783	23	15	0	347	415	2878	2810	0.56	22.6
real_sura1_m9	CCDS35229.1|Hs110|chrX	37.037	27	17	0	347	427	2977	2897	1.3	25.8
real_sura1_m9	CCDS35229.1|Hs110|chrX	37.500	32	20	0	181	276	3125	3030	1.3	22.6
real_sura1_m9	CCDS35229.1|Hs110|chrX	46.667	30	16	0	181	270	2708	2619	1.4	31.3
real_sura1_m9	CCDS35229.1|Hs110|chrX	42.857	28	16	0	344	427	3067	2984	2.7	30.4
real_sura1_m9	CCDS35229.1|Hs110|chrX	37.838	37	23	0	166	276	2522	2412	3.7	29.9
real_sura1_m9	CCDS35229.1|Hs110|chrX	40.741	27	16	0	347	427	2950	2870	4.3	24.4
real_sura1_m9	CCDS35229.1|Hs110|chrX	33.333	36	24	0	169	276	3085	2978	4.3	22.1
real_sura1_m9	CCDS46001.2|Hs110|chr19	44.444	27	15	0	347	427	1486	1406	0.053	28.6
real_sura1_m9	CCDS46001.2|Hs110|chr19	53.333	15	7	0	241	285	1606	1562	0.053	24.9
real_sura1_m9	CCDS92540.1|Hs110|chr19	44.444	27	15	0	347	427	1288	1208	0.053	28.6
real_sura1_m9	CCDS92540.1|Hs110|chr19	53.333	15	7	0	241	285	1408	1364	0.053	24.9
real_sura1_m9	CCDS46143.1|Hs110|chr19	47.368	19	10	0	344	400	2380	2436	0.12	28.6
real_sura1_m9	CCDS46143.1|Hs110|chr19	35.484	31	20	0	184	276	2299	2391	0.12	23.5
real_sura1_m9	CCDS54834.1|Hs110|chr5	36.842	38	24	0	157	270	3101	3214	0.15	34.5
real_sura1_m10	CCDS10896.1|Hs110|chr16	38.235	34	21	0	176	75	1944	1843	0.081	35.4
real_sura1_m10	CCDS10896.1|Hs110|chr16	44.444	27	15	0	106	186	1874	1954	9.5	28.6
real_sura1_m10	CCDS7093.1|Hs110|chr10	43.333	30	17	0	188	99	171	260	0.15	34.5
real_sura1_m10	CCDS33768.1|Hs110|chr3	45.833	24	13	0	354	283	3578	3649	0.17	32.7
real_sura1_m10	CCDS33768.1|Hs110|chr3	43.750	16	9	0	213	166	7425	7472	0.17	23.5
real_sura1_m10	CCDS76369.1|Hs110|chr11	34.146	41	27	0	6	128	9024	9146	0.27	27.2
real_sura1_m10	CCDS76369.1|Hs110|chr11	34.615	26	17	0	183	260	9216	9293	0.27	23.5
real_sura1_m10	CCDS76369.1|Hs110|chr11	33.333	30	20	0	171	260	8244	8333	0.37	26.3
real_sura1_m10	CCDS76369.1|Hs110|chr11	25.424	59	44	0	9	185	8043	8219	0.37	24.0
real_sura1_m10	CCDS76369.1|Hs110|chr11	33.333	27	18	0	168	248	10311	10391	1.2	24.9
real_sura1_m10	CCDS76369.1|Hs110|chr11	32.500	40	27	0	9	128	10089	10208	1.2	23.5
real_sura1_m10	CCDS76369.1|Hs110|chr11	35.000	40	26	0	9	128	10281	10400	1.4	28.6
real_sura1_m10	CCDS76369.1|Hs110|chr11	31.034	29	20	0	162	248	11199	11285	1.4	25.4
real_sura1_m10	CCDS76369.1|Hs110|chr11	35.484	31	20	0	162	254	7059	7151	3.7	29.9
real_sura1_m10	CCDS76369.1|Hs110|chr11	33.333	36	24	0	112	219	11443	11550	3.8	24.0
real_sura1_m10	CCDS76369.1|Hs110|chr11	33.333	39	26	0	9	125	11340	11456	3.8	22.6
real_sura1_m10	CCDS76369.1|Hs110|chr11	29.268	41	29	0	9	131	9051	9173	8.0	25.8
real_sura1_m10	CCDS76369.1|Hs110|chr11	37.037	27	17	0	168	248	11061	11141	8.0	25.4
real_sura1_m10	CCDS44342.1|Hs110|chr1	35.484	31	20	0	366	274	3136	3044	0.29	33.6
real_sura1_m11	CCDS30860.1|Hs110|chr1	48.485	33	17	0	101	3	7780	7878	0.006	34.5
real_sura1_m11	CCDS30860.1|Hs110|chr1	26.415	53	39	0	371	213	1042	1200	0.006	27.4
real_sura1_m11	CCDS30860.1|Hs110|chr1	48.485	33	17	0	101	3	8752	8850	0.008	34.5
real_sura1_m11	CCDS30860.1|Hs110|chr1	39.394	33	20	0	371	273	5905	6003	0.008	27.0
real_sura1_m11	CCDS30860.1|Hs110|chr1	45.455	33	18	0	101	3	5833	5931	0.18	31.9
real_sura1_m11	CCDS30860.1|Hs110|chr1	27.778	54	39	0	392	231	3598	3759	0.18	24.8
real_sura1_m11	CCDS30860.1|Hs110|chr1	45.455	33	18	0	101	3	970	1068	0.38	33.2
real_sura1_m11	CCDS30860.1|Hs110|chr1	45.455	33	18	0	101	3	1942	2040	0.56	31.0
real_sura1_m11	CCDS30860.1|Hs110|chr1	25.926	54	40	0	392	231	1651	1812	0.56	23.9
real_sura1_m11	CCDS30860.1|Hs110|chr1	48.148	27	14	0	83	3	3907	3987	0.74	31.0
real_sura1_m11	CCDS30860.1|Hs110|chr1	31.034	29	20	0	317	231	2701	2787	0.74	23.5
real_sura1_m11	CCDS93991.1|Hs110|chr6	41.176	34	20	0	194	295	523	422	0.019	35.0
real_sura1_m11	CCDS93991.1|Hs110|chr6	50.000	14	7	0	145	186	708	667	0.019	21.7
real_sura1_m11	CCDS59032.1|Hs110|chr6	41.379	29	17	0	194	280	94	8	0.059	31.3
real_sura1_m11	CCDS59032.1|Hs110|chr6	50.000	14	7	0	145	186	279	238	0.059	21.7
real_sura1_m11	CCDS14362.1|Hs110|chrX	37.500	24	15	0	242	313	1702	1631	0.15	34.5
real_sura1_m11	CCDS14362.1|Hs110|chrX	47.059	17	9	0	257	307	1699	1649	1.9	30.9
real_sura1_m11	CCDS75487.1|Hs110|chr6	32.558	43	29	0	161	289	923	1051	0.75	32.2
real_sura1_m12	CCDS91969.1|Hs110|chr15	28.571	77	55	0	89	319	952	1182	0.027	37.0
real_sura1_m12	CCDS91969.1|Hs110|chr15	27.143	70	51	0	89	298	826	1035	0.23	33.9
real_sura1_m12	CCDS91969.1|Hs110|chr15	28.571	77	55	0	89	319	847	1077	0.42	33.0
real_sura1_m12	CCDS91969.1|Hs110|chr15	22.936	109	84	0	89	415	1015	1341	0.78	32.1
real_sura1_m12	CCDS91969.1|Hs110|chr15	28.571	77	55	0	89	319	1237	1467	0.78	32.1
real_sura1_m12	CCDS91969.1|Hs110|chr15	31.111	45	31	0	89	223	1216	1350	1.1	26.0
real_sura1_m12	CCDS91969.1|Hs110|chr15	45.455	22	12	0	254	319	1339	1404	1.1	22.9
real_sura1_m12	CCDS91969.1|Hs110|chr15	31.111	45	31	0	89	223	1258	1392	1.4	25.5
real_sura1_m12	CCDS91969.1|Hs110|chr15	45.455	22	12	0	254	319	1381	1446	1.4	22.9
real_sura1_m12	CCDS91969.1|Hs110|chr15	28.571	77	55	0	89	319	910	1140	1.9	30.8
real_sura1_m12	CCDS91969.1|Hs110|chr15	29.412	68	48	0	143	346	859	1062	2.6	30.4
real_sura1_m12	CCDS91969.1|Hs110|chr15	33.333	45	30	0	89	223	1078	1212	4.1	26.4
real_sura1_m12	CCDS91969.1|Hs110|chr15	45.455	22	12	0	254	319	1297	1362	4.1	22.9
real_sura1_m12	CCDS91969.1|Hs110|chr15	30.508	59	41	0	143	319	838	1014	4.9	29.5
real_sura1_m12	CCDS33847.2|Hs110|chr3	39.394	33	20	0	329	427	4854	4952	0.065	29.5
real_sura1_m12	CCDS33847.2|Hs110|chr3	39.130	23	14	0	107	175	3078	3146	0.065	24.2
real_sura1_m12	CCDS33847.2|Hs110|chr3	60.000	10	4	0	231	260	3854	3883	0.065	22.1
real_sura1_m12	CCDS44871.1|Hs110|chr12	54.167	24	11	0	228	299	249	320	0.21	34.1
real_sura1_m12	CCDS8773.1|Hs110|chr12	54.167	24	11	0	228	299	249	320	0.21	34.1
real_sura1_m12	CCDS10284.1|Hs110|chr15	32.558	43	29	0	251	379	6735	6607	0.57	32.6
real_sura1_m13	CCDS32654.1|Hs110|chr17	32.727	55	37	0	10	174	439	275	1.94e-04	44.1
real_sura1_m13	CCDS32600.1|Hs110|chr17	30.612	49	34	0	7	153	25	171	0.006	39.1
real_sura1_m13	CCDS32600.1|Hs110|chr17	27.778	36	26	0	10	117	46	153	0.21	34.1
real_sura1_m13	CCDS32600.1|Hs110|chr17	27.027	37	27	0	7	117	31	141	1.0	31.8
real_sura1_m13	CCDS32600.1|Hs110|chr17	28.889	45	32	0	13	147	34	168	1.0	31.8
real_sura1_m13	CCDS32600.1|Hs110|chr17	32.258	31	21	0	43	135	46	138	6.9	29.0
real_sura1_m13	CCDS78262.1|Hs110|chr7	44.828	29	16	0	229	315	5025	5111	0.007	29.9
real_sura1_m13	CCDS78262.1|Hs110|chr7	46.667	15	8	0	7	51	1317	1361	0.007	26.3
real_sura1_m13	CCDS78262.1|Hs110|chr7	27.586	29	21	0	55	141	3531	3617	0.007	24.9
real_sura1_m13	CCDS78262.1|Hs110|chr7	24.000	50	38	0	133	282	4053	4202	0.049	28.6
real_sura1_m13	CCDS78262.1|Hs110|chr7	46.667	15	8	0	7	51	3573	3617	0.049	26.3
real_sura1_m13	CCDS78262.1|Hs110|chr7	37.500	16	10	0	367	414	4314	4361	0.049	23.1
real_sura1_m13	CCDS78262.1|Hs110|chr7	32.432	37	25	0	73	183	2763	2873	1.4	24.4
real_sura1_m13	CCDS78262.1|Hs110|chr7	61.538	13	5	0	10	48	1719	1757	1.4	24.0
real_sura1_m13	CCDS78262.1|Hs110|chr7	30.556	36	25	0	259	366	3255	3362	1.4	24.0
real_sura1_m13	CCDS247.1|Hs110|chr1	37.500	40	25	0	52	171	934	1053	0.029	29.9
real_sura1_m13	CCDS247.1|Hs110|chr1	40.000	25	15	0	292	366	1096	1170	0.029	24.4
real_sura1_m13	CCDS92955.1|Hs110|chr2	27.273	33	24	0	37	135	115	17	0.059	35.9
real_sura1_m14	CCDS91813.1|Hs110|chr13	30.000	40	28	0	147	28	151	32	0.21	34.1
real_sura1_m14	CCDS91813.1|Hs110|chr13	23.404	47	36	0	147	7	241	101	9.5	28.6
real_sura1_m14	CCDS13606.1|Hs110|chr21	29.091	55	39	0	171	7	199	35	0.21	34.1
real_sura1_m14	CCDS13606.1|Hs110|chr21	27.500	40	29	0	150	31	148	29	9.5	28.6
real_sura1_m14	CCDS8836.1|Hs110|chr12	26.087	46	34	0	168	31	418	281	0.21	34.1
real_sura1_m14	CCDS2175.1|Hs110|chr2	47.826	23	12	0	150	82	1678	1746	0.21	34.1
real_sura1_m14	CCDS2174.1|Hs110|chr2	47.826	23	12	0	150	82	1678	1746	0.21	34.1
real_sura1_m15	CCDS87384.1|Hs110|chr6	62.500	24	9	0	148	219	37	108	0.059	35.9
real_sura1_m15	CCDS75425.1|Hs110|chr6	62.500	24	9	0	148	219	37	108	0.059	35.9
real_sura1_m15	CCDS48010.2|Hs110|chr9	53.333	30	14	0	169	258	519	430	0.081	35.4
real_sura1_m15	CCDS35017.1|Hs110|chr9	44.737	38	21	0	142	255	174	287	0.11	35.0
real_sura1_m15	CCDS70.1|Hs110|chr1	43.590	39	22	0	142	258	1920	1804	0.11	35.0
real_sura1_m16	CCDS60538.1|Hs110|chr10	34.146	41	27	0	163	41	1879	2001	0.40	33.1
real_sura1_m16	CCDS41532.1|Hs110|chr10	34.146	41	27	0	163	41	2425	2547	0.40	33.1
real_sura1_m16	CCDS9489.1|Hs110|chr13	29.310	58	41	0	241	414	279	106	1.0	31.8
real_sura1_m16	CCDS87222.1|Hs110|chr4	66.667	18	6	0	76	23	2288	2341	1.0	31.8
real_sura1_m16	CCDS87221.1|Hs110|chr4	66.667	18	6	0	76	23	2537	2590	1.0	31.8
real_sura1_m17	CCDS41396.1|Hs110|chr1	38.636	44	27	0	10	141	1279	1148	0.011	29.5
real_sura1_m17	CCDS41396.1|Hs110|chr1	50.000	16	8	0	258	305	1166	1119	0.011	26.3
real_sura1_m17	CCDS41396.1|Hs110|chr1	40.000	40	24	0	22	141	1285	1166	0.015	29.0
real_sura1_m17	CCDS41396.1|Hs110|chr1	50.000	16	8	0	258	305	1184	1137	0.015	26.3
real_sura1_m17	CCDS41396.1|Hs110|chr1	38.596	57	35	0	22	192	1116	1286	0.017	37.7
real_sura1_m17	CCDS41396.1|Hs110|chr1	48.718	39	20	0	22	138	1134	1250	0.023	37.3
real_sura1_m17	CCDS41396.1|Hs110|chr1	48.718	39	20	0	22	138	1152	1268	0.023	37.3
real_sura1_m17	CCDS41396.1|Hs110|chr1	48.718	39	20	0	22	138	1170	1286	0.023	37.3
real_sura1_m17	CCDS41396.1|Hs110|chr1	37.500	56	35	0	10	177	1243	1076	0.29	33.6
real_sura1_m17	CCDS41396.1|Hs110|chr1	50.000	16	8	0	258	305	1202	1155	0.72	26.3
real_sura1_m17	CCDS41396.1|Hs110|chr1	38.235	34	21	0	40	141	1285	1184	0.72	23.1
real_sura1_m17	CCDS41396.1|Hs110|chr1	36.538	52	33	0	37	192	1113	1268	1.0	31.8
real_sura1_m17	CCDS41396.1|Hs110|chr1	26.190	42	31	0	147	22	1295	1170	1.9	30.9
real_sura1_m17	CCDS41396.1|Hs110|chr1	31.373	51	35	0	153	1	4466	4618	2.7	30.4
real_sura1_m17	CCDS41396.1|Hs110|chr1	38.636	44	27	0	10	141	1261	1130	5.0	29.5
real_sura1_m17	CCDS41396.1|Hs110|chr1	48.148	27	14	0	22	102	1002	1082	5.5	23.5
real_sura1_m17	CCDS41396.1|Hs110|chr1	33.333	39	26	0	76	192	1098	1214	5.5	22.6
real_sura1_m17	CCDS41396.1|Hs110|chr1	45.455	33	18	0	22	120	1188	1286	6.9	29.0
real_sura1_m17	CCDS41396.1|Hs110|chr1	45.455	22	12	0	87	22	1682	1617	6.9	29.0
real_sura1_m17	CCDS41396.1|Hs110|chr1	25.641	39	29	0	138	22	1268	1152	9.5	28.6
real_sura1_m17	CCDS41396.1|Hs110|chr1	25.641	39	29	0	138	22	1250	1134	9.5	28.6
real_sura1_m17	CCDS41396.1|Hs110|chr1	25.641	39	29	0	138	22	1232	1116	9.5	28.6
real_sura1_m17	CCDS91963.1|Hs110|chr15	23.200	125	96	0	402	28	1040	1414	0.012	38.2
real_sura1_m17	CCDS73699.1|Hs110|chr15	23.200	125	96	0	402	28	1118	1492	0.012	38.2
real_sura1_m17	CCDS91968.1|Hs110|chr15	23.404	94	72	0	411	130	1427	1708	0.031	36.8
real_sura1_m17	CCDS91968.1|Hs110|chr15	23.077	117	90	0	402	52	995	1345	0.081	35.4
real_sura1_m17	CCDS91967.1|Hs110|chr15	23.404	94	72	0	411	130	1445	1726	0.031	36.8
real_sura1_m17	CCDS91967.1|Hs110|chr15	23.077	117	90	0	402	52	1013	1363	0.081	35.4
real_sura1_m18	CCDS93179.1|Hs110|chr22	30.488	82	57	0	253	8	633	388	0.016	37.7
real_sura1_m18	CCDS92071.1|Hs110|chr16	48.387	31	16	0	253	161	2106	2198	0.016	37.7
real_sura1_m18	CCDS32351.1|Hs110|chr16	48.387	31	16	0	253	161	1971	2063	0.016	37.7
real_sura1_m18	CCDS14076.1|Hs110|chr22	30.488	82	57	0	253	8	633	388	0.016	37.7
real_sura1_m18	CCDS54278.1|Hs110|chr19	42.857	28	16	0	141	224	710	793	1.1	31.7
real_sura1_m19	CCDS46196.1|Hs110|chr19	29.268	41	29	0	157	35	3807	3929	7.52e-04	30.4
real_sura1_m19	CCDS46196.1|Hs110|chr19	18.667	75	61	0	370	146	3525	3749	7.52e-04	29.5
real_sura1_m19	CCDS46196.1|Hs110|chr19	25.455	55	41	0	202	38	3780	3944	0.55	32.7
real_sura1_m19	CCDS46196.1|Hs110|chr19	24.000	50	38	0	184	35	3690	3839	2.7	30.4
real_sura1_m19	CCDS46196.1|Hs110|chr19	23.214	56	43	0	202	35	3726	3893	2.7	30.4
real_sura1_m19	CCDS46196.1|Hs110|chr19	22.807	57	44	0	280	110	3774	3944	9.5	28.6
real_sura1_m19	CCDS11823.2|Hs110|chr18	35.294	34	22	0	211	110	219	118	0.012	31.8
real_sura1_m19	CCDS11823.2|Hs110|chr18	53.846	13	6	0	61	23	123	85	0.012	24.0
real_sura1_m19	CCDS11823.2|Hs110|chr18	35.484	31	20	0	202	110	228	136	0.022	30.9
real_sura1_m19	CCDS11823.2|Hs110|chr18	53.846	13	6	0	61	23	141	103	0.022	24.0
real_sura1_m19	CCDS11823.2|Hs110|chr18	50.000	14	7	0	151	110	213	172	0.79	25.4
real_sura1_m19	CCDS11823.2|Hs110|chr18	50.000	14	7	0	151	110	195	154	0.79	25.4
real_sura1_m19	CCDS11823.2|Hs110|chr18	53.846	13	6	0	61	23	177	139	0.79	24.0
real_sura1_m19	CCDS11823.2|Hs110|chr18	53.846	13	6	0	61	23	159	121	0.79	24.0
real_sura1_m19	CCDS11823.2|Hs110|chr18	35.294	34	22	0	211	110	201	100	1.0	31.8
real_sura1_m19	CCDS11823.2|Hs110|chr18	35.294	34	22	0	211	110	183	82	1.0	31.8
real_sura1_m19	CCDS11823.2|Hs110|chr18	53.846	13	6	0	148	110	228	190	1.4	24.4
real_sura1_m19	CCDS11823.2|Hs110|chr18	53.846	13	6	0	61	23	195	157	1.4	24.0
real_sura1_m19	CCDS8127.1|Hs110|chr11	20.779	77	61	0	325	95	676	906	0.017	37.7
real_sura1_m19	CCDS13858.1|Hs110|chr22	41.304	46	27	0	164	27	781	644	0.031	36.8
real_sura1_m19	CCDS5105.1|Hs110|chr6	40.000	40	24	0	137	18	325	444	0.081	35.4
